{
  "name": "Flaaffy",
  "nationalPokedexNumber": 180,
  "primaryType": "electric",
  "abilities": [
    "static",
    "h:plus"
  ],
  "baseStats": {
    "hp": 70,
    "attack": 55,
    "defence": 55,
    "special_attack": 80,
    "special_defence": 60,
    "speed": 45
  },
  "catchRate": 120,
  "maleRatio": 0.5,
  "shoulderMountable": false,
  "baseExperienceYield": 128,
  "experienceGroup": "medium_slow",
  "eggCycles": 20,
  "eggGroups": [
    "monster",
    "field"
  ],
  "moves": [
    "1:growl",
    "1:tackle",
    "6:thundershock",
    "9:thunderwave",
    "11:cottonspore",
    "16:charge",
    "20:takedown",
    "25:electroball",
    "29:confuseray",
    "34:powergem",
    "38:discharge",
    "43:cottonguard",
    "47:dazzlinggleam",
    "47:signalbeam",
    "52:lightscreen",
    "56:thunder",
    "tm:agility",
    "tm:attract",
    "tm:bodyslam",
    "tm:brickbreak",
    "tm:captivate",
    "tm:chargebeam",
    "tm:confide",
    "tm:confuseray",
    "tm:dazzlinggleam",
    "tm:dig",
    "tm:doubleteam",
    "tm:echoedvoice",
    "tm:eerieimpulse",
    "tm:electricterrain",
    "tm:electroball",
    "tm:endure",
    "tm:facade",
    "tm:firepunch",
    "tm:flash",
    "tm:fling",
    "tm:focuspunch",
    "tm:frustration",
    "tm:helpinghand",
    "tm:hiddenpower",
    "tm:icepunch",
    "tm:irontail",
    "tm:lightscreen",
    "tm:lowkick",
    "tm:naturalgift",
    "tm:powergem",
    "tm:poweruppunch",
    "tm:protect",
    "tm:raindance",
    "tm:reflect",
    "tm:rest",
    "tm:return",
    "tm:rocksmash",
    "tm:round",
    "tm:safeguard",
    "tm:secretpower",
    "tm:shockwave",
    "tm:sleeptalk",
    "tm:strength",
    "tm:substitute",
    "tm:sunnyday",
    "tm:swagger",
    "tm:swift",
    "tm:takedown",
    "tm:terablast",
    "tm:thunder",
    "tm:thunderbolt",
    "tm:thunderpunch",
    "tm:thunderwave",
    "tm:toxic",
    "tm:trailblaze",
    "tm:voltswitch",
    "tm:wildcharge",
    "tutor:afteryou",
    "tutor:attract",
    "tutor:bodyslam",
    "tutor:cottonspore",
    "tutor:counter",
    "tutor:curse",
    "tutor:defensecurl",
    "tutor:doubleedge",
    "tutor:doubleteam",
    "tutor:dynamicpunch",
    "tutor:electroweb",
    "tutor:endure",
    "tutor:firepunch",
    "tutor:flash",
    "tutor:focuspunch",
    "tutor:frustration",
    "tutor:growl",
    "tutor:headbutt",
    "tutor:healbell",
    "tutor:hiddenpower",
    "tutor:irontail",
    "tutor:lightscreen",
    "tutor:magnetrise",
    "tutor:megakick",
    "tutor:megapunch",
    "tutor:mimic",
    "tutor:protect",
    "tutor:raindance",
    "tutor:rest",
    "tutor:return",
    "tutor:rocksmash",
    "tutor:seismictoss",
    "tutor:shockwave",
    "tutor:signalbeam",
    "tutor:sleeptalk",
    "tutor:snore",
    "tutor:strength",
    "tutor:substitute",
    "tutor:swagger",
    "tutor:swift",
    "tutor:tackle",
    "tutor:thunder",
    "tutor:thunderpunch",
    "tutor:thundershock",
    "tutor:thunderwave",
    "tutor:toxic",
    "tutor:zapcannon"
  ],
  "labels": [
    "gen2"
  ],
  "pokedex": [
    "cobblemon.species.flaaffy.desc"
  ],
  "preEvolution": "mareep",
  "evolutions": [
    {
      "id": "flaaffy_ampharos",
      "variant": "level_up",
      "result": "ampharos",
      "consumeHeldItem": false,
      "learnableMoves": [
        "thunderpunch"
      ],
      "requirements": [
        {
          "variant": "level",
          "minLevel": 30
        }
      ]
    }
  ],
  "baseScale": 0.8,
  "hitbox": {
    "width": 1,
    "height": 1.75,
    "fixed": false
  },
  "baseFriendship": 70,
  "evYield": {
    "hp": 0,
    "attack": 0,
    "defence": 0,
    "special_attack": 2,
    "special_defence": 0,
    "speed": 0
  },
  "height": 8,
  "weight": 133,
  "aspects": [],
  "cannotDynamax": false
}