{
  "name": "Mareep",
  "nationalPokedexNumber": 179,
  "primaryType": "electric",
  "abilities": [
    "static",
    "h:plus"
  ],
  "baseStats": {
    "hp": 55,
    "attack": 40,
    "defence": 40,
    "special_attack": 65,
    "special_defence": 45,
    "speed": 35
  },
  "catchRate": 235,
  "maleRatio": 0.5,
  "shoulderMountable": false,
  "baseExperienceYield": 56,
  "experienceGroup": "medium_slow",
  "eggCycles": 20,
  "eggGroups": [
    "monster",
    "field"
  ],
  "moves": [
    "1:growl",
    "1:tackle",
    "4:thunderwave",
    "8:thundershock",
    "11:cottonspore",
    "15:charge",
    "18:takedown",
    "22:electroball",
    "25:confuseray",
    "29:powergem",
    "32:discharge",
    "36:cottonguard",
    "39:dazzlinggleam",
    "39:signalbeam",
    "43:lightscreen",
    "46:thunder",
    "egg:afteryou",
    "egg:agility",
    "egg:bodyslam",
    "egg:charge",
    "egg:eerieimpulse",
    "egg:electricterrain",
    "egg:electroweb",
    "egg:flatter",
    "egg:irontail",
    "egg:odorsleuth",
    "egg:reflect",
    "egg:safeguard",
    "egg:sandattack",
    "egg:screech",
    "egg:takedown",
    "tm:agility",
    "tm:attract",
    "tm:bodyslam",
    "tm:captivate",
    "tm:chargebeam",
    "tm:confide",
    "tm:confuseray",
    "tm:dazzlinggleam",
    "tm:dig",
    "tm:doubleteam",
    "tm:echoedvoice",
    "tm:eerieimpulse",
    "tm:electricterrain",
    "tm:electroball",
    "tm:endure",
    "tm:facade",
    "tm:flash",
    "tm:frustration",
    "tm:helpinghand",
    "tm:hiddenpower",
    "tm:irontail",
    "tm:lightscreen",
    "tm:naturalgift",
    "tm:powergem",
    "tm:protect",
    "tm:raindance",
    "tm:reflect",
    "tm:rest",
    "tm:return",
    "tm:round",
    "tm:safeguard",
    "tm:secretpower",
    "tm:shockwave",
    "tm:sleeptalk",
    "tm:substitute",
    "tm:sunnyday",
    "tm:swagger",
    "tm:takedown",
    "tm:terablast",
    "tm:thunder",
    "tm:thunderbolt",
    "tm:thunderwave",
    "tm:toxic",
    "tm:trailblaze",
    "tm:voltswitch",
    "tm:wildcharge",
    "tutor:afteryou",
    "tutor:attract",
    "tutor:bodyslam",
    "tutor:cottonspore",
    "tutor:curse",
    "tutor:defensecurl",
    "tutor:doubleedge",
    "tutor:doubleteam",
    "tutor:electroweb",
    "tutor:endure",
    "tutor:flash",
    "tutor:frustration",
    "tutor:growl",
    "tutor:headbutt",
    "tutor:healbell",
    "tutor:hiddenpower",
    "tutor:holdback",
    "tutor:irontail",
    "tutor:lightscreen",
    "tutor:magnetrise",
    "tutor:mimic",
    "tutor:protect",
    "tutor:raindance",
    "tutor:reflect",
    "tutor:rest",
    "tutor:return",
    "tutor:safeguard",
    "tutor:screech",
    "tutor:shockwave",
    "tutor:signalbeam",
    "tutor:sleeptalk",
    "tutor:snore",
    "tutor:substitute",
    "tutor:swagger",
    "tutor:swift",
    "tutor:tackle",
    "tutor:takedown",
    "tutor:thunder",
    "tutor:thunderbolt",
    "tutor:thundershock",
    "tutor:thunderwave",
    "tutor:toxic",
    "tutor:zapcannon"
  ],
  "labels": [
    "gen2"
  ],
  "pokedex": [
    "cobblemon.species.mareep.desc"
  ],
  "evolutions": [
    {
      "id": "mareep_flaaffy",
      "variant": "level_up",
      "result": "flaaffy",
      "consumeHeldItem": false,
      "learnableMoves": [],
      "requirements": [
        {
          "variant": "level",
          "minLevel": 15
        }
      ]
    }
  ],
  "baseScale": 0.8,
  "hitbox": {
    "width": 1,
    "height": 1,
    "fixed": false
  },
  "baseFriendship": 70,
  "evYield": {
    "hp": 0,
    "attack": 0,
    "defence": 0,
    "special_attack": 1,
    "special_defence": 0,
    "speed": 0
  },
  "height": 6,
  "weight": 78,
  "aspects": [],
  "cannotDynamax": false
}