{
	"format_version": "1.12.0",
	"minecraft:geometry": [
		{
			"description": {
				"identifier": "geometry.pelipper",
				"texture_width": 64,
				"texture_height": 64,
				"visible_bounds_width": 4,
				"visible_bounds_height": 2.5,
				"visible_bounds_offset": [0, 0.75, 0]
			},
			"bones": [
				{
					"name": "bb_main",
					"pivot": [0, 0, 0]
				},
				{
					"name": "root",
					"parent": "bb_main",
					"pivot": [0, 0, 0]
				},
				{
					"name": "upperbody",
					"parent": "root",
					"pivot": [0, 1, 0]
				},
				{
					"name": "leftWing",
					"parent": "upperbody",
					"pivot": [3.5, 6, 0.5],
					"cubes": [
						{"origin": [1, 5, -1.5], "size": [6, 2, 4], "uv": [24, 0], "mirror": true}
					]
				},
				{
					"name": "bone2",
					"parent": "leftWing",
					"pivot": [7, 6, 0.5],
					"cubes": [
						{"origin": [7, 5, -2], "size": [5, 2, 5], "uv": [41, 27], "mirror": true}
					]
				},
				{
					"name": "bone3",
					"parent": "bone2",
					"pivot": [12, 6, 0.5],
					"cubes": [
						{"origin": [12, 5, -2], "size": [5, 2, 5], "uv": [20, 43], "mirror": true}
					]
				},
				{
					"name": "rightWing",
					"parent": "upperbody",
					"pivot": [-3.5, 6, 0.5],
					"cubes": [
						{"origin": [-7, 5, -1.5], "size": [6, 2, 4], "uv": [24, 0]}
					]
				},
				{
					"name": "bone5",
					"parent": "rightWing",
					"pivot": [-7, 6, 0.5],
					"cubes": [
						{"origin": [-12, 5, -2], "size": [5, 2, 5], "uv": [41, 27]}
					]
				},
				{
					"name": "bone6",
					"parent": "bone5",
					"pivot": [-12, 6, 0.5],
					"cubes": [
						{"origin": [-17, 5, -2], "size": [5, 2, 5], "uv": [20, 43]}
					]
				},
				{
					"name": "eye",
					"parent": "upperbody",
					"pivot": [0.5, 0, 0],
					"cubes": [
						{"origin": [-2.525, 10, -1], "size": [0, 2, 2], "uv": [11, 49]}
					]
				},
				{
					"name": "eye2",
					"parent": "upperbody",
					"pivot": [5.925, 0, 0],
					"cubes": [
						{"origin": [2.55, 10, -1], "size": [0, 2, 2], "uv": [11, 49]}
					]
				},
				{
					"name": "body2",
					"parent": "upperbody",
					"pivot": [0, 0, 1],
					"cubes": [
						{"origin": [-3.5, 1.5, -2], "size": [7, 7, 5], "uv": [0, 27]},
						{"origin": [-2.5, 6.2, -2], "size": [5, 7, 5], "uv": [0, 39]},
						{"origin": [-1, 8.3, -2.5], "size": [2, 5, 3], "uv": [0, 51]},
						{"origin": [-1, 10.61629, -3.32828], "size": [2, 3, 1], "pivot": [0, 12.16629, -2.82828], "rotation": [20, 0, 0], "uv": [20, 60]},
						{"origin": [-3, 12.875, -2.8], "size": [6, 1, 4], "pivot": [0, 12.9, -0.8], "rotation": [5, 0, 0], "uv": [26, 20]},
						{"origin": [-3, 12.9, 1], "size": [6, 1, 3], "pivot": [0, 12.9, 2.5], "rotation": [-5, 0, 0], "uv": [46, 21]},
						{"origin": [-3, 1.9, 2], "size": [6, 6, 5], "pivot": [0.5, 5.9, 4.5], "rotation": [10, 0, 0], "uv": [24, 32]},
						{"origin": [-2.5, 4, 0.6], "size": [5, 5, 8], "pivot": [0.5, 5.8, 4.5], "rotation": [-22.5, 0, 0], "uv": [0, 14]}
					]
				},
				{
					"name": "beak",
					"parent": "upperbody",
					"pivot": [0, 0, -1],
					"cubes": [
						{"origin": [-4, 2, -10], "size": [8, 6, 8], "uv": [0, 0]},
						{"origin": [-3, 1, -8.5], "size": [6, 6, 10], "uv": [32, 48]}
					]
				},
				{
					"name": "beakTop",
					"parent": "beak",
					"pivot": [0, 8.5, -2],
					"cubes": [
						{"origin": [-2, 6.4, -4.9], "size": [4, 3, 3], "uv": [24, 26]},
						{"origin": [-3.5, 8, -9.9], "size": [7, 1, 8], "uv": [24, 7]}
					]
				},
				{
					"name": "leftFoot",
					"parent": "root",
					"pivot": [2.5, 0.5, 0],
					"cubes": [
						{"origin": [1.5, 0, -3], "size": [2, 1, 4], "uv": [8, 58]}
					]
				},
				{
					"name": "rightFoot",
					"parent": "root",
					"pivot": [-2.5, 0.5, 0],
					"cubes": [
						{"origin": [-3.5, 0, -3], "size": [2, 1, 4], "uv": [0, 59]}
					]
				}
			]
		}
	]
}