{
	"format_version": "1.12.0",
	"minecraft:geometry": [
		{
			"description": {
				"identifier": "geometry.wingull",
				"texture_width": 32,
				"texture_height": 32,
				"visible_bounds_width": 4,
				"visible_bounds_height": 2.5,
				"visible_bounds_offset": [0, 0.75, 0]
			},
			"bones": [
				{
					"name": "root",
					"pivot": [0, 0, 0]
				},
				{
					"name": "bone",
					"parent": "root",
					"pivot": [0, 0, 0]
				},
				{
					"name": "body",
					"parent": "bone",
					"pivot": [0, 0, 0],
					"cubes": [
						{"origin": [-2, 0.5, -2], "size": [4, 4, 3], "uv": [14, 9]},
						{"origin": [-1.5, 0.7, 0], "size": [3, 3, 3], "pivot": [0, 2.2, 1.5], "rotation": [-5, 0, 0], "uv": [18, 2]},
						{"origin": [-2, 4, 0], "size": [4, 2, 0], "pivot": [0, 5, 0], "rotation": [-57.5, 0, 0], "uv": [0, 19]}
					]
				},
				{
					"name": "face",
					"parent": "body",
					"pivot": [0, 0, 0],
					"cubes": [
						{"origin": [-2, 2.2, -2.1], "size": [4, 2, 0], "uv": [0, 25]}
					]
				},
				{
					"name": "beak",
					"parent": "body",
					"pivot": [0, 1.9, -2],
					"cubes": [
						{"origin": [-1, 0.9, -7], "size": [2, 2, 5], "uv": [0, 12]}
					]
				},
				{
					"name": "bottomBeak",
					"parent": "beak",
					"pivot": [0, 1.1, -2],
					"cubes": [
						{"origin": [-0.75, 0.6, -6.8], "size": [1.5, 1, 5], "uv": [9, 16]}
					]
				},
				{
					"name": "tail",
					"parent": "body",
					"pivot": [0, 1.5, 2.9],
					"rotation": [15, 0, 0],
					"cubes": [
						{"origin": [-1, 1.5, 2.9], "size": [2, 0, 5], "uv": [12, 0]},
						{"origin": [-0.5, 1.4, 2.9], "size": [2, 0, 4], "pivot": [0.5, 1.4, 2.9], "rotation": [0, 20, 0], "uv": [12, 16]},
						{"origin": [-1.5, 1.4, 2.9], "size": [2, 0, 4], "pivot": [-0.5, 1.4, 2.9], "rotation": [0, -20, 0], "uv": [5, 12]}
					]
				},
				{
					"name": "leftWing",
					"parent": "body",
					"pivot": [2, 2, -0.5],
					"cubes": [
						{"origin": [2, 2, -2], "size": [7, 0, 3], "uv": [0, 9]}
					]
				},
				{
					"name": "bone2",
					"parent": "leftWing",
					"pivot": [9, 2, -0.5],
					"cubes": [
						{"origin": [9, 2, -2], "size": [8, 0, 3], "uv": [-3, 6]}
					]
				},
				{
					"name": "rightWing",
					"parent": "body",
					"pivot": [-2, 2, -0.5],
					"cubes": [
						{"origin": [-9, 2, -2], "size": [7, 0, 3], "uv": [0, 9], "mirror": true}
					]
				},
				{
					"name": "bone3",
					"parent": "rightWing",
					"pivot": [-9, 2, -0.5],
					"cubes": [
						{"origin": [-17, 2, -2], "size": [8, 0, 3], "uv": [-3, 6], "mirror": true}
					]
				},
				{
					"name": "leftFoot",
					"parent": "bone",
					"pivot": [1, 0.5, 0.75],
					"cubes": [
						{"origin": [0.5, 0, -1.1], "size": [1, 1, 2], "uv": [0, 21]}
					]
				},
				{
					"name": "rightFoot",
					"parent": "bone",
					"pivot": [-1, 0.5, 0.75],
					"cubes": [
						{"origin": [-1.5, 0, -1.1], "size": [1, 1, 2], "uv": [18, 18]}
					]
				}
			]
		}
	]
}