{
	"format_version": "1.12.0",
	"minecraft:geometry": [
		{
			"description": {
				"identifier": "geometry.kirlia",
				"texture_width": 64,
				"texture_height": 64,
				"visible_bounds_width": 4,
				"visible_bounds_height": 2.5,
				"visible_bounds_offset": [0, 0.75, 0]
			},
			"bones": [
				{
					"name": "all",
					"pivot": [0, 0, 0]
				},
				{
					"name": "body",
					"parent": "all",
					"pivot": [0, 13.75, 0],
					"cubes": [
						{"origin": [-2, 6, -1.5], "size": [4, 5, 3], "uv": [0, 18]},
						{"origin": [-1, 11, -1], "size": [2, 3, 2], "uv": [0, 0]}
					]
				},
				{
					"name": "skirt_left",
					"parent": "body",
					"pivot": [2, 7, 0],
					"cubes": [
						{"origin": [1, 7, -4.5], "size": [6, 0, 9], "uv": [0, 0]}
					]
				},
				{
					"name": "skirt_right",
					"parent": "body",
					"pivot": [-2, 7, 0],
					"cubes": [
						{"origin": [-7, 7, -4.5], "size": [6, 0, 9], "uv": [0, 9]}
					]
				},
				{
					"name": "arm_left",
					"parent": "body",
					"pivot": [1, 12.5, 0],
					"cubes": [
						{"origin": [4, 11, -0.5], "size": [4, 2, 1], "uv": [27, 0]},
						{"origin": [1, 12, -0.5], "size": [3, 1, 1], "uv": [0, 14]}
					]
				},
				{
					"name": "arm_right",
					"parent": "body",
					"pivot": [-1, 12.5, 0],
					"cubes": [
						{"origin": [-4, 12, -0.5], "size": [3, 1, 1], "uv": [0, 12]},
						{"origin": [-8, 11, -0.5], "size": [4, 2, 1], "uv": [26, 24]}
					]
				},
				{
					"name": "leg_right",
					"parent": "body",
					"pivot": [-1, 6, 0],
					"cubes": [
						{"origin": [-1.5, 0, -0.5], "size": [1, 6, 1], "uv": [0, 5]}
					]
				},
				{
					"name": "leg_left",
					"parent": "body",
					"pivot": [1, 6, 0],
					"cubes": [
						{"origin": [0.5, 0, -0.5], "size": [1, 6, 1], "uv": [4, 5]}
					]
				},
				{
					"name": "head",
					"parent": "all",
					"pivot": [0, 14, 0],
					"cubes": [
						{"origin": [-3, 9.25, -1], "size": [1, 6, 4], "pivot": [-3, 15.25, 1], "rotation": [0, 0, 20], "uv": [21, 0]},
						{"origin": [-3, 14, -3], "size": [6, 6, 6], "uv": [15, 12]},
						{"origin": [-3.25, 19.75, -2], "size": [1, 2, 4], "pivot": [-2.5, 20, 0], "rotation": [0, 0, -35], "uv": [0, 26]},
						{"origin": [2.25, 19.75, -2], "size": [1, 2, 4], "pivot": [2.5, 20, 0], "rotation": [0, 0, 35], "uv": [20, 24]},
						{"origin": [-2, 15, -4], "size": [4, 5, 1], "uv": [29, 29]},
						{"origin": [2, 9.25, -1], "size": [1, 6, 4], "pivot": [3, 15.25, 1], "rotation": [0, 0, -20], "uv": [10, 24]}
					]
				}
			]
		}
	]
}