{
	"format_version": "1.8.0",
	"animations": {
		"animation.tatsugiri2.ground_idle": {
			"loop": true,
			"bones": {
				"tatsugiri": {
					"position": [0, 0, -3]
				},
				"torso": {
					"rotation": [-7.5, 0, "0+math.sin(q.anim_time*90*3)*1"]
				},
				"neck": {
					"rotation": [-90, 0, "0+math.sin(q.anim_time*90*3-60)*2"],
					"position": [0, -1, 0]
				},
				"head": {
					"rotation": ["90+math.sin(q.anim_time*90*6-90)*1", 0, 0],
					"position": [0, 0, 1]
				},
				"fin_left": {
					"rotation": ["-90+math.sin(q.anim_time*90*3+60)*2", 0, -60],
					"position": [0.25, 2.5, 4.75]
				},
				"fin_left2": {
					"rotation": [0, "-45+math.sin(q.anim_time*90*3)*5", 0],
					"position": [0.27172, -0.02611, 0.07406]
				},
				"tail": {
					"rotation": ["5+math.sin(q.anim_time*90*3-90)*2", "0+math.sin(q.anim_time*90*1.5-90)*2", 0],
					"position": [0, -0.28049, -0.21523]
				},
				"fin_right": {
					"rotation": ["-90+math.sin(q.anim_time*90*3+60)*2", 0, 60],
					"position": [-0.25, 2.5, 4.75]
				},
				"fin_right2": {
					"rotation": [0, "45+math.sin(q.anim_time*90*3)*5", 0],
					"position": [-0.27172, -0.02611, 0.07406]
				},
				"fin_top": {
					"position": [0, 0.25, -3]
				},
				"fin_top2": {
					"rotation": [70, 0, 0],
					"position": [0, -1.5, 1.75]
				},
				"fin_top3": {
					"rotation": [-47.5, 0, 0],
					"position": [0, -0.34202, -0.93969]
				},
				"fin_top4": {
					"rotation": [-20, 0, 0],
					"position": [0, -0.36627, -0.42231]
				}
			}
		},
		"animation.tatsugiri2.ground_walk": {
			"loop": true,
			"bones": {
				"tatsugiri": {
					"position": [0, 0, -3]
				},
				"torso": {
					"rotation": [-7.5, 0, "0+math.sin(q.anim_time*90*5)*5"]
				},
				"neck": {
					"rotation": [-90, "0-math.sin(q.anim_time*90*5)*5", 0],
					"position": [0, -1, 0]
				},
				"head": {
					"rotation": [90, 0, 0],
					"position": [0, 0, 1]
				},
				"fin_left": {
					"rotation": ["-90+math.sin(q.anim_time*90*5)*10", "0+math.sin(q.anim_time*90*5)*10", -60],
					"position": [0.25, 2.5, 4.75]
				},
				"fin_left2": {
					"rotation": [0, "-45+math.sin(q.anim_time*90*5+60)*15", "0+math.sin(q.anim_time*90*5+60)*15"],
					"position": [0.27172, -0.02611, 0.07406]
				},
				"tail": {
					"rotation": [5, "0-math.sin(q.anim_time*90*5)*5", "0+math.sin(q.anim_time*90*5-90)*5"],
					"position": [0, -0.28049, -0.21523]
				},
				"fin_right": {
					"rotation": ["-90+math.sin(q.anim_time*90*5)*10", "0+math.sin(q.anim_time*90*5)*10", 60],
					"position": [-0.25, 2.5, 4.75]
				},
				"fin_right2": {
					"rotation": [0, "45+math.sin(q.anim_time*90*5+60)*15", "0+math.sin(q.anim_time*90*5+60)*15"],
					"position": [-0.27172, -0.02611, 0.07406]
				},
				"fin_top": {
					"position": [0, 0.25, -3]
				},
				"fin_top2": {
					"rotation": [70, 0, 0],
					"position": [0, -1.5, 1.75]
				},
				"fin_top3": {
					"rotation": [-47.5, 0, 0],
					"position": [0, -0.34202, -0.93969]
				},
				"fin_top4": {
					"rotation": [-20, 0, 0],
					"position": [0, -0.36627, -0.42231]
				}
			}
		},
		"animation.tatsugiri2.water_idle": {
			"loop": true,
			"bones": {
				"body": {
					"position": [0, "0-math.sin(q.anim_time*90*2.5)*0.04", 0]
				},
				"torso": {
					"rotation": ["0-math.sin(q.anim_time*90*10-120)*0.5", "0+math.sin(q.anim_time*90*5-120)*1", 0]
				},
				"neck": {
					"rotation": ["0-math.sin(q.anim_time*90*10-90)*0.2", "0+math.sin(q.anim_time*90*5-90)*1", 0]
				},
				"head": {
					"rotation": ["0+math.sin(q.anim_time*90*10-60)*0.5", "0+math.sin(q.anim_time*90*5-60)*0.5", 0]
				},
				"fin_top": {
					"rotation": [0, 0, 0]
				},
				"fin_left": {
					"rotation": [-8.58445, "59.6245-math.sin(q.anim_time*90*10-60)*1", -9.92499],
					"position": ["0.5-math.sin(q.anim_time*90*5-90)*0.02", 0, 0]
				},
				"fin_left2": {
					"rotation": [0, "0-math.sin(q.anim_time*90*10-90)*1.5", 0]
				},
				"fin_right": {
					"rotation": [-8.58445, "-59.62450+math.sin(q.anim_time*90*10-60)*1", 9.92499],
					"position": ["-0.5-math.sin(q.anim_time*90*5-90)*0.02", 0, 0]
				},
				"fin_right2": {
					"rotation": [0, "0+math.sin(q.anim_time*90*10-90)*1.5", 0]
				},
				"tail": {
					"rotation": ["0-math.sin(q.anim_time*90*10-150)*3", "0-math.sin(q.anim_time*90*5-150)*5", 0],
					"position": [0, 0, -0.25]
				}
			}
		},
		"animation.tatsugiri2.water_swim": {
			"loop": true,
			"bones": {
				"body": {
					"position": [0, "0-math.sin(q.anim_time*90*2.5)*0.2", 0]
				},
				"torso": {
					"rotation": ["0-math.sin(q.anim_time*90*10-120)*2.5", "0+math.sin(q.anim_time*90*5-120)*5", 0]
				},
				"neck": {
					"rotation": ["0-math.sin(q.anim_time*90*10-90)*1", "0+math.sin(q.anim_time*90*5-90)*5", 0]
				},
				"head": {
					"rotation": ["0+math.sin(q.anim_time*90*10-60)*2.5", "0+math.sin(q.anim_time*90*5-60)*2.5", 0]
				},
				"fin_top": {
					"rotation": [0, 0, 0]
				},
				"fin_left": {
					"rotation": [-8.58445, "59.6245-math.sin(q.anim_time*90*10-60)*5", -9.92499],
					"position": ["0.5-math.sin(q.anim_time*90*5-90)*0.1", 0, 0]
				},
				"fin_left2": {
					"rotation": [0, "0-math.sin(q.anim_time*90*10-90)*7.5", 0]
				},
				"fin_right": {
					"rotation": [-8.58445, "-59.62450+math.sin(q.anim_time*90*10-60)*5", 9.92499],
					"position": ["-0.5-math.sin(q.anim_time*90*5-90)*0.1", 0, 0]
				},
				"fin_right2": {
					"rotation": [0, "0+math.sin(q.anim_time*90*10-90)*7.5", 0]
				},
				"tail": {
					"rotation": ["0-math.sin(q.anim_time*90*10-150)*15", "0-math.sin(q.anim_time*90*5-150)*25", 0],
					"position": [0, 0, -0.25]
				}
			}
		},
		"animation.tatsugiri2.sleep": {
			"loop": true,
			"bones": {
				"torso": {
					"rotation": [17.56274, -4.76804, -1.50701]
				},
				"neck": {
					"rotation": [-30.09257, -0.34069, -5.57839],
					"position": [0, -0.31361, 0.16325]
				},
				"head": {
					"rotation": ["-20.2836+math.sin(q.anim_time*90*1-90)*1", 9.39129, -3.45118],
					"position": [0.01479, 0.05257, 0.24396]
				},
				"eyelid_right": {
					"position": [0, 0, -0.1]
				},
				"eyelid_left": {
					"position": [0, 0, -0.1]
				},
				"mouth": {
					"rotation": ["30.8743-math.sin(q.anim_time*90*1-90)*1", -10.66651, 7.4621],
					"position": [-0.61055, 1.96717, 4.8213],
					"scale": [1.2, 2, 3]
				},
				"fin_top3": {
					"rotation": [12.5, 0, 0],
					"position": [0, -0.24407, 0.05411]
				},
				"fin_top4": {
					"rotation": [5, 0, 0],
					"position": [0, 0.23815, -0.10822]
				},
				"fin_left": {
					"rotation": [-36.51073, 77.52294, "-37.1678+math.sin(q.anim_time*90*1-90)*2"],
					"position": [0, 1.90743, 0.60141]
				},
				"fin_left2": {
					"rotation": [0, 0, 0]
				},
				"fin_right": {
					"rotation": [-36.51073, -77.52294, "37.1678+math.sin(q.anim_time*90*1-90)*2"],
					"position": [0, 1.90743, 0.60141]
				},
				"fin_right2": {
					"rotation": [0, 0, 0]
				},
				"tail": {
					"rotation": ["35.2921-math.sin(q.anim_time*90*1-90)*2", -1.21084, -6.96258],
					"position": [0, -0.43046, -0.56099]
				}
			}
		},
		"animation.tatsugiri2.blink": {
			"animation_length": 0.16667,
			"bones": {
				"eyelid_right": {
					"position": {
						"0.0": [0, 0, -0.1],
						"0.125": [0, 0, -0.1],
						"0.1667": [0, 0, 0]
					}
				},
				"eyelid_left": {
					"position": {
						"0.0": [0, 0, -0.1],
						"0.125": [0, 0, -0.1],
						"0.1667": [0, 0, 0]
					}
				}
			}
		}
	}
}