{
	"format_version": "1.12.0",
	"minecraft:geometry": [
		{
			"description": {
				"identifier": "geometry.tatsugiri",
				"texture_width": 32,
				"texture_height": 32,
				"visible_bounds_width": 3,
				"visible_bounds_height": 2.5,
				"visible_bounds_offset": [0, 0.75, 0]
			},
			"bones": [
				{
					"name": "tatsugiri",
					"pivot": [0, 0, 0]
				},
				{
					"name": "body",
					"parent": "tatsugiri",
					"pivot": [0, 1, -2.5]
				},
				{
					"name": "torso",
					"parent": "body",
					"pivot": [0, 1, -2.5],
					"cubes": [
						{"origin": [-1.5, 0.75, -1.2499], "size": [3, 3, 6], "uv": [0, 0]}
					]
				},
				{
					"name": "neck",
					"parent": "torso",
					"pivot": [0.001, 2.2499, -0.5],
					"cubes": [
						{"origin": [-1.999, 0.7499, -5.75], "size": [4, 3, 5], "uv": [0, 10]}
					]
				},
				{
					"name": "head",
					"parent": "neck",
					"pivot": [0, 2.25, -5.5],
					"cubes": [
						{"origin": [-2, 0.75, -8.25], "size": [4, 3, 3], "uv": [16, 7]}
					]
				},
				{
					"name": "eyes",
					"parent": "head",
					"pivot": [0, -2, -7.5]
				},
				{
					"name": "eye_right",
					"parent": "eyes",
					"pivot": [1.025, 2, -8.2605],
					"cubes": [
						{"origin": [0.6, 1, -8.26], "size": [1, 2, 0], "uv": [0, 10]},
						{"origin": [0.45, 1.5, -8.261], "size": [1, 1, 0], "uv": [0, 13]}
					]
				},
				{
					"name": "eyelid_right",
					"parent": "eye_right",
					"pivot": [1.1, 2, -8.16],
					"cubes": [
						{"origin": [-0.4, 1, -8.16], "size": [2, 2, 0], "inflate": 0.01, "uv": [24, 26]}
					]
				},
				{
					"name": "eye_left",
					"parent": "eyes",
					"pivot": [-1.025, 2, -8.2605],
					"cubes": [
						{"origin": [-1.6, 1, -8.26], "size": [1, 2, 0], "uv": [11, 19]},
						{"origin": [-1.45, 1.5, -8.261], "size": [1, 1, 0], "uv": [0, 4]}
					]
				},
				{
					"name": "eyelid_left",
					"parent": "eye_left",
					"pivot": [-1.1, 2, -8.16],
					"cubes": [
						{"origin": [-1.6, 1, -8.16], "size": [2, 2, 0], "inflate": 0.01, "uv": [19, 26]}
					]
				},
				{
					"name": "mouth",
					"parent": "head",
					"pivot": [0, 1, -6.75],
					"cubes": [
						{"origin": [-1.5, 0, -7.75], "size": [3, 1, 2], "uv": [19, 22]}
					]
				},
				{
					"name": "fin_top",
					"parent": "neck",
					"pivot": [0, 3.83333, -2.25]
				},
				{
					"name": "fin_top2",
					"parent": "fin_top",
					"pivot": [0, 3.75, -4.25],
					"cubes": [
						{"origin": [0, 3.25, -5.75], "size": [0, 2, 3], "uv": [4, 26]}
					]
				},
				{
					"name": "fin_top3",
					"parent": "fin_top2",
					"pivot": [0, 3.75, -2.75],
					"cubes": [
						{"origin": [0, 2.75, -2.75], "size": [0, 2, 1], "uv": [0, 0]}
					]
				},
				{
					"name": "fin_top4",
					"parent": "fin_top3",
					"pivot": [0, 3.75, -0.25],
					"cubes": [
						{"origin": [0, 3.25, -1.75], "size": [0, 2, 3], "uv": [0, 23]}
					]
				},
				{
					"name": "fin_left",
					"parent": "torso",
					"pivot": [-2, 2, -4.5],
					"cubes": [
						{"origin": [-6, 1, -5], "size": [4, 2, 1], "uv": [0, 19]}
					]
				},
				{
					"name": "fin_left2",
					"parent": "fin_left",
					"pivot": [-6, 2, -4.5],
					"cubes": [
						{"origin": [-8, 1, -5], "size": [2, 2, 1], "uv": [11, 26]}
					]
				},
				{
					"name": "fin_right",
					"parent": "torso",
					"pivot": [2, 2, -4.5],
					"cubes": [
						{"origin": [2, 1, -5], "size": [4, 2, 1], "uv": [13, 0]}
					]
				},
				{
					"name": "fin_right2",
					"parent": "fin_right",
					"pivot": [6, 2, -4.5],
					"cubes": [
						{"origin": [6, 1, -5], "size": [2, 2, 1], "uv": [24, 14]}
					]
				},
				{
					"name": "tail",
					"parent": "torso",
					"pivot": [0, 2.25, 3.9167],
					"cubes": [
						{"origin": [-1, 1.25, 4.7501], "size": [2, 2, 4], "uv": [15, 15]},
						{"origin": [-0.69391, 2.25, 7.38069], "size": [2, 0, 3], "pivot": [0, 2.25, 7.5], "rotation": [0, 32.5, 0], "uv": [8, 22]},
						{"origin": [-1.30609, 2.25, 7.38069], "size": [2, 0, 3], "pivot": [0, 2.25, 7.5], "rotation": [0, -32.5, 0], "uv": [21, 1]}
					]
				}
			]
		}
	]
}