{
	"format_version": "1.8.0",
	"animations": {
		"animation.masquerain.ground_idle": {
			"loop": true,
			"bones": {
				"body": {
					"rotation": ["-30+math.cos(((query.anim_time) - (0.5/4)) * 45 * 2) * (-2 * 1)", 0, 0],
					"position": [0, "math.cos(((query.anim_time) - (0.5/4)) * 45 * 2) * (1 * 1)", 0]
				},
				"head": {
					"rotation": ["40+math.sin(((query.anim_time) - (0.5/4)) * 45 * 2) * (-3 * 1)", 0, 0],
					"position": [0, 0, 1.5]
				},
				"stem": {
					"rotation": ["math.sin(((query.anim_time) - (0.5/4)) * 45 * 2) * (-3 * 1)", 0, 0]
				},
				"stem2": {
					"rotation": ["math.sin(((query.anim_time) - (0.5/4)) * 45 * 2) * (-3 * 1)", 0, 0]
				},
				"right_fan": {
					"rotation": [0, 0, "math.sin(((query.anim_time) - (0.5/4)) * 45 * 2) * (3 * 1)"]
				},
				"left_fan": {
					"rotation": [0, 0, "math.sin(((query.anim_time) - (0.5/4)) * 45 * 2) * (-3 * 1)"]
				},
				"right_wing1": {
					"rotation": [0, "math.sin(((query.anim_time) - (0.5/4)) * 180 * 10) * (-18 * 2)", "-15+math.sin(((query.anim_time) - (0.5/4)) * 180 * 10) * (-18 * 2)"]
				},
				"right_wing2": {
					"rotation": [0, "math.sin(((query.anim_time) - (0.5/4)) * 180 * -10) * (-12 * 2)", "15+math.sin(((query.anim_time) - (0.5/4)) * 180 * 10) * (18 * 2)"]
				},
				"left_wing1": {
					"rotation": [0, "math.sin(((query.anim_time) - (0.5/4)) * 180 * 10) * (18 * 2)", "15+math.sin(((query.anim_time) - (0.5/4)) * 180 * 10) * (18 * 2)"]
				},
				"left_wing2": {
					"rotation": [0, "math.sin(((query.anim_time) - (0.5/4)) * 180 * -10) * (12 * 2)", "-15+math.sin(((query.anim_time) - (0.5/4)) * 180 * 10) * (-18 * 2)"]
				}
			}
		},
		"animation.masquerain.ground_walk": {
			"loop": true,
			"bones": {
				"body": {
					"rotation": ["math.cos(((query.anim_time) - (0.5/4)) * 45 * 2) * (-2 * 1)", 0, 0],
					"position": [0, "math.cos(((query.anim_time) - (0.5/4)) * 45 * 2) * (1 * 1)", 0]
				},
				"head": {
					"rotation": ["math.sin(((query.anim_time) - (0.5/4)) * 45 * 2) * (-3 * 1)", 0, 0]
				},
				"stem": {
					"rotation": ["-10+math.sin(((query.anim_time) - (0.5/4)) * 45 * 2) * (-3 * 1)", 0, 0]
				},
				"stem2": {
					"rotation": ["-12.5+math.sin(((query.anim_time) - (0.5/4)) * 45 * 2) * (-3 * 1)", 0, 0]
				},
				"right_fan": {
					"rotation": [0, "7.5+math.sin(((query.anim_time) - (0.5/4)) * 45 * 2) * (-8 * 1)", "0+math.sin(((query.anim_time) - (0.5/4)) * 45 * 2) * (3 * 1)"]
				},
				"left_fan": {
					"rotation": [0, "-7.5+math.sin(((query.anim_time) - (0.5/4)) * 45 * 2) * (8 * 1)", "math.sin(((query.anim_time) - (0.5/4)) * 45 * 2) * (-3 * 1)"]
				},
				"right_wing1": {
					"rotation": [0, "math.sin(((query.anim_time) - (0.5/4)) * 180 * 10) * (-18 * 2)", "-15+math.sin(((query.anim_time) - (0.5/4)) * 180 * 10) * (-18 * 2)"]
				},
				"right_wing2": {
					"rotation": [0, "math.sin(((query.anim_time) - (0.5/4)) * 180 * -10) * (-12 * 2)", "15+math.sin(((query.anim_time) - (0.5/4)) * 180 * 10) * (18 * 2)"]
				},
				"left_wing1": {
					"rotation": [0, "math.sin(((query.anim_time) - (0.5/4)) * 180 * 10) * (18 * 2)", "15+math.sin(((query.anim_time) - (0.5/4)) * 180 * 10) * (18 * 2)"]
				},
				"left_wing2": {
					"rotation": [0, "math.sin(((query.anim_time) - (0.5/4)) * 180 * -10) * (12 * 2)", "-15+math.sin(((query.anim_time) - (0.5/4)) * 180 * 10) * (-18 * 2)"]
				}
			}
		},
		"animation.masquerain.sleep": {
			"loop": true,
			"bones": {
				"masquerain": {
					"rotation": [12.5, 0, 0],
					"position": [0, -8, 0]
				},
				"body": {
					"rotation": ["math.sin(((query.anim_time) - (0.5/4)) * 45 * 1.5) * (3 * 1)", 0, 0]
				},
				"head": {
					"rotation": ["43.2802+math.sin(((query.anim_time) - (0.5/4)) * 45 * 1.5) * (3 * 1)", 49.38521, 11.23243],
					"position": [0, -0.43288, 1.95259]
				},
				"stem": {
					"rotation": ["12.5+math.cos(((query.anim_time) - (0.5/4)) * 45 * 1.5) * (-8 * 1)", 0, 0]
				},
				"stem2": {
					"rotation": [14, 0, 0]
				},
				"right_fan": {
					"rotation": [35.33545, "-68.1814+math.sin(((query.anim_time) - (0.5/4)) * 45 * 1.5) * (3 * 1)", -14.50696]
				},
				"left_fan": {
					"rotation": [
						"44.0245+math.sin(((query.anim_time) - (0.5/4)) * 45 * 1.5) * (-3 * 1)",
						"26.335+math.sin(((query.anim_time) - (0.5/4)) * 45 * 1.5) * (-3 * 1)",
						"4.6303+7.5+math.sin(((query.anim_time) - (0.5/4)) * 45 * 1.5) * (-8 * 1)"
					]
				},
				"eyelid": {
					"position": [0, 0, -1]
				},
				"right_wing1": {
					"rotation": [30.50044, -33.43667, "-15.7556+math.sin(((query.anim_time) - (0.5/4)) * 45 * 1.5) * (3 * 1)"]
				},
				"right_wing2": {
					"rotation": ["7.5+math.sin(((query.anim_time) - (0.5/4)) * 45 * 1.5) * (-3 * 1)", 0, 0]
				},
				"left_wing1": {
					"rotation": ["35.9901+math.sin(((query.anim_time) - (0.5/4)) * 45 * 1.5) * (-6 * 1)", 60.93954, 10.7886]
				},
				"left_wing2": {
					"rotation": ["math.sin(((query.anim_time) - (0.5/4)) * 45 * 1.5) * (-3 * 1)", 0, 0]
				}
			}
		},
		"animation.masquerain.faint": {
			"loop": true,
			"animation_length": 2.885,
			"bones": {
				"body": {
					"rotation": {
						"0.0": {
							"post": [0, 0, 0],
							"lerp_mode": "catmullrom"
						},
						"0.2917": {
							"post": [-80, 0, 0],
							"lerp_mode": "catmullrom"
						},
						"0.875": {
							"post": [-30, 0, 0],
							"lerp_mode": "catmullrom"
						},
						"1.0833": {
							"post": [30, 0, 0],
							"lerp_mode": "catmullrom"
						}
					},
					"position": {
						"0.0": {
							"post": [0, 0, 0],
							"lerp_mode": "catmullrom"
						},
						"0.2917": {
							"post": [0, 4, 2],
							"lerp_mode": "catmullrom"
						},
						"0.875": {
							"post": [0, 6, -2],
							"lerp_mode": "catmullrom"
						},
						"1.0833": {
							"post": [0, -8, -11],
							"lerp_mode": "catmullrom"
						}
					}
				},
				"head": {
					"rotation": {
						"0.0": {
							"post": [0, 0, 0],
							"lerp_mode": "catmullrom"
						},
						"0.2917": {
							"post": [82.5, 0, 0],
							"lerp_mode": "catmullrom"
						},
						"0.875": {
							"post": [32.5, 0, 0],
							"lerp_mode": "catmullrom"
						},
						"1.0833": {
							"post": [55, 0, 0],
							"lerp_mode": "catmullrom"
						}
					},
					"position": {
						"0.0": {
							"post": [0, 0, 0],
							"lerp_mode": "catmullrom"
						},
						"0.2917": {
							"post": [0, -1, 1],
							"lerp_mode": "catmullrom"
						},
						"0.875": {
							"post": [0, 0, 1.25],
							"lerp_mode": "catmullrom"
						}
					}
				},
				"stem": {
					"rotation": {
						"0.0": {
							"post": [0, 0, 0],
							"lerp_mode": "catmullrom"
						},
						"0.2917": {
							"post": [25, 0, 0],
							"lerp_mode": "catmullrom"
						},
						"0.875": {
							"post": [-12.5, 0, 0],
							"lerp_mode": "catmullrom"
						},
						"1.0833": {
							"post": [15, 0, 0],
							"lerp_mode": "catmullrom"
						}
					}
				},
				"stem2": {
					"rotation": {
						"0.0": {
							"post": [0, 0, 0],
							"lerp_mode": "catmullrom"
						},
						"0.2917": {
							"post": [15, 0, 0],
							"lerp_mode": "catmullrom"
						},
						"0.875": {
							"post": [-17.5, 0, 0],
							"lerp_mode": "catmullrom"
						},
						"1.0833": {
							"post": [15, 0, 0],
							"lerp_mode": "catmullrom"
						}
					}
				},
				"right_fan": {
					"rotation": {
						"0.0": {
							"post": [0, 0, 0],
							"lerp_mode": "catmullrom"
						},
						"0.2917": {
							"post": [0, 0, 22.5],
							"lerp_mode": "catmullrom"
						},
						"0.875": {
							"post": [0, 22.5, 22.5],
							"lerp_mode": "catmullrom"
						},
						"1.0833": {
							"post": [0, -15, 22.5],
							"lerp_mode": "catmullrom"
						}
					}
				},
				"left_fan": {
					"rotation": {
						"0.0": {
							"post": [0, 0, 0],
							"lerp_mode": "catmullrom"
						},
						"0.2917": {
							"post": [0, 0, -20],
							"lerp_mode": "catmullrom"
						},
						"0.875": {
							"post": [0, -22.5, -20],
							"lerp_mode": "catmullrom"
						},
						"1.0833": {
							"post": [0, 15, -20],
							"lerp_mode": "catmullrom"
						}
					}
				},
				"eyelid": {
					"position": {
						"0.0": [0, 0, 0],
						"0.2917": [0, 0, -1]
					}
				},
				"right_wing1": {
					"rotation": {
						"0.0": [0, 0, "-15+math.sin(((query.anim_time) - (0.5/4)) * 180 * 10) * (-18 * 2)"],
						"0.2917": [-4.50432, 19.50645, "-35.7746+math.sin(((query.anim_time) - (0.5/4)) * 180 * 10) * (-18 * 2)"],
						"0.75": [13.16783, 15.18892, 19.2633],
						"0.875": [13.16783, 15.18892, 19.2633],
						"1.0833": {
							"pre": [0, 0, -22.5],
							"post": [0, 0, -22.5],
							"lerp_mode": "catmullrom"
						}
					}
				},
				"right_wing2": {
					"rotation": {
						"0.0": [0, 0, "15+math.sin(((query.anim_time) - (0.5/4)) * 180 * 10) * (18 * 2)0"],
						"0.2917": [24.94906, 12.22989, "-34.3531+math.sin(((query.anim_time) - (0.5/4)) * 180 * 10) * (18 * 2)"],
						"0.75": [27.58385, -1.29876, -7.38733],
						"0.875": [27.58385, -1.29876, -7.38733],
						"1.0833": {
							"pre": [-9.91615, -1.29876, -7.38733],
							"post": [-9.91615, -1.29876, -7.38733],
							"lerp_mode": "catmullrom"
						}
					}
				},
				"left_wing1": {
					"rotation": {
						"0.0": [0, 0, "15+math.sin(((query.anim_time) - (0.5/4)) * 180 * 10) * (18 * 2)"],
						"0.2917": [-14.89149, -9.29798, "48.7178+math.sin(((query.anim_time) - (0.5/4)) * 180 * 10) * (18 * 2)"],
						"0.75": [0, -17.5, -10],
						"0.875": [0, -17.5, -10],
						"1.0833": {
							"pre": [0, 0, 20],
							"post": [0, 0, 20],
							"lerp_mode": "catmullrom"
						}
					}
				},
				"left_wing2": {
					"rotation": {
						"0.0": [0, 0, "-15+math.sin(((query.anim_time) - (0.5/4)) * 180 * 10) * (-18 * 2)"],
						"0.2917": [2.87277, -4.09405, "54.8973+math.sin(((query.anim_time) - (0.5/4)) * 180 * 10) * (-18 * 2)"],
						"0.75": [5, 0, 0],
						"0.875": [5, 0, 0],
						"1.0833": {
							"pre": [-22.5, 0, 0],
							"post": [-22.5, 0, 0],
							"lerp_mode": "catmullrom"
						}
					}
				}
			}
		},
		"animation.masquerain.blink": {
			"animation_length": 0.1667,
			"bones": {
				"eyelid": {
					"position": {
						"0.0": [0, 0, -1],
						"0.125": [0, 0, -1],
						"0.1667": [0, 0, 0]
					}
				}
			}
		}
	}
}