{
	"format_version": "1.8.0",
	"animations": {
		"animation.surskit.ground_idle": {
			"loop": true,
			"bones": {
				"body": {
					"rotation": [0, 0, "math.cos(((query.anim_time) - (0.5/1)) * 45 * 4) * (5 * 1)"],
					"position": ["math.cos(((query.anim_time) - (0.5/4)) * 45 * 4) * (4 * 1)", 0, 0]
				},
				"stem": {
					"rotation": [0, 0, "math.sin(((query.anim_time) - (0.5/1)) * 45 * 4) * (12 * 1)"]
				},
				"stem2": {
					"rotation": [0, 0, "math.sin(((query.anim_time) - (0.5/1)) * 45 * 4) * (6 * 1)"]
				},
				"left_front_leg": {
					"rotation": [0, 0, "math.cos(((query.anim_time) - (0.5/1)) * 45 * 4) * (-5 * 1)"]
				},
				"left_front_leg2": {
					"rotation": ["math.cos(((query.anim_time) - (0.5/1)) * 45 * 4) * (-23 * 1)", 0, 0]
				},
				"right_front_leg": {
					"rotation": [0, 0, "math.cos(((query.anim_time) - (0.5/1)) * 45 * 4) * (-5 * 1)"]
				},
				"right_front_leg2": {
					"rotation": ["math.cos(((query.anim_time) - (0.5/1)) * 45 * 4) * (23 * 1)", 0, 0]
				},
				"right_back_leg": {
					"rotation": [0, 0, "math.cos(((query.anim_time) - (0.5/1)) * 45 * 4) * (-5 * 1)"]
				},
				"right_back_leg2": {
					"rotation": ["math.cos(((query.anim_time) - (0.5/1)) * 45 * 4) * (23 * 1)", 0, 0]
				},
				"left_back_leg": {
					"rotation": [0, 0, "math.cos(((query.anim_time) - (0.5/1)) * 45 * 4) * (-5 * 1)"]
				},
				"left_back_leg2": {
					"rotation": ["math.cos(((query.anim_time) - (0.5/1)) * 45 * 4) * (-23 * 1)", 0, 0]
				}
			}
		},
		"animation.surskit.ground_walk": {
			"loop": true,
			"bones": {
				"body": {
					"rotation": [
						"math.sin(((query.anim_time) - (0.5/1)) * 45 * 4) * (2 * 1)",
						"math.cos(((query.anim_time) - (0.5/1)) * 45 * 4) * (10 * 1)",
						"math.cos(((query.anim_time) - (0.5/1)) * 45 * 4) * (5 * 1)"
					],
					"position": ["math.cos(((query.anim_time) - (0.5/4)) * 45 * 4) * (4 * 1)", 0, 0]
				},
				"stem": {
					"rotation": ["-17.5+math.sin(((query.anim_time) - (0.5/1)) * 45 * 4) * (2 * 1)", 0, "0+math.sin(((query.anim_time) - (0.5/1)) * 45 * 4) * (12 * 1)"]
				},
				"stem2": {
					"rotation": [-12.5, 0, "0+math.sin(((query.anim_time) - (0.5/1)) * 45 * 4) * (6 * 1)"]
				},
				"left_front_leg": {
					"rotation": [0, "math.sin(((query.anim_time) - (0.5/1)) * 45 * 4) * (30 * 1)", "math.cos(((query.anim_time) - (0.5/1)) * 45 * 4) * (-5 * 1)"]
				},
				"left_front_leg2": {
					"rotation": ["math.cos(((query.anim_time) - (0.5/1)) * 45 * 4) * (-23 * 1)", 0, 0]
				},
				"right_front_leg": {
					"rotation": [0, "math.sin(((query.anim_time) - (0.5/1)) * 45 * 4) * (30 * 1)", "math.cos(((query.anim_time) - (0.5/1)) * 45 * 4) * (-5 * 1)"]
				},
				"right_front_leg2": {
					"rotation": ["math.cos(((query.anim_time) - (0.5/1)) * 45 * 4) * (23 * 1)", 0, 0]
				},
				"right_back_leg": {
					"rotation": [0, "math.sin(((query.anim_time) - (0.5/1)) * 45 * 4) * (30 * 1)", "math.cos(((query.anim_time) - (0.5/1)) * 45 * 4) * (-5 * 1)"]
				},
				"right_back_leg2": {
					"rotation": ["math.cos(((query.anim_time) - (0.5/1)) * 45 * 4) * (23 * 1)", 0, 0]
				},
				"left_back_leg": {
					"rotation": [0, "math.sin(((query.anim_time) - (0.5/1)) * 45 * 4) * (30 * 1)", "math.cos(((query.anim_time) - (0.5/1)) * 45 * 4) * (-5 * 1)"]
				},
				"left_back_leg2": {
					"rotation": ["math.cos(((query.anim_time) - (0.5/1)) * 45 * 4) * (-23 * 1)", 0, 0]
				}
			}
		},
		"animation.surskit.sleep": {
			"loop": true,
			"bones": {
				"body": {
					"rotation": ["math.cos(((query.anim_time) - (0.5/1)) * 19 * 4) * (0.6 * 1)", 0, 0],
					"position": [0, "-8 + math.cos(((query.anim_time) - (0.5/1)) * 19 * 4) * (-0.1 * 1)", 0]
				},
				"stem": {
					"rotation": ["math.cos(((query.anim_time) - (0.5/1)) * 19 * 4) * (6 * 1)", 0, "math.cos(((query.anim_time) - (0.5/1)) * 19 * 4) * (-6 * 1)"]
				},
				"stem2": {
					"rotation": ["math.cos(((query.anim_time) - (0.5/1)) * 19 * 4) * (6 * 1)", 0, "math.cos(((query.anim_time) - (0.5/1)) * 19 * 4) * (-6 * 1)"]
				},
				"left_front_leg": {
					"rotation": [-6.0722, 29.94891, 2.06982]
				},
				"left_front_leg2": {
					"rotation": [117.5, 0, 0]
				},
				"right_front_leg": {
					"rotation": [-6.03462, -27.45221, -1.93593]
				},
				"right_front_leg2": {
					"rotation": [117.5, 0, 0]
				},
				"right_back_leg": {
					"rotation": [-5.99026, -24.95561, -1.79831]
				},
				"right_back_leg2": {
					"rotation": [117.5, 0, 0]
				},
				"left_back_leg": {
					"rotation": [-6.03462, 27.45221, 1.93593]
				},
				"left_back_leg2": {
					"rotation": [117.5, 0, 0]
				},
				"eyelids": {
					"position": [0, 0, -1]
				}
			}
		},
		"animation.surskit.faint": {
			"loop": true,
			"animation_length": 2.885,
			"bones": {
				"body": {
					"rotation": {
						"0.0": {
							"post": [15, 0, 0],
							"lerp_mode": "catmullrom"
						},
						"0.2917": {
							"post": [12.45392, 1.08089, -4.88206],
							"lerp_mode": "catmullrom"
						},
						"0.5833": {
							"post": [27.2127, 2.68507, -12.2127],
							"lerp_mode": "catmullrom"
						},
						"0.7083": {
							"post": [27.28186, 1.76933, -10.43329],
							"lerp_mode": "catmullrom"
						},
						"0.9167": {
							"post": [34.28186, 1.76933, -10.43329],
							"lerp_mode": "catmullrom"
						},
						"1.5417": [16.78186, 1.76933, -10.43329]
					},
					"position": {
						"0.0": {
							"post": [0, -3, -2],
							"lerp_mode": "catmullrom"
						},
						"0.2917": {
							"post": [-1, -2.75, -2],
							"lerp_mode": "catmullrom"
						},
						"0.5833": {
							"post": [-1, -2, -2],
							"lerp_mode": "catmullrom"
						},
						"1.25": {
							"post": [-1, 3, -2],
							"lerp_mode": "catmullrom"
						},
						"1.5417": [-1, -7, -10]
					}
				},
				"stem": {
					"rotation": {
						"0.0": {
							"post": [15, 0, 0],
							"lerp_mode": "catmullrom"
						},
						"0.9167": {
							"post": [28.62702, 15.46973, 8.28342],
							"lerp_mode": "catmullrom"
						},
						"1.25": {
							"post": [41.12702, 15.46973, 8.28342],
							"lerp_mode": "catmullrom"
						},
						"1.4583": {
							"post": [-1.37298, 15.46973, 8.28342],
							"lerp_mode": "catmullrom"
						},
						"1.5417": [38.62702, 15.46973, 8.28342]
					}
				},
				"stem2": {
					"rotation": {
						"0.0": {
							"post": [20, 0, 0],
							"lerp_mode": "catmullrom"
						},
						"0.9167": {
							"post": [35, 0, 0],
							"lerp_mode": "catmullrom"
						},
						"1.4583": {
							"post": [-17.5, 0, 0],
							"lerp_mode": "catmullrom"
						},
						"1.5417": [42.5, 0, 0]
					}
				},
				"left_front_leg": {
					"rotation": {
						"0.0": {
							"post": [-11.79015, 17.47438, -1.18616],
							"lerp_mode": "catmullrom"
						},
						"0.2917": {
							"post": [-34.29015, 17.47438, -1.18616],
							"lerp_mode": "catmullrom"
						},
						"0.5833": {
							"post": [-46.87195, 23.33411, 10.96969],
							"lerp_mode": "catmullrom"
						},
						"0.7083": {
							"post": [-49.87195, 23.33411, 10.96969],
							"lerp_mode": "catmullrom"
						},
						"0.9167": {
							"post": [-39.87195, 23.33411, 10.96969],
							"lerp_mode": "catmullrom"
						},
						"1.25": {
							"post": [-12.37195, 23.33411, 10.96969],
							"lerp_mode": "catmullrom"
						},
						"1.4167": {
							"post": [-27.65227, 13.81436, 14.39565],
							"lerp_mode": "catmullrom"
						},
						"1.5417": [-39.87195, 23.33411, 10.96969]
					}
				},
				"left_front_leg2": {
					"rotation": {
						"0.0": {
							"post": [-37.5, 0, 0],
							"lerp_mode": "catmullrom"
						},
						"0.2917": {
							"post": [17.5, 0, 0],
							"lerp_mode": "catmullrom"
						},
						"0.7083": {
							"post": [23.5, 0, 0],
							"lerp_mode": "catmullrom"
						},
						"1.4167": {
							"post": [39.06, 0, 0],
							"lerp_mode": "catmullrom"
						},
						"1.5417": [-24, 0, 0]
					}
				},
				"right_front_leg": {
					"rotation": {
						"0.0": {
							"post": [-14.03091, -12.44303, 1.53813],
							"lerp_mode": "catmullrom"
						},
						"0.2917": {
							"post": [-15.07697, -19.89786, 2.4775],
							"lerp_mode": "catmullrom"
						},
						"0.5833": {
							"post": [-54.57697, -19.89786, 2.4775],
							"lerp_mode": "catmullrom"
						},
						"0.9167": {
							"post": [-62.57697, -19.89786, 2.4775],
							"lerp_mode": "catmullrom"
						},
						"1.25": {
							"post": [-26.17697, -19.89786, 2.4775],
							"lerp_mode": "catmullrom"
						},
						"1.4167": {
							"post": [-38.37697, -19.89786, 2.4775],
							"lerp_mode": "catmullrom"
						},
						"1.5417": [-30.57697, -19.89786, 2.4775]
					}
				},
				"right_front_leg2": {
					"rotation": {
						"0.0": {
							"post": [-30, 0, 0],
							"lerp_mode": "catmullrom"
						},
						"0.2917": {
							"post": [-27.5, 0, 0],
							"lerp_mode": "catmullrom"
						},
						"0.5833": {
							"post": [9.65, 0, 0],
							"lerp_mode": "catmullrom"
						},
						"0.9167": {
							"post": [47.26, 0, 0],
							"lerp_mode": "catmullrom"
						},
						"1.25": {
							"post": [38.98, 0, 0],
							"lerp_mode": "catmullrom"
						},
						"1.4167": {
							"post": [76.92, 0, 0],
							"lerp_mode": "catmullrom"
						},
						"1.5417": [-47.5, 0, 0]
					}
				},
				"right_back_leg": {
					"rotation": {
						"0.0": {
							"post": [0, 0, 0],
							"lerp_mode": "catmullrom"
						},
						"0.2917": {
							"post": [-17.5, 0, 0],
							"lerp_mode": "catmullrom"
						},
						"0.5833": {
							"post": [6.40325, -7.78999, -2.42291],
							"lerp_mode": "catmullrom"
						},
						"0.9167": {
							"post": [52.51834, -28.22751, 13.02627],
							"lerp_mode": "catmullrom"
						},
						"1.4167": {
							"post": [39.73092, -29.50509, 10.1672],
							"lerp_mode": "catmullrom"
						},
						"1.5417": [22.33373, -23.07029, 18.25544]
					}
				},
				"right_back_leg2": {
					"rotation": {
						"0.0": {
							"post": [0, 0, 0],
							"lerp_mode": "catmullrom"
						},
						"0.2917": {
							"post": [42.5, 0, 0],
							"lerp_mode": "catmullrom"
						},
						"0.5833": {
							"post": [15.85854, -0.79633, -4.93634],
							"lerp_mode": "catmullrom"
						},
						"0.9167": {
							"post": [-30.56386, -0.4288, -2.65803],
							"lerp_mode": "catmullrom"
						},
						"1.25": {
							"post": [-2.39, 0, 0],
							"lerp_mode": "catmullrom"
						},
						"1.4583": [-60, 0, 0]
					}
				},
				"left_back_leg": {
					"rotation": {
						"0.0": {
							"post": [0, 0, 0],
							"lerp_mode": "catmullrom"
						},
						"0.2917": {
							"post": [-7.5, 0, 0],
							"lerp_mode": "catmullrom"
						},
						"0.5833": {
							"post": [31.5353, -5.54637, -8.70015],
							"lerp_mode": "catmullrom"
						},
						"0.7083": {
							"post": [38.58507, -6.3494, -11.96381],
							"lerp_mode": "catmullrom"
						},
						"0.9167": {
							"post": [57.06269, 21.32725, -8.80895],
							"lerp_mode": "catmullrom"
						},
						"1.25": {
							"post": [70.41218, 16.50569, -6.02088],
							"lerp_mode": "catmullrom"
						},
						"1.4167": {
							"post": [35.85902, 11.12011, 1.02911],
							"lerp_mode": "catmullrom"
						},
						"1.5417": [14.67642, 20.08118, 12.55218]
					}
				},
				"left_back_leg2": {
					"rotation": {
						"0.0": {
							"post": [0, 0, 0],
							"lerp_mode": "catmullrom"
						},
						"0.2917": {
							"post": [42.5, 0, 0],
							"lerp_mode": "catmullrom"
						},
						"0.5833": {
							"post": [21, 0, 0],
							"lerp_mode": "catmullrom"
						},
						"0.7083": {
							"post": [14.08205, 1.76524, 1.77282],
							"lerp_mode": "catmullrom"
						},
						"0.9167": {
							"post": [-7.25386, 5.29571, 5.31847],
							"lerp_mode": "catmullrom"
						},
						"1.25": {
							"post": [-39.95595, 1.92571, 1.93399],
							"lerp_mode": "catmullrom"
						},
						"1.4167": {
							"post": [-19.23899, 0.48143, 0.4835],
							"lerp_mode": "catmullrom"
						},
						"1.5417": [-39, 0, 0]
					}
				},
				"eyelids": {
					"position": {
						"0.0": [0, 0, 0],
						"0.3333": [0, 0, -1]
					}
				}
			}
		},
		"animation.surskit.blink": {
			"animation_length": 0.16667,
			"bones": {
				"eyelids": {
					"position": {
						"0.0": [0, 0, -1],
						"0.125": [0, 0, -1],
						"0.1667": [0, 0, 0]
					}
				}
			}
		}
	}
}