{
  "species": "cobblemon:typhlosion",
  "order": 1,
  "variations": [
    {
      "aspects": ["hisuian"],
      "poser": "cobblemon:typhlosionhisui",
      "model": "cobblemon:typhlosion_hisui.geo",
      "texture": "cobblemon:textures/pokemon/0157_typhlosion/hisuian_typhlosion.png",
      "layers": [
        {
          "name": "emissive",
          "texture": "cobblemon:textures/pokemon/0157_typhlosion/hisuian_typhlosion_fire_emissive.png",
          "emissive": true,
          "translucent": true
        }
      ]
    },
    {
      "aspects": [
        "hisuian",
        "shiny"
      ],
      "texture": "cobblemon:textures/pokemon/0157_typhlosion/hisuian_typhlosion_shiny.png"
    }
  ]
}