{
	"format_version": "1.8.0",
	"animations": {
		"animation.ampharos.ground_idle": {
			"loop": true,
			"bones": {
				"torso": {
					"rotation": ["0+math.sin(q.anim_time*90*6+60)*0.25", 0, "0+math.sin(q.anim_time*90*3)*2"],
					"position": ["0+math.sin(q.anim_time*90*3)*0.15", "0-math.sin(q.anim_time*90*6+90)*0.05", 0]
				},
				"head": {
					"rotation": ["0+math.sin(q.anim_time*90*6+30)*3", 0, "0+math.sin(q.anim_time*90*3)*3"],
					"position": [0, 0, -0.25]
				},
				"tuff": {
					"rotation": [0, 0, "0+math.sin(q.anim_time*90*3-60)*2"],
					"position": [0.001, "-0.1-math.sin(q.anim_time*90*6+90)*0.2", 0]
				},
				"tail": {
					"rotation": ["0+math.sin(q.anim_time*90*3+60)*1", "0+math.sin(q.anim_time*90*3-90)*5", "0+math.sin(q.anim_time*90*3-90)*5"]
				},
				"leg_left_back": {
					"rotation": [0, 0, "0+math.sin(q.anim_time*90*1.5)*1"],
					"position": ["0+math.sin(q.anim_time*90*1.5)*0.1", 0, 0]
				},
				"leg_right_back": {
					"rotation": [0, 0, "0+math.sin(q.anim_time*90*1.5)*1"],
					"position": ["0+math.sin(q.anim_time*90*1.5)*0.1", 0, 0]
				},
				"leg_right_front": {
					"rotation": [0, 0, "0+math.sin(q.anim_time*90*1.5)*1"],
					"position": ["0+math.sin(q.anim_time*90*1.5)*0.1", 0, 0]
				},
				"leg_left_front": {
					"rotation": [0, 0, "0+math.sin(q.anim_time*90*1.5)*1"],
					"position": ["0+math.sin(q.anim_time*90*1.5)*0.1", 0, 0]
				},
				"fluff": {
					"rotation": [0, 0, "0+math.sin(q.anim_time*90*3-60)*2"]
				},
				"arm_right": {
					"rotation": [0, "0+math.sin(q.anim_time*90*3+60)*2.5", "32.5-math.sin(q.anim_time*90*3+60+90)*10"],
					"position": [-1, 2, 0.25]
				},
				"arm_left": {
					"rotation": [0, "0+math.sin(q.anim_time*90*3+60)*2.5", "-32.5-math.sin(q.anim_time*90*3+60+90)*10"],
					"position": [1, 2, 0.25]
				},
				"leg_right": {
					"rotation": ["0-math.sin(q.anim_time*90*3)*1", 0, "0+math.sin(q.anim_time*90*3)*1"],
					"position": [0, 0, 0]
				},
				"leg_left": {
					"rotation": ["0+math.sin(q.anim_time*90*3)*1", 0, "00+math.sin(q.anim_time*90*3)*1"]
				},
				"neck": {
					"rotation": [0, 0, "0+math.sin(q.anim_time*90*3)*2"]
				},
				"tail2": {
					"rotation": [0, "0+math.sin(q.anim_time*90*3+120)*7.5", "0+math.sin(q.anim_time*90*3-120)*7.5"]
				},
				"tail3": {
					"rotation": [0, "0+math.sin(q.anim_time*90*3+150)*2.5", "0+math.sin(q.anim_time*90*3+150)*2.5"]
				}
			}
		},
		"animation.ampharos.ground_walk": {
			"loop": true,
			"bones": {
				"torso": {
					"rotation": ["0+math.sin(q.anim_time*90*8+60)*0.25", "0+math.sin(q.anim_time*90*4-90)*2", "0+math.sin(q.anim_time*90*4)*2"],
					"position": ["0+math.sin(q.anim_time*90*4)*0.15", "0.75-math.sin(q.anim_time*90*8+90)*0.5", 0]
				},
				"head": {
					"rotation": ["0+math.sin(q.anim_time*90*8+30)*3", 0, "0+math.sin(q.anim_time*90*4)*3"],
					"position": [0, 0, -0.25]
				},
				"tuff": {
					"rotation": [0, 0, "0+math.sin(q.anim_time*90*3-60)*2"],
					"position": [0.001, "-0.1-math.sin(q.anim_time*90*6+90)*0.2", 0]
				},
				"tail": {
					"rotation": ["0+math.sin(q.anim_time*90*4+60)*1", "0+math.sin(q.anim_time*90*4-90)*15", "0+math.sin(q.anim_time*90*4-90)*5"]
				},
				"leg_left_back": {
					"rotation": [0, 0, "0+math.sin(q.anim_time*90*1.5)*1"],
					"position": ["0+math.sin(q.anim_time*90*1.5)*0.1", 0, 0]
				},
				"leg_right_back": {
					"rotation": [0, 0, "0+math.sin(q.anim_time*90*1.5)*1"],
					"position": ["0+math.sin(q.anim_time*90*1.5)*0.1", 0, 0]
				},
				"leg_right_front": {
					"rotation": [0, 0, "0+math.sin(q.anim_time*90*1.5)*1"],
					"position": ["0+math.sin(q.anim_time*90*1.5)*0.1", 0, 0]
				},
				"leg_left_front": {
					"rotation": [0, 0, "0+math.sin(q.anim_time*90*1.5)*1"],
					"position": ["0+math.sin(q.anim_time*90*1.5)*0.1", 0, 0]
				},
				"fluff": {
					"rotation": [0, 0, "0+math.sin(q.anim_time*90*3-60)*2"]
				},
				"arm_right": {
					"rotation": [0, "0+math.sin(q.anim_time*90*4+60+90)*20", "30-math.sin(q.anim_time*90*4+60+90)*2.5"],
					"position": [0, -0.5, 0.35]
				},
				"arm_left": {
					"rotation": [0, "0+math.sin(q.anim_time*90*4+60+90)*20", "-30-math.sin(q.anim_time*90*4+60+90)*2.5"],
					"position": [0, -0.5, 0.35]
				},
				"leg_right": {
					"rotation": ["0+math.sin(q.anim_time*90*4+180)*20", 0, "0-math.sin(q.anim_time*90*4)*1"],
					"position": [0, "0+math.clamp(math.sin(q.anim_time*90*4+30)*1,0,1)", "1.2+math.sin(q.anim_time*90*4+60)*1"]
				},
				"leg_left": {
					"rotation": ["0-math.sin(q.anim_time*90*4+180)*20", 0, "0+math.sin(q.anim_time*90*4)*1"],
					"position": [0, "0-math.clamp(math.sin(q.anim_time*90*4+30)*1,-1,0)", "1.2-math.sin(q.anim_time*90*4+60)*1"]
				},
				"neck": {
					"rotation": [0, 0, "0+math.sin(q.anim_time*90*4)*2"]
				},
				"tail2": {
					"rotation": [0, "0+math.sin(q.anim_time*90*4+120)*7.5", "0+math.sin(q.anim_time*90*4-120)*7.5"]
				},
				"tail3": {
					"rotation": [0, "0+math.sin(q.anim_time*90*4+150)*2.5", "0+math.sin(q.anim_time*90*4+150)*2.5"]
				}
			}
		},
		"animation.ampharos.sleep": {
			"loop": true,
			"bones": {
				"torso": {
					"rotation": ["0+math.sin(q.anim_time*90*3+60)*0.25", 0, "0+math.sin(q.anim_time*90*1.5)*2"],
					"position": ["0+math.sin(q.anim_time*90*1.5)*0.15", "0-math.sin(q.anim_time*90*3+90)*0.05", 0]
				},
				"head": {
					"rotation": ["0+math.sin(q.anim_time*90*3+30)*1", 0, "0+math.sin(q.anim_time*90*1.5)*1"],
					"position": [0, 0, -0.25]
				},
				"tuff": {
					"rotation": [0, 0, "0+math.sin(q.anim_time*90*3-60)*2"],
					"position": [0.001, "-0.1-math.sin(q.anim_time*90*6+90)*0.2", 0]
				},
				"tail": {
					"rotation": ["0+math.sin(q.anim_time*90*1.5+60)*1", "0+math.sin(q.anim_time*90*1.5-90)*2.5", "0+math.sin(q.anim_time*90*1.5-90)*2.5"]
				},
				"leg_left_back": {
					"rotation": [0, 0, "0+math.sin(q.anim_time*90*1.5)*1"],
					"position": ["0+math.sin(q.anim_time*90*1.5)*0.1", 0, 0]
				},
				"leg_right_back": {
					"rotation": [0, 0, "0+math.sin(q.anim_time*90*1.5)*1"],
					"position": ["0+math.sin(q.anim_time*90*1.5)*0.1", 0, 0]
				},
				"leg_right_front": {
					"rotation": [0, 0, "0+math.sin(q.anim_time*90*1.5)*1"],
					"position": ["0+math.sin(q.anim_time*90*1.5)*0.1", 0, 0]
				},
				"leg_left_front": {
					"rotation": [0, 0, "0+math.sin(q.anim_time*90*1.5)*1"],
					"position": ["0+math.sin(q.anim_time*90*1.5)*0.1", 0, 0]
				},
				"fluff": {
					"rotation": [0, 0, "0+math.sin(q.anim_time*90*3-60)*2"]
				},
				"arm_right": {
					"rotation": [0, "0+math.sin(q.anim_time*90*1.5+60)*2.5", "32.5-math.sin(q.anim_time*90*1.5+60+90)*2.5"],
					"position": [-1, 2, 0.25]
				},
				"arm_left": {
					"rotation": [0, "0+math.sin(q.anim_time*90*1.5+60)*2.5", "-32.5-math.sin(q.anim_time*90*1.5+60+90)*2.5"],
					"position": [1, 2, 0.25]
				},
				"leg_right": {
					"rotation": ["0-math.sin(q.anim_time*90*1.5)*1", 0, "0+math.sin(q.anim_time*90*1.5)*1"],
					"position": [0, 0, 0]
				},
				"leg_left": {
					"rotation": ["0+math.sin(q.anim_time*90*1.5)*1", 0, "00+math.sin(q.anim_time*90*1.5)*1"]
				},
				"neck": {
					"rotation": [0, 0, 0]
				},
				"tail2": {
					"rotation": [0, "0+math.sin(q.anim_time*90*1.5+120)*2.5", "0+math.sin(q.anim_time*90*1.5-120)*2.5"]
				},
				"tail3": {
					"rotation": [0, "0+math.sin(q.anim_time*90*1.5+150)*2.5", "0+math.sin(q.anim_time*90*1.5+150)*2.5"]
				},
				"eyelid_right": {
					"position": [0.1, 0, 0]
				},
				"eyelid_left": {
					"position": [-0.1, 0, 0]
				}
			}
		},
		"animation.ampharos.blink": {
			"animation_length": 0.16667,
			"bones": {
				"eyelid_right": {
					"position": {
						"0.0": [0.1, 0, 0],
						"0.125": [0.1, 0, 0],
						"0.1667": [0, 0, 0]
					}
				},
				"eyelid_left": {
					"position": {
						"0.0": [-0.1, 0, 0],
						"0.125": [-0.1, 0, 0],
						"0.1667": [0, 0, 0]
					}
				}
			}
		}
	},
	"geckolib_format_version": 2
}