{
	"format_version": "1.12.0",
	"minecraft:geometry": [
		{
			"description": {
				"identifier": "geometry.annihilape",
				"texture_width": 128,
				"texture_height": 128,
				"visible_bounds_width": 4,
				"visible_bounds_height": 3.5,
				"visible_bounds_offset": [0, 1.25, 0]
			},
			"bones": [
				{
					"name": "all",
					"pivot": [0, 0, 0]
				},
				{
					"name": "body",
					"parent": "all",
					"pivot": [0, 10, 0.5],
					"cubes": [
						{"origin": [-5.5, 10, -4], "size": [11, 10, 9], "uv": [0, 0]},
						{"origin": [5.5, 12.5, -1.5], "size": [2, 4, 4], "uv": [58, 37]},
						{"origin": [-7.5, 12.5, -1.5], "size": [2, 4, 4], "uv": [58, 23]},
						{"origin": [-9.5, 16.5, -1.5], "size": [2, 0, 4], "uv": [36, 6]},
						{"origin": [-9.5, 12.5, -1.5], "size": [2, 4, 0], "uv": [26, 45]},
						{"origin": [-9.5, 12.5, -1.5], "size": [2, 0, 4], "uv": [28, 19]},
						{"origin": [-9.5, 12.5, 2.5], "size": [2, 4, 0], "uv": [32, 39]},
						{"origin": [7.5, 12.5, -1.5], "size": [2, 4, 0], "uv": [0, 4]},
						{"origin": [7.5, 12.5, -1.5], "size": [2, 0, 4], "uv": [0, 4]},
						{"origin": [7.5, 16.5, -1.5], "size": [2, 0, 4], "uv": [0, 0]},
						{"origin": [7.5, 12.5, 2.5], "size": [2, 4, 0], "uv": [0, 0]}
					]
				},
				{
					"name": "brow_right",
					"parent": "body",
					"pivot": [-0.5, 15.75, -4.5],
					"cubes": [
						{"origin": [-4.9, 14.75, -5], "size": [5, 2, 1], "pivot": [-0.5, 15.75, -4.5], "rotation": [0, 0, 5], "uv": [62, 0]}
					]
				},
				{
					"name": "brow_left",
					"parent": "body",
					"pivot": [0.5, 15.75, -4.5],
					"cubes": [
						{"origin": [-0.1, 14.75, -5], "size": [5, 2, 1], "pivot": [0.5, 15.75, -4.5], "rotation": [0, 0, -5], "uv": [60, 53]}
					]
				},
				{
					"name": "eye_right",
					"parent": "body",
					"pivot": [-2.5, 14, -4.01],
					"cubes": [
						{"origin": [-5.15, 13.25, -4.01], "size": [4, 2, 0], "pivot": [-2.5, 14, -4.01], "rotation": [0, 0, 10], "uv": [36, 46]}
					]
				},
				{
					"name": "eye_left",
					"parent": "body",
					"pivot": [2.5, 14, -4.01],
					"cubes": [
						{"origin": [1.15, 13.25, -4.01], "size": [4, 2, 0], "pivot": [2.5, 14, -4.01], "rotation": [0, 0, -10], "uv": [0, 46]}
					]
				},
				{
					"name": "nose",
					"parent": "body",
					"pivot": [0, 13.5, -4],
					"cubes": [
						{"origin": [-1.5, 12.5, -5.5], "size": [3, 2, 2], "uv": [63, 19]}
					]
				},
				{
					"name": "hair_left",
					"parent": "body",
					"pivot": [2, 18, -4],
					"cubes": [
						{"origin": [2, 10, -12], "size": [0, 10, 8], "uv": [16, 11]}
					]
				},
				{
					"name": "hair_right",
					"parent": "body",
					"pivot": [-2, 18, -4],
					"cubes": [
						{"origin": [-2, 10, -12], "size": [0, 10, 8], "uv": [0, 11]}
					]
				},
				{
					"name": "hair_tuff_3_left",
					"parent": "body",
					"pivot": [5.5, 18.5, -1.5],
					"cubes": [
						{"origin": [5, 17, -3.5], "size": [3, 5, 4], "uv": [14, 52]}
					]
				},
				{
					"name": "hair_strand_3_left",
					"parent": "hair_tuff_3_left",
					"pivot": [7, 20, -1],
					"cubes": [
						{"origin": [7, 18, -2.5], "size": [0, 8, 7], "uv": [32, 24]}
					]
				},
				{
					"name": "hair_tuff_3_right",
					"parent": "body",
					"pivot": [-5.5, 18.5, -1.5],
					"cubes": [
						{"origin": [-8, 17, -3.5], "size": [3, 5, 4], "uv": [28, 56]}
					]
				},
				{
					"name": "hair_strand_3_right",
					"parent": "hair_tuff_3_right",
					"pivot": [-7, 20, -1],
					"cubes": [
						{"origin": [-7, 18, -2.5], "size": [0, 8, 7], "uv": [0, 31]}
					]
				},
				{
					"name": "arm_left",
					"parent": "body",
					"pivot": [5.5, 14.5, 0.5],
					"cubes": [
						{"origin": [5.5, 13.5, -0.5], "size": [6, 2, 2], "uv": [58, 58]}
					]
				},
				{
					"name": "forearm_left",
					"parent": "arm_left",
					"pivot": [11.5, 14.5, 0.5],
					"cubes": [
						{"origin": [11.5, 13, -1.5], "size": [6, 3, 4], "uv": [10, 45]},
						{"origin": [14.49, 12, -2.5], "size": [3, 3, 6], "uv": [40, 6]},
						{"origin": [14.49, 15, -2.5], "size": [3, 2, 2], "uv": [58, 62]},
						{"origin": [14.49, 15, 1.5], "size": [3, 2, 2], "uv": [62, 31]},
						{"origin": [14.49, 17, 0.5], "size": [1, 0, 1], "uv": [73, 9]},
						{"origin": [16.49, 17, -0.5], "size": [1, 0, 1], "uv": [75, 9]}
					]
				},
				{
					"name": "hand_left",
					"parent": "forearm_left",
					"pivot": [17.5, 15, 0.5],
					"cubes": [
						{"origin": [17.5, 14, -2.5], "size": [3, 2, 6], "uv": [46, 40]}
					]
				},
				{
					"name": "fingers_left",
					"parent": "hand_left",
					"pivot": [20.5, 15, 0.5],
					"cubes": [
						{"origin": [20.5, 14, -2.5], "size": [3, 2, 6], "uv": [46, 25]}
					]
				},
				{
					"name": "thumb_left",
					"parent": "hand_left",
					"pivot": [18.5, 14, -0.5],
					"cubes": [
						{"origin": [17.5, 13, -4.5], "size": [2, 2, 5], "uv": [0, 58]}
					]
				},
				{
					"name": "arm_right",
					"parent": "body",
					"pivot": [-5.5, 14.5, 0.5],
					"cubes": [
						{"origin": [-11.5, 13.5, -0.5], "size": [6, 2, 2], "uv": [42, 58]}
					]
				},
				{
					"name": "forearm_right",
					"parent": "arm_right",
					"pivot": [-11.5, 14.5, 0.5],
					"cubes": [
						{"origin": [-17.5, 13, -1.5], "size": [6, 3, 4], "uv": [32, 39]}
					]
				},
				{
					"name": "hand_right",
					"parent": "forearm_right",
					"pivot": [-17.5, 15, 0.5],
					"cubes": [
						{"origin": [-20.5, 14, -2.5], "size": [3, 2, 6], "uv": [45, 15]}
					]
				},
				{
					"name": "thumb_right",
					"parent": "hand_right",
					"pivot": [-18.5, 14, -0.5],
					"cubes": [
						{"origin": [-19.5, 13, -4.5], "size": [2, 2, 5], "uv": [57, 12]}
					]
				},
				{
					"name": "fingers_right",
					"parent": "hand_right",
					"pivot": [-20.5, 15, 0.5],
					"cubes": [
						{"origin": [-23.5, 14, -2.5], "size": [3, 2, 6], "uv": [24, 46]}
					]
				},
				{
					"name": "hair_tuff_2_right",
					"parent": "body",
					"pivot": [-4.5, 19, -2.5],
					"cubes": [
						{"origin": [-6, 18, -4.5], "size": [3, 6, 4], "uv": [52, 2]}
					]
				},
				{
					"name": "hair_strand_2_right",
					"parent": "hair_tuff_2_right",
					"pivot": [-4.5, 23, -2],
					"cubes": [
						{"origin": [-4.5, 21, -4.5], "size": [0, 8, 8], "uv": [16, 21]}
					]
				},
				{
					"name": "floating_hair_right",
					"parent": "hair_tuff_2_right",
					"pivot": [-4.5, 24, 5.5],
					"cubes": [
						{"origin": [-4.5, 23, 4.5], "size": [0, 3, 4], "uv": [48, 33]}
					]
				},
				{
					"name": "hair_tuff_2_left",
					"parent": "body",
					"pivot": [4.5, 19, -2.5],
					"cubes": [
						{"origin": [3, 18, -4.5], "size": [3, 6, 4], "uv": [0, 48]}
					]
				},
				{
					"name": "hair_strand_2_left",
					"parent": "hair_tuff_2_left",
					"pivot": [4.5, 23, -2],
					"cubes": [
						{"origin": [4.5, 21, -4.5], "size": [0, 8, 8], "uv": [16, 29]}
					]
				},
				{
					"name": "floating_hair_left",
					"parent": "hair_tuff_2_left",
					"pivot": [4.5, 24, 5.5],
					"cubes": [
						{"origin": [4.5, 23, 4.5], "size": [0, 3, 4], "uv": [40, 11]}
					]
				},
				{
					"name": "hair_tuff_middle",
					"parent": "body",
					"pivot": [0, 19.5, -2.5],
					"cubes": [
						{"origin": [-2, 18, -5], "size": [4, 7, 5], "uv": [32, 19]}
					]
				},
				{
					"name": "hair_strand_middle",
					"parent": "hair_tuff_middle",
					"pivot": [0, 23.5, -2],
					"cubes": [
						{"origin": [0, 22, -5], "size": [0, 9, 8], "uv": [0, 21]}
					]
				},
				{
					"name": "floating_hair_middle",
					"parent": "hair_tuff_middle",
					"pivot": [0, 30, 5.5],
					"cubes": [
						{"origin": [0, 29, 4.5], "size": [0, 3, 4], "uv": [31, 2]}
					]
				},
				{
					"name": "hair_tuff_back",
					"parent": "body",
					"pivot": [0, 19, 3.5],
					"cubes": [
						{"origin": [-2, 17, 2], "size": [4, 7, 4], "uv": [88, 0]}
					]
				},
				{
					"name": "hair_strand_back",
					"parent": "hair_tuff_back",
					"pivot": [0, 22, 5.5],
					"cubes": [
						{"origin": [0, 19, 4], "size": [0, 9, 7], "uv": [74, -7]}
					]
				},
				{
					"name": "beard_front",
					"parent": "body",
					"pivot": [0, 10, -3],
					"cubes": [
						{"origin": [-5.5, 4, -3], "size": [11, 6, 0], "uv": [31, 0]}
					]
				},
				{
					"name": "beard_back",
					"parent": "body",
					"pivot": [0, 10, 4],
					"cubes": [
						{"origin": [-5.5, 4, 4], "size": [11, 6, 0], "uv": [31, 0]}
					]
				},
				{
					"name": "beard_2_front",
					"parent": "body",
					"pivot": [0, 10, -3],
					"cubes": [
						{"origin": [-3.5, 6, -4], "size": [3, 2, 0], "uv": [45, 18]},
						{"origin": [-3.5, 8, -4], "size": [7, 2, 2], "uv": [46, 33]},
						{"origin": [0.5, 6, -4], "size": [3, 2, 0], "uv": [40, 10]},
						{"origin": [0.5, 6, -2], "size": [3, 2, 0], "uv": [40, 10]},
						{"origin": [-3.5, 6, -2], "size": [3, 2, 0], "uv": [45, 18]}
					]
				},
				{
					"name": "beard_2_back",
					"parent": "body",
					"pivot": [0, 10, 4],
					"cubes": [
						{"origin": [-3.5, 8, 3], "size": [7, 2, 2], "uv": [46, 33]},
						{"origin": [0.5, 6, 3], "size": [3, 2, 0], "uv": [40, 10]},
						{"origin": [-3.5, 6, 3], "size": [3, 2, 0], "uv": [45, 18]},
						{"origin": [0.5, 6, 5], "size": [3, 2, 0], "uv": [40, 10]},
						{"origin": [-3.5, 6, 5], "size": [3, 2, 0], "uv": [45, 18]}
					]
				},
				{
					"name": "head",
					"parent": "body",
					"pivot": [0, 16, 0.5],
					"cubes": [
						{"origin": [-1, 16, -0.5], "size": [2, 2, 2], "uv": [120, 124]}
					]
				},
				{
					"name": "leg_left",
					"parent": "all",
					"pivot": [3.5, 10, 0.5],
					"cubes": [
						{"origin": [2.5, 7, -0.5], "size": [2, 4, 2], "uv": [0, 65]}
					]
				},
				{
					"name": "leg_2_left",
					"parent": "leg_left",
					"pivot": [3.5, 7, 0.5],
					"cubes": [
						{"origin": [2, 2.5, -1], "size": [3, 2, 3], "uv": [60, 48]},
						{"origin": [2.5, 2, -0.5], "size": [2, 5, 2], "uv": [42, 62]}
					]
				},
				{
					"name": "foot_left",
					"parent": "leg_2_left",
					"pivot": [3.5, 2, 0.5],
					"cubes": [
						{"origin": [2, 0, -4], "size": [3, 2, 6], "uv": [36, 48]}
					]
				},
				{
					"name": "leg_right",
					"parent": "all",
					"pivot": [-3.5, 10, 0.5],
					"cubes": [
						{"origin": [-4.5, 7, -0.5], "size": [2, 4, 2], "uv": [8, 65]}
					]
				},
				{
					"name": "leg_2_right",
					"parent": "leg_right",
					"pivot": [-3.5, 7, 0.5],
					"cubes": [
						{"origin": [-5, 2.5, -1], "size": [3, 2, 3], "uv": [14, 61]},
						{"origin": [-4.5, 2, -0.5], "size": [2, 5, 2], "uv": [50, 62]}
					]
				},
				{
					"name": "foot_right",
					"parent": "leg_2_right",
					"pivot": [-3.5, 2, 0.5],
					"cubes": [
						{"origin": [-5, 0, -4], "size": [3, 2, 6], "uv": [48, 50]}
					]
				}
			]
		}
	]
}