{
	"format_version": "1.12.0",
	"minecraft:geometry": [
		{
			"description": {
				"identifier": "geometry.buizel",
				"texture_width": 64,
				"texture_height": 64,
				"visible_bounds_width": 4,
				"visible_bounds_height": 3.5,
				"visible_bounds_offset": [0, 1.25, 0]
			},
			"bones": [
				{
					"name": "Ground",
					"pivot": [0, 0, 1]
				},
				{
					"name": "Legs",
					"parent": "Ground",
					"pivot": [0, 7, 1]
				},
				{
					"name": "LegR",
					"parent": "Legs",
					"pivot": [-2, 7, 0.5],
					"cubes": [
						{"origin": [-6, 2, -3], "size": [6, 5, 7], "uv": [38, 33]}
					]
				},
				{
					"name": "FootR",
					"parent": "LegR",
					"pivot": [-4, 2, 0],
					"cubes": [
						{"origin": [-6, 0, -5], "size": [4, 2, 8], "uv": [40, 11]}
					]
				},
				{
					"name": "LegL",
					"parent": "Legs",
					"pivot": [2, 7, 0.5],
					"cubes": [
						{"origin": [0, 2, -3], "size": [6, 5, 7], "uv": [38, 21], "mirror": true}
					]
				},
				{
					"name": "FootL",
					"parent": "LegL",
					"pivot": [4, 2, 0],
					"cubes": [
						{"origin": [2, 0, -5], "size": [4, 2, 8], "uv": [38, 1], "mirror": true}
					]
				},
				{
					"name": "Torso",
					"parent": "Legs",
					"pivot": [0, 6, 1],
					"cubes": [
						{"origin": [-4, 6, -2.25], "size": [8, 11, 6], "uv": [3, 16]},
						{"origin": [-6, 16, -6], "size": [12, 3, 12], "pivot": [0, 16, 0], "rotation": [0, -90, 0], "uv": [0, 33]}
					]
				},
				{
					"name": "Head",
					"parent": "Torso",
					"pivot": [0, 19, 0],
					"cubes": [
						{"origin": [-4, 19, -3], "size": [8, 8, 8], "uv": [1, 0]},
						{"origin": [-2, 19, -5], "size": [4, 4, 2], "uv": [35, 12]},
						{"origin": [-0.5, 21.44141, 3.52463], "size": [1, 4, 5], "pivot": [0, 23, 0], "rotation": [40, 0, 0], "uv": [34, 0]},
						{"origin": [-0.5, 20.59808, 3.69615], "size": [1, 2, 4], "pivot": [0, 23, 0], "rotation": [30, 0, 0], "uv": [54, 3]}
					]
				},
				{
					"name": "Eyes",
					"parent": "Head",
					"pivot": [0, 18.5, 0],
					"cubes": [
						{"origin": [-4, 22.25, -3.01], "size": [2, 3, 0], "uv": [1, 5]},
						{"origin": [2, 22.25, -3.01], "size": [2, 3, 0], "uv": [1, 5]},
						{"origin": [-3, 22.5, -3.02], "size": [1, 2, 0], "uv": [0, 0]},
						{"origin": [2, 22.5, -3.02], "size": [1, 2, 0], "uv": [0, 0]}
					]
				},
				{
					"name": "Eyelids",
					"parent": "Head",
					"pivot": [0, 18.5, 0],
					"cubes": [
						{"origin": [-4, 22.25, -2.03], "size": [2, 3, 0], "uv": [5, 5]},
						{"origin": [2, 22.25, -2.03], "size": [2, 3, 0], "uv": [5, 5]}
					]
				},
				{
					"name": "Arms",
					"parent": "Torso",
					"pivot": [0, 15, 0]
				},
				{
					"name": "ArmR",
					"parent": "Arms",
					"pivot": [-5.5, 14.5, 0.5],
					"cubes": [
						{"origin": [-7, 8, -1], "size": [3, 8, 3], "uv": [0, 33]},
						{"origin": [-9, 10.5, 0.5], "size": [2, 4, 0], "uv": [48, 45]}
					]
				},
				{
					"name": "ArmL",
					"parent": "Arms",
					"pivot": [5.5, 14.5, 0.5],
					"cubes": [
						{"origin": [4, 8, -1], "size": [3, 8, 3], "uv": [0, 33], "mirror": true},
						{"origin": [7, 10.5, 0.5], "size": [2, 4, 0], "uv": [48, 45], "mirror": true}
					]
				},
				{
					"name": "Tails",
					"parent": "Legs",
					"pivot": [0, 6, 3]
				},
				{
					"name": "TailBase",
					"parent": "Tails",
					"pivot": [0, 6, 3],
					"cubes": [
						{"origin": [-1.5, 5, 3], "size": [3, 2, 6], "uv": [27, 56]}
					]
				},
				{
					"name": "Tail1",
					"parent": "TailBase",
					"pivot": [0, 6, 9],
					"cubes": [
						{"origin": [-0.26927, 5, 8.9327], "size": [2, 2, 7], "pivot": [1, 6, 9], "rotation": [0, 10, 0], "uv": [45, 55]}
					]
				},
				{
					"name": "Tail2",
					"parent": "TailBase",
					"pivot": [0, 6, 9],
					"cubes": [
						{"origin": [-1.73073, 5, 8.9327], "size": [2, 2, 7], "pivot": [-1, 6, 9], "rotation": [0, -10, 0], "uv": [45, 55]}
					]
				}
			]
		}
	]
}