{
  "species": "cobblemon:annihilape",
  "order": 0,
  "variations": [
    {
      "aspects": [],
      "poser": "cobblemon:annihilape",
      "model": "cobblemon:annihilape.geo",
      "texture": "cobblemon:textures/pokemon/annihilape/annihilape.png",
      "layers": [
        {
          "name": "color",
          "texture": "cobblemon:textures/pokemon/annihilape/annihilape_emissive.png",
          "emissive": true
        }
      ]
    },
    {
      "aspects": [
        "shiny"
      ],
      "texture": "cobblemon:textures/pokemon/annihilape/annihilape_shiny.png",
      "layers": [
        {
          "name": "color",
          "texture": "cobblemon:textures/pokemon/annihilape/annihilape_emissive.png",
          "emissive": true
        }
      ]
    }
  ]
}