{
  "species": "cobblemon:beldum",
  "order": 0,
  "variations": [
    {
      "aspects": [],
      "poser": "cobblemon:beldum",
      "model": "cobblemon:beldum.geo",
      "texture": "cobblemon:textures/pokemon/beldum/beldum.png",
      "layers": [
        {
          "name": "color",
          "texture": "cobblemon:textures/pokemon/beldum/beldum_emissive.png",
          "emissive": true
        }
      ]
    },
    {
      "aspects": [
        "shiny"
      ],
      "texture": "cobblemon:textures/pokemon/beldum/beldum_shiny.png",
      "layers": [
        {
          "name": "color",
          "texture": "cobblemon:textures/pokemon/beldum/beldum_emissive.png",
          "emissive": true
        }
      ]
    }
  ]
}