{
  "species": "cobblemon:gardevoir",
  "order": 0,
  "variations": [
    {
      "aspects": [],
      "poser": "cobblemon:gardevoir",
      "model": "cobblemon:gardevoir.geo",
      "texture": "cobblemon:textures/pokemon/gardevoir/gardevoir.png",
      "layers": [
        {
          "name": "color",
          "texture": "cobblemon:textures/pokemon/gardevoir/gardevoir_emissive.png",
          "emissive": true
        }
      ]
    },
    {
      "aspects": [
        "shiny"
      ],
      "texture": "cobblemon:textures/pokemon/gardevoir/gardevoir_shiny.png",
      "layers": [
        {
          "name": "color",
          "texture": "cobblemon:textures/pokemon/gardevoir/gardevoir_emissive_shiny.png",
          "emissive": true
        }
      ]
    }
  ]
}