{
	"format_version": "1.8.0",
	"animations": {
		"animation.staraptor.ground_idle": {
			"loop": true,
			"bones": {
				"body": {
					"rotation": ["math.cos(((query.anim_time) - (0.5/4)) * 90 * 1) * (-3 * 1)", 0, 0],
					"position": [0, "math.cos(((query.anim_time) - (0.5/4)) * 90 * 1) * (0.2 * 1)", "math.cos(((query.anim_time) - (0.5/4)) * 90 * 1) * (0.1 * 1)"]
				},
				"tail_feathers": {
					"rotation": ["math.sin(((query.anim_time) - (0.5/4)) * 90 * 1) * (-4 * 1)", 0, 0]
				},
				"left_wing": {
					"rotation": ["math.sin(((query.anim_time) - (0.5/4)) * 90 * 1) * (3.5 * 1)", 0, 0]
				},
				"left_leg": {
					"rotation": ["math.cos(((query.anim_time) - (0.5/4)) * 90 * 1) * (3 * 1)", 0, 0]
				},
				"neck": {
					"rotation": ["math.sin(((query.anim_time) - (0.5/4)) * 90 * 1) * (-3 * 1)", 0, 0]
				},
				"head": {
					"rotation": ["math.cos(((query.anim_time) - (0.5/4)) * 90 * 1) * (-3 * 1)", 0, 0]
				},
				"feather": {
					"rotation": ["math.sin(((query.anim_time) - (0.5/4)) * 90 * 1) * (-3 * 1)", 0, 0]
				},
				"feather2": {
					"rotation": ["math.sin(((query.anim_time) - (0.5/4)) * 90 * 1) * (-1 * 1)", 0, 0]
				},
				"feather3": {
					"rotation": ["math.sin(((query.anim_time) - (0.5/4)) * 90 * 1) * (-3 * 1)", 0, 0]
				},
				"right_leg": {
					"rotation": ["math.cos(((query.anim_time) - (0.5/4)) * 90 * 1) * (3 * 1)", 0, 0]
				},
				"right_leg2": {
					"rotation": [0, 0, 0]
				},
				"right_wing": {
					"rotation": ["math.sin(((query.anim_time) - (0.5/4)) * 90 * 1) * (3.5 * 1)", 0, 0]
				},
				"right_headfeather": {
					"rotation": [0, 0, "math.sin(((query.anim_time) - (0.5/4)) * 90 * 1) * (3 * 1)"]
				},
				"left_headfeather": {
					"rotation": [0, 0, "math.sin(((query.anim_time) - (0.5/4)) * 90 * 1) * (-3 * 1)"]
				}
			}
		},
		"animation.staraptor.ground_walk": {
			"loop": true,
			"bones": {
				"body": {
					"rotation": [
						"math.cos(((query.anim_time) - (0.5/4)) * 90 * 4) * (-3 * 1)",
						"math.cos(((query.anim_time) - (0.5/4)) * 90 * 2) * (3 * 1)",
						"math.cos(((query.anim_time) - (0.5/4)) * 90 * 2) * (-3 * 1)"
					]
				},
				"tail_feathers": {
					"rotation": ["math.sin(((query.anim_time) - (0.5/4)) * 90 * 4) * (-4 * 1)", 0, 0]
				},
				"left_wing": {
					"rotation": ["math.sin(((query.anim_time) - (0.5/4)) * 90 * 4) * (-3.5 * 1)", 0, 0]
				},
				"left_leg": {
					"rotation": ["math.cos(((query.anim_time) - (0.5/4)) * 90 * 2) * (-30 * 1)", 0, 0]
				},
				"neck": {
					"rotation": ["math.sin(((query.anim_time) - (0.5/4)) * 90 * 1) * (-3 * 1)", 0, 0]
				},
				"head": {
					"rotation": ["math.sin(((query.anim_time) - (0.5/4)) * 90 * 4) * (-3 * 1)", "math.cos(((query.anim_time) - (0.5/4)) * 90 * 2) * (-3 * 1)", 0]
				},
				"feather": {
					"rotation": ["math.sin(((query.anim_time) - (0.5/4)) * 90 * 4) * (-3 * 1)", 0, 0]
				},
				"feather2": {
					"rotation": ["math.sin(((query.anim_time) - (0.5/4)) * 90 * 4) * (-1 * 1)", 0, 0]
				},
				"feather3": {
					"rotation": ["math.sin(((query.anim_time) - (0.5/4)) * 90 * 4) * (-1 * 1)", 0, 0]
				},
				"right_leg": {
					"rotation": ["math.cos(((query.anim_time) - (0.5/4)) * 90 * 2) * (30 * 1)", 0, 0]
				},
				"right_leg2": {
					"rotation": ["math.cos(((query.anim_time) - (0.5/4)) * 90 * 2) * (12 * 1)", 0, 0]
				},
				"right_wing": {
					"rotation": ["math.sin(((query.anim_time) - (0.5/4)) * 90 * 4) * (-3.5 * 1)", 0, 0]
				},
				"right_headfeather": {
					"rotation": [0, 0, "math.sin(((query.anim_time) - (0.5/4)) * 90 * 4) * (3 * 1)"]
				},
				"left_leg2": {
					"rotation": ["math.cos(((query.anim_time) - (0.5/4)) * 90 * 2) * (-12 * 1)", 0, 0]
				},
				"left_foot": {
					"rotation": ["math.cos(((query.anim_time) - (0.5/4)) * 90 * 2) * (25 * 1)", 0, 0]
				},
				"right_foot": {
					"rotation": ["math.cos(((query.anim_time) - (0.5/4)) * 90 * 2) * (-25 * 1)", 0, 0]
				},
				"left_headfeather": {
					"rotation": [0, 0, "math.sin(((query.anim_time) - (0.5/4)) * 90 * 4) * (-3 * 1)"]
				}
			}
		},
		"animation.staraptor.sleep": {
			"loop": true,
			"bones": {
				"body": {
					"rotation": ["-11+math.cos(((query.anim_time) - (0.5/4)) * 90 * 1) * (-1 * 1)", 0, 0],
					"position": [0, -1.7, 0]
				},
				"tail": {
					"rotation": ["math.sin(((query.anim_time) - (0.5/4)) * 90 * 1) * (-1 * 1)", 0, 0],
					"position": [0, 1.01174, -2.13222]
				},
				"tail_feathers": {
					"rotation": ["-26+math.sin(((query.anim_time) - (0.5/4)) * 90 * 1) * (-1 * 1)", 0, 0]
				},
				"left_wing": {
					"rotation": [0.32817, 13.73768, 2.72374],
					"position": [-2, 0.60001, -2.15406]
				},
				"left_leg": {
					"rotation": [32.45916, -0.95288, 4.90859],
					"position": [0, 2.06142, -0.4007]
				},
				"left_leg2": {
					"rotation": [-22.30804, 3.7354, -4.14851]
				},
				"neck": {
					"position": [0, -1.22416, -2.1051]
				},
				"head": {
					"rotation": ["46.5+math.sin(((query.anim_time) - (0.5/4)) * 90 * 1) * (-1 * 1)", 0, 0],
					"position": [0, 0.19081, 0.98163]
				},
				"feather": {
					"rotation": ["math.sin(((query.anim_time) - (0.5/4)) * 90 * 1) * (-1 * 1)", 0, 0]
				},
				"feather2": {
					"rotation": ["math.sin(((query.anim_time) - (0.5/4)) * 90 * 1) * (-1 * 1)", 0, 0]
				},
				"eyelids": {
					"position": [0, 0, -1]
				},
				"right_leg": {
					"rotation": [32.45916, 0.95288, -4.90859],
					"position": [0, 2.06142, -0.4007]
				},
				"right_leg2": {
					"rotation": [-22.30804, -3.7354, 4.14851]
				},
				"right_wing": {
					"rotation": [0.32817, -13.73768, -2.72374],
					"position": [2, 0.60001, -2.15406]
				},
				"right_headfeather": {
					"rotation": ["math.sin(((query.anim_time) - (0.5/4)) * 90 * 1) * (-1 * 1)", 0, 0]
				},
				"left_headfeather": {
					"rotation": [0, 0, "math.sin(((query.anim_time) - (0.5/4)) * 90 * 1) * (-1 * 1)"]
				}
			}
		},
		"animation.staraptor.faint": {
			"animation_length": 2.885,
			"bones": {
				"body": {
					"rotation": {
						"0.0": {
							"post": [0, 0, 0],
							"lerp_mode": "catmullrom"
						},
						"0.25": {
							"post": [13.5, -17, 0],
							"lerp_mode": "catmullrom"
						},
						"0.9167": {
							"post": [-15.53653, 9.90201, 8.90144],
							"lerp_mode": "catmullrom"
						},
						"1.4583": {
							"post": [40, 0, 0],
							"lerp_mode": "catmullrom"
						}
					},
					"position": {
						"0.0": {
							"post": [0, 0, 0],
							"lerp_mode": "catmullrom"
						},
						"0.25": {
							"post": [0.89, 0.77, 1.91],
							"lerp_mode": "catmullrom"
						},
						"0.9167": {
							"post": [3.5, 5.28, -1.4],
							"lerp_mode": "catmullrom"
						},
						"1.4583": {
							"post": [0, -7, -10],
							"lerp_mode": "catmullrom"
						}
					}
				},
				"tail": {
					"rotation": {
						"0.0": {
							"post": [0, 0, 0],
							"lerp_mode": "catmullrom"
						},
						"0.25": {
							"post": [-24.40233, 3.66174, 7.24342],
							"lerp_mode": "catmullrom"
						},
						"1.4583": {
							"post": [-35, 0, 0],
							"lerp_mode": "catmullrom"
						}
					}
				},
				"tail_feathers": {
					"rotation": {
						"0.0": {
							"post": [0, 0, 0],
							"lerp_mode": "catmullrom"
						},
						"0.25": {
							"post": [-2.27628, 0.45346, 1.38932],
							"lerp_mode": "catmullrom"
						},
						"1.25": {
							"post": [-17.46155, -0.60044, 0.42758],
							"lerp_mode": "catmullrom"
						},
						"1.4583": {
							"post": [-40, 0, 0],
							"lerp_mode": "catmullrom"
						}
					},
					"position": {
						"0.0": {
							"post": [0, 0, 0],
							"lerp_mode": "catmullrom"
						},
						"1.4583": {
							"post": [0, -1.3, 0.7],
							"lerp_mode": "catmullrom"
						}
					}
				},
				"left_wing": {
					"rotation": {
						"0.0": {
							"post": [0, 0, 0],
							"lerp_mode": "catmullrom"
						},
						"0.25": {
							"post": [-39.55491, -0.56621, -43.86534],
							"lerp_mode": "catmullrom"
						},
						"0.9167": {
							"post": [-45.78299, -44.56566, -80.14224],
							"lerp_mode": "catmullrom"
						},
						"1.25": {
							"post": [-75.12268, -30.46944, -95.2361],
							"lerp_mode": "catmullrom"
						},
						"1.4583": {
							"post": [-92.25237, -27.56876, -72.02037],
							"lerp_mode": "catmullrom"
						}
					}
				},
				"left_feathers": {
					"rotation": {
						"0.0": {
							"post": [0, 0, 0],
							"lerp_mode": "catmullrom"
						},
						"0.9167": {
							"post": [-14.98232, 38.79301, -14.56413],
							"lerp_mode": "catmullrom"
						},
						"1.25": {
							"post": [-17.42484, 40.82925, -15.71097],
							"lerp_mode": "catmullrom"
						},
						"1.4583": {
							"post": [-12.7856, 15.61405, -8.46354],
							"lerp_mode": "catmullrom"
						}
					},
					"position": {
						"0.0": {
							"post": [0, 0, 0],
							"lerp_mode": "catmullrom"
						},
						"0.9167": {
							"post": [0.6, 0, 1.17],
							"lerp_mode": "catmullrom"
						},
						"1.4583": {
							"post": [0, 0, 2.8],
							"lerp_mode": "catmullrom"
						}
					}
				},
				"left_leg": {
					"rotation": {
						"0.0": {
							"post": [0, 0, 0],
							"lerp_mode": "catmullrom"
						},
						"0.25": {
							"post": [31.17089, -1.46085, -9.7499],
							"lerp_mode": "catmullrom"
						},
						"1.4583": {
							"post": [37.64615, 24.30509, -22.26914],
							"lerp_mode": "catmullrom"
						}
					}
				},
				"left_leg2": {
					"rotation": {
						"0.0": {
							"post": [0, 0, 0],
							"lerp_mode": "catmullrom"
						},
						"0.25": {
							"post": [-38.9512, 6.6343, 10.46237],
							"lerp_mode": "catmullrom"
						},
						"1.4583": {
							"post": [40, 0, 0],
							"lerp_mode": "catmullrom"
						}
					}
				},
				"left_foot": {
					"rotation": {
						"0.0": {
							"post": [0, 0, 0],
							"lerp_mode": "catmullrom"
						},
						"0.25": {
							"post": [17.25465, -0.19498, -6.74043],
							"lerp_mode": "catmullrom"
						},
						"1.4583": {
							"post": [42.5, 0, 0],
							"lerp_mode": "catmullrom"
						}
					}
				},
				"neck": {
					"rotation": {
						"0.25": {
							"pre": [26, 0, 0],
							"post": [26, 0, 0],
							"lerp_mode": "catmullrom"
						}
					}
				},
				"head": {
					"rotation": {
						"0.0": {
							"post": [0, 0, 0],
							"lerp_mode": "catmullrom"
						},
						"0.25": {
							"post": [15.63714, -0.5656, -2.14442],
							"lerp_mode": "catmullrom"
						},
						"1.0": {
							"post": [-24.8093, 11.11965, -10.22396],
							"lerp_mode": "catmullrom"
						},
						"1.25": {
							"post": [0.89555, 26.75189, 12.71224],
							"lerp_mode": "catmullrom"
						},
						"1.4583": {
							"post": [37.66243, 19.20748, 29.83757],
							"lerp_mode": "catmullrom"
						}
					}
				},
				"feather": {
					"rotation": {
						"0.0": {
							"post": [0, 0, 0],
							"lerp_mode": "catmullrom"
						},
						"1.0": {
							"post": [-6.28811, 23.06989, 0.18542],
							"lerp_mode": "catmullrom"
						},
						"1.25": {
							"post": [-23.18203, 44.75129, -17.31066],
							"lerp_mode": "catmullrom"
						},
						"1.4583": {
							"post": [7.04428, 42.84482, 15.53755],
							"lerp_mode": "catmullrom"
						}
					}
				},
				"eyelids": {
					"position": {
						"0.0": {
							"post": [0, 0, 0],
							"lerp_mode": "catmullrom"
						},
						"0.1667": {
							"post": [0, 0, -1],
							"lerp_mode": "catmullrom"
						},
						"1.4583": {
							"post": [0, 0, -1],
							"lerp_mode": "catmullrom"
						}
					}
				},
				"right_leg": {
					"rotation": {
						"0.0": {
							"post": [0, 0, 0],
							"lerp_mode": "catmullrom"
						},
						"0.25": {
							"post": [-1.77297, 15.54657, -3.82963],
							"lerp_mode": "catmullrom"
						},
						"0.9167": {
							"post": [0.48161, 13.21397, -4.20688],
							"lerp_mode": "catmullrom"
						},
						"1.4583": {
							"post": [20, 0, 0],
							"lerp_mode": "catmullrom"
						}
					}
				},
				"right_leg2": {
					"rotation": {
						"0.0": {
							"post": [0, 0, 0],
							"lerp_mode": "catmullrom"
						},
						"0.9167": {
							"post": [21.89056, 0, 0],
							"lerp_mode": "catmullrom"
						},
						"1.4583": {
							"post": [52.5, 0, 0],
							"lerp_mode": "catmullrom"
						}
					}
				},
				"right_foot": {
					"rotation": {
						"0.0": {
							"post": [0, 0, 0],
							"lerp_mode": "catmullrom"
						},
						"0.9167": {
							"post": [-0.99209, -6.69449, 1.61106],
							"lerp_mode": "catmullrom"
						},
						"1.4583": {
							"post": [60, 0, 0],
							"lerp_mode": "catmullrom"
						}
					}
				},
				"right_wing": {
					"rotation": {
						"0.0": {
							"post": [0, 0, 0],
							"lerp_mode": "catmullrom"
						},
						"0.25": {
							"post": [-38.01184, -19.98714, 33.87399],
							"lerp_mode": "catmullrom"
						},
						"0.9167": {
							"post": [-17.41521, 37.4405, 92.73003],
							"lerp_mode": "catmullrom"
						},
						"1.25": {
							"post": [-44.07749, 31.14682, 96.47637],
							"lerp_mode": "catmullrom"
						},
						"1.4583": {
							"post": [-61.83153, 28.10077, 70.29507],
							"lerp_mode": "catmullrom"
						}
					}
				},
				"right_feathers": {
					"rotation": {
						"0.0": {
							"post": [0, 0, 0],
							"lerp_mode": "catmullrom"
						},
						"0.9167": {
							"post": [-53.59196, -42.05489, 14.59132],
							"lerp_mode": "catmullrom"
						},
						"1.25": {
							"post": [-22.46067, -19.93591, 14.89349],
							"lerp_mode": "catmullrom"
						},
						"1.4583": {
							"post": [-16.71532, -3.04133, 1.23243],
							"lerp_mode": "catmullrom"
						}
					},
					"position": {
						"0.0": {
							"post": [0, 0, 0],
							"lerp_mode": "catmullrom"
						},
						"0.9167": {
							"post": [-0.61401, -0.9038, 2.47023],
							"lerp_mode": "catmullrom"
						},
						"1.4583": {
							"post": [0.27585, 0.81628, 2.551],
							"lerp_mode": "catmullrom"
						}
					}
				},
				"beak": {
					"rotation": {
						"0.0": [0, 0, 0],
						"0.375": [45, 0, 0],
						"0.9167": [67.5, 0, 0]
					}
				}
			}
		},
		"animation.staraptor.blink": {
			"animation_length": 0.1667,
			"bones": {
				"eyelids": {
					"position": {
						"0.0": [0, 0, -1],
						"0.125": [0, 0, -1],
						"0.1667": [0, 0, 0]
					}
				}
			}
		},
		"animation.staraptor.air_idle": {
			"loop": true,
			"bones": {
				"body": {
					"rotation": ["math.cos(((query.anim_time) - (0.5/4)) * 90 * 4) * (-8 * 1)", 0, 0],
					"position": [0, "math.sin(((query.anim_time) - (0.5/4)) * 90 * 4) * (-2 * 1)", 0]
				},
				"tail_feathers": {
					"rotation": ["math.sin(((query.anim_time) - (0.5/4)) * 90 * 4) * (8 * 1)", 0, 0]
				},
				"left_wing": {
					"rotation": [
						-43.29473,
						"-9.7024+math.cos(((query.anim_time) - (0.5/4)) * 90 * 4) * (-30 * 1)",
						"-84.6913+math.sin(((query.anim_time) - (0.5/4)) * 90 * 4) * (-55 * 1)"
					],
					"position": ["1+math.sin(((query.anim_time) - (0.5/4)) * 90 * 5) * (-0.25 * 1)", -1.7, 2.1]
				},
				"left_leg": {
					"rotation": ["math.cos(((query.anim_time) - (0.5/4)) * 90 * 1) * (3 * 1)", 0, 0]
				},
				"neck": {
					"rotation": ["math.sin(((query.anim_time) - (0.5/4)) * 90 * 1) * (-3 * 1)", 0, 0]
				},
				"head": {
					"rotation": ["math.sin(((query.anim_time) - (0.5/4)) * 90 * 4) * (-8 * 1)", 0, 0]
				},
				"feather": {
					"rotation": ["math.sin(((query.anim_time) - (0.5/4)) * 90 * 4) * (-4 * 1)", 0, 0]
				},
				"feather2": {
					"rotation": ["math.sin(((query.anim_time) - (0.5/4)) * 90 * 4) * (-8 * 1)", 0, 0]
				},
				"feather3": {
					"rotation": ["math.sin(((query.anim_time) - (0.5/4)) * 90 * 1) * (-3 * 1)", 0, 0]
				},
				"right_leg": {
					"rotation": ["math.cos(((query.anim_time) - (0.5/4)) * 90 * 1) * (3 * 1)", 0, 0]
				},
				"right_leg2": {
					"rotation": [0, 0, 0]
				},
				"right_wing": {
					"rotation": [
						-43.29473,
						"9.7024+math.cos(((query.anim_time) - (0.5/4)) * 90 * 4) * (30 * 1)",
						"84.6913+math.sin(((query.anim_time) - (0.5/4)) * 90 * 4) * (55 * 1)"
					],
					"position": ["-1+math.sin(((query.anim_time) - (0.5/4)) * 90 * 5) * (-0.25 * 1)", -1.7, 2.1]
				},
				"right_headfeather": {
					"rotation": [0, 0, "math.sin(((query.anim_time) - (0.5/4)) * 90 * 4) * (15 * 1)"]
				},
				"left_headfeather": {
					"rotation": [0, 0, "math.sin(((query.anim_time) - (0.5/4)) * 90 * 4) * (-15 * 1)"]
				},
				"tail": {
					"rotation": ["-16+math.sin(((query.anim_time) - (0.5/4)) * 90 * 4) * (10 * 1)", 0, 0]
				},
				"left_feathers": {
					"rotation": [-48.77264, "13.4889+math.sin(((query.anim_time) - (0.5/4)) * 90 * 4) * (50 * 1)", 0],
					"position": [-1.87246, 0.16096, 3.03616]
				},
				"right_feathers": {
					"rotation": [-48.77264, "-13.4889+math.sin(((query.anim_time) - (0.5/4)) * 90 * 4) * (-50 * 1)", 0],
					"position": [1.91734, 0.51349, 2.69145]
				},
				"left_foot": {
					"rotation": ["22.5+math.sin(((query.anim_time) - (0.5/4)) * 90 * 4) * (-15 * 1)", 0, 0]
				},
				"right_foot": {
					"rotation": ["22.5+math.sin(((query.anim_time) - (0.5/4)) * 90 * 4) * (-15 * 1)", 0, 0]
				}
			}
		},
		"animation.staraptor.air_fly": {
			"loop": true,
			"bones": {
				"body": {
					"rotation": ["27+math.cos(((query.anim_time) - (0.5/4)) * 90 * 4) * (-8 * 1)", 0, 0],
					"position": [0, "math.sin(((query.anim_time) - (0.5/4)) * 90 * 4) * (-2 * 1)", 0]
				},
				"tail_feathers": {
					"rotation": ["math.sin(((query.anim_time) - (0.5/4)) * 90 * 4) * (8 * 1)", 0, 0]
				},
				"left_wing": {
					"rotation": [
						-43.29473,
						"-9.7024+math.cos(((query.anim_time) - (0.5/4)) * 90 * 4) * (-30 * 1)",
						"-84.6913+math.sin(((query.anim_time) - (0.5/4)) * 90 * 4) * (-55 * 1)"
					],
					"position": ["1+math.sin(((query.anim_time) - (0.5/4)) * 90 * 5) * (-0.25 * 1)", -1.7, 2.1]
				},
				"left_leg": {
					"rotation": ["math.cos(((query.anim_time) - (0.5/4)) * 90 * 1) * (3 * 1)", 0, 0]
				},
				"neck": {
					"rotation": ["math.sin(((query.anim_time) - (0.5/4)) * 90 * 1) * (-3 * 1)", 0, 0]
				},
				"head": {
					"rotation": ["-16+math.sin(((query.anim_time) - (0.5/4)) * 90 * 4) * (-8 * 1)", 0, 0]
				},
				"feather": {
					"rotation": ["math.sin(((query.anim_time) - (0.5/4)) * 90 * 4) * (-4 * 1)", 0, 0]
				},
				"feather2": {
					"rotation": ["math.sin(((query.anim_time) - (0.5/4)) * 90 * 4) * (-8 * 1)", 0, 0]
				},
				"feather3": {
					"rotation": ["math.sin(((query.anim_time) - (0.5/4)) * 90 * 1) * (-3 * 1)", 0, 0]
				},
				"right_leg": {
					"rotation": ["math.cos(((query.anim_time) - (0.5/4)) * 90 * 1) * (3 * 1)", 0, 0]
				},
				"right_leg2": {
					"rotation": [0, 0, 0]
				},
				"right_wing": {
					"rotation": [
						-43.29473,
						"9.7024+math.cos(((query.anim_time) - (0.5/4)) * 90 * 4) * (30 * 1)",
						"84.6913+math.sin(((query.anim_time) - (0.5/4)) * 90 * 4) * (55 * 1)"
					],
					"position": ["-1+math.sin(((query.anim_time) - (0.5/4)) * 90 * 5) * (-0.25 * 1)", -1.7, 2.1]
				},
				"right_headfeather": {
					"rotation": [0, 0, "math.sin(((query.anim_time) - (0.5/4)) * 90 * 4) * (15 * 1)"]
				},
				"left_headfeather": {
					"rotation": [0, 0, "math.sin(((query.anim_time) - (0.5/4)) * 90 * 4) * (-15 * 1)"]
				},
				"tail": {
					"rotation": ["-16+math.sin(((query.anim_time) - (0.5/4)) * 90 * 4) * (10 * 1)", 0, 0]
				},
				"left_feathers": {
					"rotation": [-48.77264, "13.4889+math.sin(((query.anim_time) - (0.5/4)) * 90 * 4) * (50 * 1)", 0],
					"position": [-1.87246, 0.16096, 3.03616]
				},
				"right_feathers": {
					"rotation": [-48.77264, "-13.4889+math.sin(((query.anim_time) - (0.5/4)) * 90 * 4) * (-50 * 1)", 0],
					"position": [1.91734, 0.51349, 2.69145]
				},
				"left_foot": {
					"rotation": ["22.5+math.sin(((query.anim_time) - (0.5/4)) * 90 * 4) * (-15 * 1)", 0, 0]
				},
				"right_foot": {
					"rotation": ["22.5+math.sin(((query.anim_time) - (0.5/4)) * 90 * 4) * (-15 * 1)", 0, 0]
				}
			}
		}
	}
}