{
	"format_version": "1.8.0",
	"animations": {
		"animation.staravia.ground_idle": {
			"loop": true,
			"bones": {
				"body": {
					"rotation": ["-7+math.cos(((query.anim_time) - (0.5/4)) * 90 * 1) * (-3 * 1)", 0, 0],
					"position": [0, 0.5, 0]
				},
				"head": {
					"rotation": ["7+math.sin(((query.anim_time) - (0.5/4)) * 90 * 1) * (-2 * 1)", 0, 0]
				},
				"left_leg": {
					"rotation": ["math.cos(((query.anim_time) - (0.5/4)) * 90 * 1) * (12.5 * 1)", 0, 0]
				},
				"left_leg2": {
					"rotation": ["6+math.cos(((query.anim_time) - (0.5/4)) * 90 * 1) * (-12 * 1)", 0, 0]
				},
				"right_leg": {
					"rotation": ["math.cos(((query.anim_time) - (0.5/4)) * 90 * 1) * (12.5 * 1)", 0, 0]
				},
				"tail": {
					"rotation": ["math.sin(((query.anim_time) - (0.5/4)) * 90 * 1) * (-2 * 1)", 0, 0]
				},
				"tail_feathers": {
					"rotation": ["math.sin(((query.anim_time) - (0.5/4)) * 90 * 1) * (-3 * 1)", 0, 0]
				},
				"feather": {
					"rotation": ["math.sin(((query.anim_time) - (0.5/4)) * 90 * 1) * (-2 * 1)", 0, 0]
				},
				"feather2": {
					"rotation": ["math.sin(((query.anim_time) - (0.5/4)) * 90 * 1) * (-2 * 1)", 0, 0]
				},
				"right_wing": {
					"rotation": [
						0,
						"2.8651+math.cos(((query.anim_time) - (0.5/4)) * 90 * 1) * (3 * 1)",
						"7.4149+math.cos(((query.anim_time) - (0.5/4)) * 90 * 1) * (3 * 1)"
					]
				},
				"left_foot": {
					"rotation": ["math.cos(((query.anim_time) - (0.5/4)) * 90 * 1) * (3 * 1)", 0, 0]
				},
				"right_leg2": {
					"rotation": ["6+math.cos(((query.anim_time) - (0.5/4)) * 90 * 1) * (-12 * 1)", 0, 0]
				},
				"right_foot": {
					"rotation": ["math.cos(((query.anim_time) - (0.5/4)) * 90 * 1) * (3 * 1)", 0, 0]
				},
				"left_wing": {
					"rotation": [
						0,
						"-2.8651+math.cos(((query.anim_time) - (0.5/4)) * 90 * 1) * (-3 * 1)",
						"-7.4149+math.cos(((query.anim_time) - (0.5/4)) * 90 * 1) * (-3 * 1)"
					]
				}
			}
		},
		"animation.staravia.ground_walk": {
			"loop": true,
			"bones": {
				"body": {
					"rotation": ["-7+math.cos(((query.anim_time) - (0.5/4)) * 90 * 4) * (-3 * 1)", "math.cos(((query.anim_time) - (0.5/4)) * 45 * 4) * (3 * 1)", 0],
					"position": [0, "0.5+math.cos(((query.anim_time) - (0.5/4)) * 90 * 4) * (0.5 * 1)", 0]
				},
				"head": {
					"rotation": ["7+math.sin(((query.anim_time) - (0.5/4)) * 90 * 4) * (-2 * 1)", 0, 0]
				},
				"left_leg": {
					"rotation": ["22.471+math.cos(((query.anim_time) - (0.5/4)) * 90 * 2) * (-24 * 1)", 0, 0]
				},
				"left_leg2": {
					"rotation": [0, 0, 0]
				},
				"right_leg": {
					"rotation": ["22.471+math.cos(((query.anim_time) - (0.5/4)) * 90 * 2) * (24 * 1)", 0, 0]
				},
				"tail": {
					"rotation": ["math.sin(((query.anim_time) - (0.5/4)) * 90 * 1) * (-2 * 1)", "math.sin(((query.anim_time) - (0.5/4)) * 45 * 4) * (5 * 1)", 0]
				},
				"tail_feathers": {
					"rotation": ["math.sin(((query.anim_time) - (0.5/4)) * 90 * 1) * (-3 * 1)", 0, 0]
				},
				"feather": {
					"rotation": ["math.sin(((query.anim_time) - (0.5/4)) * 90 * 4) * (-2 * 1)", 0, 0]
				},
				"feather2": {
					"rotation": ["math.sin(((query.anim_time) - (0.5/4)) * 90 * 4) * (-2 * 1)", 0, 0]
				},
				"right_wing": {
					"rotation": [
						0,
						"2.8651+math.cos(((query.anim_time) - (0.5/4)) * 90 * 4) * (3 * 1)",
						"7.4149+math.cos(((query.anim_time) - (0.5/4)) * 90 * 4) * (3 * 1)"
					]
				},
				"left_foot": {
					"rotation": ["-13.9825+math.cos(((query.anim_time) - (0.5/4)) * 90 * 2) * (12 * 1)", 0, 0]
				},
				"right_leg2": {
					"rotation": [0, 0, 0]
				},
				"right_foot": {
					"rotation": ["-13.9825+math.cos(((query.anim_time) - (0.5/4)) * 90 * 2) * (-12 * 1)", 0, 0]
				},
				"left_wing": {
					"rotation": [
						0,
						"-2.8651+math.cos(((query.anim_time) - (0.5/4)) * 90 * 4) * (-3 * 1)",
						"-7.4149+math.cos(((query.anim_time) - (0.5/4)) * 90 * 4) * (-3 * 1)"
					]
				}
			}
		},
		"animation.staravia.sleep": {
			"loop": true,
			"bones": {
				"body": {
					"rotation": ["-12+math.cos(((query.anim_time) - (0.5/4)) * 90 * 1) * (2 * 1)", 0, 0]
				},
				"tail": {
					"rotation": ["math.sin(((query.anim_time) - (0.5/4)) * 90 * 1) * (4 * 1)", 0, 0]
				},
				"tail_feathers": {
					"rotation": ["math.sin(((query.anim_time) - (0.5/4)) * 90 * 1) * (4 * 1)", 0, 0]
				},
				"head": {
					"rotation": [36, 0, 0],
					"position": [0, -0.33266, -1.56504]
				},
				"feather": {
					"rotation": ["math.sin(((query.anim_time) - (0.5/4)) * 90 * 1) * (4 * 1)", 0, 0]
				},
				"feather2": {
					"rotation": ["math.sin(((query.anim_time) - (0.5/4)) * 90 * 1) * (2 * 1)", 0, 0]
				},
				"eyelids": {
					"position": [0, 0, -1.04]
				},
				"right_wing": {
					"rotation": [-16.64689, "-31.9807+17.5936+math.cos(((query.anim_time) - (0.5/4)) * 90 * 1) * (4 * 1)", 0.39736],
					"position": [0.7, 1.11754, -0.03307]
				},
				"right_feathers": {
					"rotation": [1.87274, 19.12549, 11.08254],
					"position": [0.55623, 0.82995, 1.49726]
				},
				"left_leg": {
					"rotation": ["41+math.cos(((query.anim_time) - (0.5/4)) * 90 * 1) * (-4 * 1)", 0, 0],
					"position": [0, -0.20791, -0.97815]
				},
				"left_leg2": {
					"rotation": ["-28+math.cos(((query.anim_time) - (0.5/4)) * 90 * 1) * (-3 * 1)", 0, 0]
				},
				"left_foot": {
					"rotation": ["math.cos(((query.anim_time) - (0.5/4)) * 90 * 1) * (6 * 1)", 0, 0]
				},
				"right_leg": {
					"rotation": ["41+math.cos(((query.anim_time) - (0.5/4)) * 90 * 1) * (-4 * 1)", 0, 0],
					"position": [0, -0.20791, -0.97815]
				},
				"right_leg2": {
					"rotation": ["-28+math.cos(((query.anim_time) - (0.5/4)) * 90 * 1) * (-3 * 1)", 0, 0]
				},
				"right_foot": {
					"rotation": ["math.cos(((query.anim_time) - (0.5/4)) * 90 * 1) * (6 * 1)", 0, 0]
				},
				"left_wing": {
					"rotation": [-16.64689, "-3.2065+17.5936+math.cos(((query.anim_time) - (0.5/4)) * 90 * 1) * (-4 * 1)", -0.39736],
					"position": [-0.7, 1.11754, -0.03307]
				},
				"left_feathers": {
					"rotation": [1.87274, -19.12549, -11.08254],
					"position": [-0.55623, 0.82995, 1.49726]
				}
			}
		},
		"animation.staravia.faint": {
			"loop": true,
			"animation_length": 2.885,
			"bones": {
				"body": {
					"rotation": {
						"0.0": {
							"post": [0, 0, 0],
							"lerp_mode": "catmullrom"
						},
						"0.25": {
							"post": [-15, 0, -4],
							"lerp_mode": "catmullrom"
						},
						"0.5833": {
							"post": [-30.50648, -15.51046, 0.24452],
							"lerp_mode": "catmullrom"
						},
						"0.9167": {
							"post": [-6.0524, -13.38294, -3.5471],
							"lerp_mode": "catmullrom"
						},
						"1.25": {
							"post": [28.36728, 5.07855, 10.37006],
							"lerp_mode": "catmullrom"
						}
					},
					"position": {
						"0.0": {
							"post": [0, 0, 0],
							"lerp_mode": "catmullrom"
						},
						"0.25": {
							"post": [0, 0.9, 3.25],
							"lerp_mode": "catmullrom"
						},
						"0.5833": {
							"post": [0, 0.9, 6.25],
							"lerp_mode": "catmullrom"
						},
						"0.9167": {
							"post": [0, 1.94, -1.57],
							"lerp_mode": "catmullrom"
						},
						"1.25": {
							"post": [0, -5.8, -8],
							"lerp_mode": "catmullrom"
						}
					}
				},
				"tail": {
					"rotation": {
						"0.0": {
							"post": [0, 0, 0],
							"lerp_mode": "catmullrom"
						},
						"0.25": {
							"post": [-9, 0, 0],
							"lerp_mode": "catmullrom"
						},
						"0.5833": {
							"post": [-9, 0, 0],
							"lerp_mode": "catmullrom"
						},
						"0.9167": {
							"post": [8.4395, 20.73999, -2.82073],
							"lerp_mode": "catmullrom"
						},
						"1.25": {
							"post": [-16.13249, 3.6831, -4.47776],
							"lerp_mode": "catmullrom"
						}
					},
					"position": {
						"0.0": {
							"post": [0, 0, 0],
							"lerp_mode": "catmullrom"
						},
						"0.25": {
							"post": [0, 0, 0],
							"lerp_mode": "catmullrom"
						},
						"0.5833": {
							"post": [0, 0, 0],
							"lerp_mode": "catmullrom"
						},
						"0.9167": {
							"post": [0, 0, 0],
							"lerp_mode": "catmullrom"
						},
						"1.25": {
							"post": [0.16518, -0.42203, -0.2112],
							"lerp_mode": "catmullrom"
						}
					}
				},
				"tail_feathers": {
					"rotation": {
						"0.0": {
							"post": [0, 0, 0],
							"lerp_mode": "catmullrom"
						},
						"0.25": {
							"post": [-31.94831, -1.34671, -0.33643],
							"lerp_mode": "catmullrom"
						},
						"0.5833": {
							"post": [-12, 0, 0],
							"lerp_mode": "catmullrom"
						},
						"0.9167": {
							"post": [-56.12605, -8.01902, -2.06501],
							"lerp_mode": "catmullrom"
						},
						"1.1667": {
							"post": [-29.57235, -10.1254, -7.7725],
							"lerp_mode": "catmullrom"
						},
						"1.25": {
							"post": [-66.55732, -12.62771, -8.85742],
							"lerp_mode": "catmullrom"
						}
					}
				},
				"head": {
					"rotation": {
						"0.0": {
							"post": [0, 0, 0],
							"lerp_mode": "catmullrom"
						},
						"0.25": {
							"post": [20, 0, 0],
							"lerp_mode": "catmullrom"
						},
						"0.5833": {
							"post": [-4.62723, 27.4671, -4.71356],
							"lerp_mode": "catmullrom"
						},
						"0.9167": {
							"post": [-21.42976, 22.85569, 7.63089],
							"lerp_mode": "catmullrom"
						},
						"1.1667": {
							"post": [4.71311, 47.02833, 31.65256],
							"lerp_mode": "catmullrom"
						},
						"1.25": {
							"post": [36.72734, 21.30282, 56.53431],
							"lerp_mode": "catmullrom"
						}
					},
					"position": {
						"0.0": {
							"post": [0, 0, 0],
							"lerp_mode": "catmullrom"
						},
						"0.25": {
							"post": [0, 0, 0],
							"lerp_mode": "catmullrom"
						},
						"0.5833": {
							"post": [0, 0, 0],
							"lerp_mode": "catmullrom"
						},
						"0.9167": {
							"post": [0, 0, 0],
							"lerp_mode": "catmullrom"
						},
						"1.25": {
							"post": [1.25666, -1.11242, -3.89658],
							"lerp_mode": "catmullrom"
						}
					}
				},
				"beak": {
					"rotation": {
						"0.0": {
							"post": [0, 0, 0],
							"lerp_mode": "catmullrom"
						},
						"0.25": {
							"post": [30, 0, 0],
							"lerp_mode": "catmullrom"
						},
						"0.5833": {
							"post": [40.95734, -0.86125, -1.59838],
							"lerp_mode": "catmullrom"
						},
						"0.9167": {
							"post": [40.95734, -0.86125, -1.59838],
							"lerp_mode": "catmullrom"
						},
						"1.25": {
							"post": [40, 0, 0],
							"lerp_mode": "catmullrom"
						}
					}
				},
				"feather": {
					"rotation": {
						"0.0": {
							"post": [0, 0, 0],
							"lerp_mode": "catmullrom"
						},
						"0.25": {
							"post": [18, 0, 0],
							"lerp_mode": "catmullrom"
						},
						"0.5833": {
							"post": [24.02721, -2.70827, 0.90143],
							"lerp_mode": "catmullrom"
						},
						"0.9167": {
							"post": [-5.49661, -3.20083, 5.4508],
							"lerp_mode": "catmullrom"
						},
						"1.1667": {
							"post": [18.75843, -29.25872, -29.81988],
							"lerp_mode": "catmullrom"
						},
						"1.25": {
							"post": [6.03715, -15.76816, 20.97003],
							"lerp_mode": "catmullrom"
						}
					},
					"position": {
						"0.25": {
							"pre": [0, 0.04358, -0.4981],
							"post": [0, 0.04358, -0.4981],
							"lerp_mode": "catmullrom"
						},
						"0.5833": {
							"post": [0, 0.04358, -0.4981],
							"lerp_mode": "catmullrom"
						},
						"0.9167": {
							"post": [0, 0.04358, -0.4981],
							"lerp_mode": "catmullrom"
						}
					}
				},
				"feather2": {
					"rotation": {
						"0.0": {
							"post": [0, 0, 0],
							"lerp_mode": "catmullrom"
						},
						"0.25": {
							"post": [16, 0, 0],
							"lerp_mode": "catmullrom"
						},
						"0.5833": {
							"post": [6.00574, 3.10478, 3.3728],
							"lerp_mode": "catmullrom"
						},
						"0.9167": {
							"post": [-15.22712, 6.17062, 5.22332],
							"lerp_mode": "catmullrom"
						},
						"1.1667": {
							"post": [-15.5963, 38.9819, -29.58376],
							"lerp_mode": "catmullrom"
						},
						"1.25": {
							"post": [12.75145, 6.81292, 21.1747],
							"lerp_mode": "catmullrom"
						}
					}
				},
				"eyelids": {
					"position": {
						"0.0": {
							"post": [0, 0, 0],
							"lerp_mode": "catmullrom"
						},
						"0.1667": {
							"post": [0, 0, -1.04],
							"lerp_mode": "catmullrom"
						}
					}
				},
				"right_wing": {
					"rotation": {
						"0.0": {
							"post": [0, 0, 0],
							"lerp_mode": "catmullrom"
						},
						"0.25": {
							"post": [-42.62647, 23.33702, 55.78697],
							"lerp_mode": "catmullrom"
						},
						"0.5833": {
							"post": [4.22574, 59.69227, 147.17999],
							"lerp_mode": "catmullrom"
						},
						"0.9167": {
							"post": [17.22651, 38.48691, 156.90886],
							"lerp_mode": "catmullrom"
						},
						"1.1667": {
							"post": [-52.1304, 36.27435, 99.25309],
							"lerp_mode": "catmullrom"
						},
						"1.25": {
							"post": [-76.17086, 31.43074, 51.90405],
							"lerp_mode": "catmullrom"
						}
					}
				},
				"right_feathers": {
					"rotation": {
						"0.0": {
							"post": [0, 0, 0],
							"lerp_mode": "catmullrom"
						},
						"0.25": {
							"post": [0, 0, 0],
							"lerp_mode": "catmullrom"
						},
						"0.5833": {
							"post": [-39.07026, 7.8014, 2.71802],
							"lerp_mode": "catmullrom"
						},
						"0.9167": {
							"post": [-33.65346, -6.25267, 12.60881],
							"lerp_mode": "catmullrom"
						},
						"1.25": {
							"post": [-4.22759, -22.48056, 10.34594],
							"lerp_mode": "catmullrom"
						}
					},
					"position": {
						"0.0": {
							"post": [0, 0, 0],
							"lerp_mode": "catmullrom"
						},
						"0.25": {
							"post": [0, 0, 0],
							"lerp_mode": "catmullrom"
						},
						"0.5833": {
							"post": [0, 0, 0],
							"lerp_mode": "catmullrom"
						},
						"0.9167": {
							"post": [0, 0, 0],
							"lerp_mode": "catmullrom"
						},
						"1.25": {
							"post": [-0.19296, -1.54698, 2.11178],
							"lerp_mode": "catmullrom"
						}
					}
				},
				"left_leg": {
					"rotation": {
						"0.5833": {
							"pre": [16.30249, 2.77451, -3.58371],
							"post": [16.30249, 2.77451, -3.58371],
							"lerp_mode": "catmullrom"
						},
						"0.9167": {
							"post": [16.30249, 2.77451, -3.58371],
							"lerp_mode": "catmullrom"
						}
					}
				},
				"left_leg2": {
					"rotation": {
						"0.0": {
							"post": [0, 0, 0],
							"lerp_mode": "catmullrom"
						},
						"0.25": {
							"post": [-35, 0, 0],
							"lerp_mode": "catmullrom"
						},
						"0.5833": {
							"post": [-25.39156, 1.50925, -2.20435],
							"lerp_mode": "catmullrom"
						},
						"0.9167": {
							"post": [47.37058, 16.42034, -7.32884],
							"lerp_mode": "catmullrom"
						}
					}
				},
				"left_foot": {
					"rotation": {
						"0.0": {
							"post": [0, 0, 0],
							"lerp_mode": "catmullrom"
						},
						"0.25": {
							"post": [59, 0, 0],
							"lerp_mode": "catmullrom"
						},
						"0.5833": {
							"post": [35.6793, -5.08878, 3.84526],
							"lerp_mode": "catmullrom"
						},
						"0.9167": {
							"post": [40.61687, -4.39966, 2.87727],
							"lerp_mode": "catmullrom"
						}
					}
				},
				"right_leg": {
					"rotation": {
						"0.0": {
							"post": [0, 0, 0],
							"lerp_mode": "catmullrom"
						},
						"0.25": {
							"post": [-37.0349, -1.03449, 3.86412],
							"lerp_mode": "catmullrom"
						},
						"0.5833": {
							"post": [-57.75755, 14.72162, 1.10691],
							"lerp_mode": "catmullrom"
						},
						"0.9167": {
							"post": [13.30364, 17.11959, 5.51161],
							"lerp_mode": "catmullrom"
						}
					}
				},
				"right_leg2": {
					"rotation": {
						"0.0": {
							"post": [0, 0, 0],
							"lerp_mode": "catmullrom"
						},
						"0.125": {
							"post": [2.77785, -0.0127, 0.02883],
							"lerp_mode": "catmullrom"
						},
						"0.25": {
							"post": [22, 0, 0],
							"lerp_mode": "catmullrom"
						},
						"0.5833": {
							"post": [22, 0, 0],
							"lerp_mode": "catmullrom"
						},
						"0.9167": {
							"post": [22, 0, 0],
							"lerp_mode": "catmullrom"
						}
					}
				},
				"right_foot": {
					"rotation": {
						"0.0": {
							"post": [0, 0, 0],
							"lerp_mode": "catmullrom"
						},
						"0.125": {
							"post": [20.7777, 0.01128, -0.02941],
							"lerp_mode": "catmullrom"
						},
						"0.25": {
							"post": [31, 0, 0],
							"lerp_mode": "catmullrom"
						},
						"0.5833": {
							"post": [33.41322, 0.33523, -0.55338],
							"lerp_mode": "catmullrom"
						},
						"0.9167": {
							"post": [33.41322, 0.33523, -0.55338],
							"lerp_mode": "catmullrom"
						}
					}
				},
				"left_wing": {
					"rotation": {
						"0.0": {
							"post": [0, 0, 0],
							"lerp_mode": "catmullrom"
						},
						"0.25": {
							"post": [-48.86288, -14.80569, -69.16345],
							"lerp_mode": "catmullrom"
						},
						"0.5833": {
							"post": [-27.44226, -38.17934, -119.20482],
							"lerp_mode": "catmullrom"
						},
						"0.9167": {
							"post": [-8.33769, -23.22768, -131.41472],
							"lerp_mode": "catmullrom"
						},
						"1.1667": {
							"post": [-46.82268, -31.07501, -121.04499],
							"lerp_mode": "catmullrom"
						},
						"1.25": {
							"post": [-60.52629, -36.32089, -94.8297],
							"lerp_mode": "catmullrom"
						}
					}
				},
				"left_feathers": {
					"rotation": {
						"0.0": {
							"post": [0, 0, 0],
							"lerp_mode": "catmullrom"
						},
						"0.25": {
							"post": [-27.2015, -18.74556, -0.46201],
							"lerp_mode": "catmullrom"
						},
						"0.5833": {
							"post": [-44.30401, -19.44851, -8.16563],
							"lerp_mode": "catmullrom"
						},
						"0.9167": {
							"post": [-33.51013, 2.62208, -14.99925],
							"lerp_mode": "catmullrom"
						},
						"1.1667": {
							"post": [-47.00733, 22.69882, -4.79171],
							"lerp_mode": "catmullrom"
						},
						"1.25": {
							"post": [-44.02677, 0.34368, 9.40453],
							"lerp_mode": "catmullrom"
						}
					},
					"position": {
						"0.0": {
							"post": [0, 0, 0],
							"lerp_mode": "catmullrom"
						},
						"0.25": {
							"post": [-0.45886, -0.193, 1.81168],
							"lerp_mode": "catmullrom"
						},
						"0.5833": {
							"post": [-0.45886, -0.193, 1.81168],
							"lerp_mode": "catmullrom"
						},
						"0.9167": {
							"post": [-0.45886, -0.193, 1.81168],
							"lerp_mode": "catmullrom"
						},
						"1.25": {
							"post": [0.03205, -1.25663, 3.0919],
							"lerp_mode": "catmullrom"
						}
					}
				}
			}
		},
		"animation.staravia.blink": {
			"animation_length": 0.1667,
			"bones": {
				"eyelids": {
					"position": {
						"0.0": [0, 0, -1.04],
						"0.125": [0, 0, -1.04],
						"0.1667": [0, 0, 0]
					}
				}
			}
		},
		"animation.staravia.air_idle": {
			"loop": true,
			"bones": {
				"body": {
					"rotation": ["math.cos(((query.anim_time) - (0.5/4)) * 90 * 5) * (10 * 1)", 0, 0],
					"position": [0, "math.cos(((query.anim_time) - (0.5/4)) * 90 * 5) * (-1 * 1)", 0]
				},
				"tail": {
					"rotation": ["math.sin(((query.anim_time) - (0.5/4)) * 90 * 5) * (4 * 1)", 0, 0]
				},
				"tail_feathers": {
					"rotation": ["math.sin(((query.anim_time) - (0.5/4)) * 90 * 5) * (12 * 1)", 0, 0]
				},
				"head": {
					"rotation": ["10+math.sin(((query.anim_time) - (0.5/4)) * 90 * 5) * (8 * 1)", 0, 0]
				},
				"feather": {
					"rotation": ["math.sin(((query.anim_time) - (0.5/4)) * 90 * 5) * (4 * 1)", 0, 0]
				},
				"feather2": {
					"rotation": ["math.sin(((query.anim_time) - (0.5/4)) * 90 * 5) * (8 * 1)", 0, 0]
				},
				"right_wing": {
					"rotation": [
						"-66.1068+math.sin(((query.anim_time) - (0.5/4)) * 90 * 5) * (10 * 1)",
						-2.1362,
						"72.35+math.cos(((query.anim_time) - (0.5/4)) * 90 * 5) * (55 * 1)"
					],
					"position": [-0.2, -0.5, 2]
				},
				"right_feathers": {
					"rotation": [
						-35.10323,
						"-17.2986+math.sin(((query.anim_time) - (0.5/4)) * 90 * 5) * (-40 * 1)",
						"15.09+math.sin(((query.anim_time) - (0.5/4)) * 90 * 5) * (-20 * 1)"
					],
					"position": [0.6, -0.5, 3.7]
				},
				"left_wing": {
					"rotation": [
						"-66.1068+math.sin(((query.anim_time) - (0.5/4)) * 90 * 5) * (10 * 1)",
						2.1362,
						"-72.35+math.cos(((query.anim_time) - (0.5/4)) * 90 * 5) * (-55 * 1)"
					],
					"position": [0.2, -0.5, 2]
				},
				"left_feathers": {
					"rotation": [
						-35.10323,
						"17.2986+math.sin(((query.anim_time) - (0.5/4)) * 90 * 5) * (40 * 1)",
						"-15.09+math.sin(((query.anim_time) - (0.5/4)) * 90 * 5) * (20 * 1)"
					],
					"position": [-0.6, -0.5, 3.7]
				},
				"left_leg": {
					"rotation": ["math.sin(((query.anim_time) - (0.5/4)) * 90 * 5) * (12 * 1)", 0, 0]
				},
				"left_foot": {
					"rotation": ["40+math.sin(((query.anim_time) - (0.5/4)) * 90 * 5) * (12 * 1)", 0, 0]
				},
				"right_leg": {
					"rotation": ["math.sin(((query.anim_time) - (0.5/4)) * 90 * 5) * (12 * 1)", 0, 0]
				},
				"right_foot": {
					"rotation": ["40+math.sin(((query.anim_time) - (0.5/4)) * 90 * 5) * (12 * 1)", 0, 0]
				}
			}
		},
		"animation.staravia.air_fly": {
			"loop": true,
			"bones": {
				"body": {
					"rotation": ["21+math.cos(((query.anim_time) - (0.5/4)) * 90 * 5) * (10 * 1)", 0, 0],
					"position": [0, "math.cos(((query.anim_time) - (0.5/4)) * 90 * 5) * (-1 * 1)", 0]
				},
				"tail": {
					"rotation": ["math.sin(((query.anim_time) - (0.5/4)) * 90 * 5) * (4 * 1)", 0, 0]
				},
				"tail_feathers": {
					"rotation": ["math.sin(((query.anim_time) - (0.5/4)) * 90 * 5) * (12 * 1)", 0, 0]
				},
				"head": {
					"rotation": ["-4+math.sin(((query.anim_time) - (0.5/4)) * 90 * 5) * (8 * 1)", 0, 0]
				},
				"feather": {
					"rotation": ["math.sin(((query.anim_time) - (0.5/4)) * 90 * 5) * (4 * 1)", 0, 0]
				},
				"feather2": {
					"rotation": ["math.sin(((query.anim_time) - (0.5/4)) * 90 * 5) * (8 * 1)", 0, 0]
				},
				"right_wing": {
					"rotation": [
						"-66.1068+math.sin(((query.anim_time) - (0.5/4)) * 90 * 5) * (10 * 1)",
						-2.1362,
						"72.35+math.cos(((query.anim_time) - (0.5/4)) * 90 * 5) * (55 * 1)"
					],
					"position": [-0.2, -0.5, 2]
				},
				"right_feathers": {
					"rotation": [
						-35.10323,
						"-17.2986+math.sin(((query.anim_time) - (0.5/4)) * 90 * 5) * (-40 * 1)",
						"15.09+math.sin(((query.anim_time) - (0.5/4)) * 90 * 5) * (-20 * 1)"
					],
					"position": [0.6, -0.5, 3.7]
				},
				"left_wing": {
					"rotation": [
						"-66.1068+math.sin(((query.anim_time) - (0.5/4)) * 90 * 5) * (10 * 1)",
						2.1362,
						"-72.35+math.cos(((query.anim_time) - (0.5/4)) * 90 * 5) * (-55 * 1)"
					],
					"position": [0.2, -0.5, 2]
				},
				"left_feathers": {
					"rotation": [
						-35.10323,
						"17.2986+math.sin(((query.anim_time) - (0.5/4)) * 90 * 5) * (40 * 1)",
						"-15.09+math.sin(((query.anim_time) - (0.5/4)) * 90 * 5) * (20 * 1)"
					],
					"position": [-0.6, -0.5, 3.7]
				},
				"left_leg": {
					"rotation": ["math.sin(((query.anim_time) - (0.5/4)) * 90 * 5) * (12 * 1)", 0, 0]
				},
				"left_foot": {
					"rotation": ["40+math.sin(((query.anim_time) - (0.5/4)) * 90 * 5) * (12 * 1)", 0, 0]
				},
				"right_leg": {
					"rotation": ["math.sin(((query.anim_time) - (0.5/4)) * 90 * 5) * (12 * 1)", 0, 0]
				},
				"right_foot": {
					"rotation": ["40+math.sin(((query.anim_time) - (0.5/4)) * 90 * 5) * (12 * 1)", 0, 0]
				}
			}
		}
	}
}