{
  "name": "Annihilape",
  "nationalPokedexNumber": 979,
  "primaryType": "fighting",
  "secondaryType": "ghost",
  "abilities": [
    "vitalspirit",
    "innerfocus",
    "h:defiant"
  ],
  "baseStats": {
    "hp": 110,
    "attack": 115,
    "defence": 80,
    "special_attack": 50,
    "special_defence": 90,
    "speed": 90
  },
  "behaviour": {
    "resting": {
            "canSleep": true,
            "depth": "normal",
            "light": "14-15",
			"willSleepOnBed": false
        }
  },
  "catchRate": 45,
  "maleRatio": 0.5,
  "baseExperienceYield": 268,
  "baseFriendship": 50,
  "evYield": {
    "hp": 0,
    "attack": 3,
    "defence": 0,
    "special_attack": 0,
    "special_defence": 0,
    "speed": 0
  },
  "experienceGroup": "medium_fast",
  "eggCycles": 20,
  "eggGroups": [
    "field"
  ],
  "moves": [
    "1:counter",
    "1:fling",
    "1:focusenergy",
    "1:leer",
    "1:scratch",
    "5:furyswipes",
    "8:lowkick",
    "12:seismictoss",
    "17:swagger",
    "22:crosschop",
    "26:assurance",
    "30:thrash",
    "35:ragefist",
    "39:closecombat",
    "44:screech",
    "48:stompingtantrum",
    "53:outrage",
    "57:finalgambit",
    "tm:acrobatics",
    "tm:bodyslam",
    "tm:brickbreak",
    "tm:bulkup",
    "tm:bulldoze",
    "tm:closecombat",
    "tm:dig",
    "tm:drainpunch",
    "tm:earthquake",
    "tm:encore",
    "tm:endure",
    "tm:facade",
    "tm:firepunch",
    "tm:fling",
    "tm:focusblast",
    "tm:gigaimpact",
    "tm:gunkshot",
    "tm:helpinghand",
    "tm:hyperbeam",
    "tm:icepunch",
    "tm:lowkick",
    "tm:lowsweep",
    "tm:metronome",
    "tm:nightshade",
    "tm:outrage",
    "tm:overheat",
    "tm:phantomforce",
    "tm:poisonjab",
    "tm:protect",
    "tm:raindance",
    "tm:rest",
    "tm:reversal",
    "tm:rockslide",
    "tm:rocktomb",
    "tm:scaryface",
    "tm:seedbomb",
    "tm:shadowball",
    "tm:shadowclaw",
    "tm:sleeptalk",
    "tm:stealthrock",
    "tm:stompingtantrum",
    "tm:stoneedge",
    "tm:substitute",
    "tm:sunnyday",
    "tm:swift",
    "tm:takedown",
    "tm:taunt",
    "tm:terablast",
    "tm:thief",
    "tm:thunder",
    "tm:thunderbolt",
    "tm:thunderpunch",
    "tm:uturn"
  ],
  "labels": [
    "gen9"
  ],
    "baseScale": 1,
  "hitbox": {
    "width": 0.8,
    "height": 1.25,
    "fixed": false
  },
  "aspects": [],
  "height": 12,
  "weight": 560,
  "preEvolution": "primeape",
  "evolutions": [],
  "cannotDynamax": false,
  "pokedex": [
    "cobblemon.species.annihilape.desc"
  ]
}