{
	"format_version": "1.12.0",
	"minecraft:geometry": [
		{
			"description": {
				"identifier": "geometry.trapinch",
				"texture_width": 48,
				"texture_height": 48,
				"visible_bounds_width": 3,
				"visible_bounds_height": 2.5,
				"visible_bounds_offset": [0, 0.75, 0]
			},
			"bones": [
				{
					"name": "root",
					"pivot": [0, 0, 0]
				},
				{
					"name": "body",
					"parent": "root",
					"pivot": [0, 0, 0]
				},
				{
					"name": "bone",
					"parent": "body",
					"pivot": [0, 3.5, 0],
					"cubes": [
						{"origin": [-3, 1.5, -3], "size": [6, 4, 6], "uv": [0, 25]}
					]
				},
				{
					"name": "leg1",
					"parent": "body",
					"pivot": [3, 3, -2.5],
					"rotation": [-5, 0, -5],
					"cubes": [
						{"origin": [2, 0, -3.5], "size": [2, 3, 2], "uv": [32, 18]}
					]
				},
				{
					"name": "leg2",
					"parent": "body",
					"pivot": [-3, 3, -2],
					"rotation": [-5, 0, 5],
					"cubes": [
						{"origin": [-4, 0, -3.5], "size": [2, 3, 2], "uv": [28, 27]}
					]
				},
				{
					"name": "leg3",
					"parent": "body",
					"pivot": [-3, 3, 2.5],
					"rotation": [5, 0, 5],
					"cubes": [
						{"origin": [-4, 0, 1.5], "size": [2, 3, 2], "uv": [0, 13]}
					]
				},
				{
					"name": "leg4",
					"parent": "body",
					"pivot": [3, 3, 2.5],
					"rotation": [5, 0, -5],
					"cubes": [
						{"origin": [2, 0, 1.5], "size": [2, 3, 2], "uv": [0, 0]}
					]
				},
				{
					"name": "head",
					"parent": "body",
					"pivot": [0, 5.5, -3],
					"cubes": [
						{"origin": [-3.5, 6, -12], "size": [7, 4, 9], "uv": [0, 0]},
						{"origin": [-3.51, 5, -12], "size": [0, 2, 6], "uv": [18, 21]},
						{"origin": [3.51, 5, -12], "size": [0, 2, 6], "uv": [18, 19]},
						{"origin": [-3.51, 5, -12.01], "size": [7, 3, 2], "uv": [23, 13]},
						{"origin": [-2.5, 3.5, -6], "size": [5, 5, 4], "uv": [23, 0]},
						{"origin": [-3.5, 5.99, -12], "size": [7, 0, 9], "uv": [-9, 35]}
					]
				},
				{
					"name": "chin",
					"parent": "head",
					"pivot": [0, 6, -5],
					"rotation": [17.5, 0, 0],
					"cubes": [
						{"origin": [-3.5, 3.5, -12], "size": [7, 1, 9], "uv": [0, 35]}
					]
				},
				{
					"name": "lowerjaw",
					"parent": "chin",
					"pivot": [0, 0, 0],
					"cubes": [
						{"origin": [-3.5, 3, -12], "size": [0, 3, 9], "uv": [0, 13]},
						{"origin": [3.5, 3, -12], "size": [0, 3, 9], "uv": [7, 13]},
						{"origin": [-3.5, 3, -12], "size": [7, 2, 0], "uv": [9, 23]},
						{"origin": [-3.5, 3, -12], "size": [7, 0, 9], "uv": [0, 13]},
						{"origin": [-3.5, 3, -3], "size": [7, 3, 0], "uv": [18, 22]},
						{"origin": [-2.5, 5, -12], "size": [6, 1, 0], "uv": [10, 22]}
					]
				},
				{
					"name": "eye1",
					"parent": "head",
					"pivot": [4.05, 6.5, -5],
					"cubes": [
						{"origin": [3.55, 6.5, -6.5], "size": [0, 2, 2], "uv": [4, 3]},
						{"origin": [3.56, 7, -6], "size": [0, 1, 1], "pivot": [3.56, 7.5, -5.5], "rotation": [45, 0, 0], "uv": [0, 0]}
					]
				},
				{
					"name": "eye2",
					"parent": "head",
					"pivot": [-4.05, 6.5, -5],
					"cubes": [
						{"origin": [-3.55, 6.5, -6.5], "size": [0, 2, 2], "uv": [0, 3]},
						{"origin": [-3.56, 7, -6], "size": [0, 1, 1], "pivot": [-3.56, 7.5, -5.5], "rotation": [45, 0, 0], "uv": [0, 6]}
					]
				}
			]
		}
	]
}