{
	"format_version": "1.8.0",
	"animations": {
		"animation.makuhita.ground_idle": {
			"loop": true,
			"animation_length": 1.5,
			"bones": {
				"rightFoot": {
					"rotation": [0, -20, 0]
				},
				"leftFoot": {
					"rotation": [0, 20, 0]
				},
				"head": {
					"rotation": {
						"0.0": {
							"post": [0, 0, 0],
							"lerp_mode": "catmullrom"
						},
						"0.25": {
							"post": [1, 0, 0],
							"lerp_mode": "catmullrom"
						},
						"0.75": {
							"post": [-0.25, 0, 0],
							"lerp_mode": "catmullrom"
						},
						"1.5": {
							"post": [0, 0, 0],
							"lerp_mode": "catmullrom"
						}
					}
				},
				"bone": {
					"rotation": {
						"0.0": {
							"post": [-2, -2, 0],
							"lerp_mode": "catmullrom"
						},
						"0.5": {
							"post": [0, 0, 0],
							"lerp_mode": "catmullrom"
						},
						"1.5": {
							"post": [-2, -2, 0],
							"lerp_mode": "catmullrom"
						}
					}
				},
				"rightArm": {
					"rotation": {
						"0.0": {
							"post": [0, 0, -40],
							"lerp_mode": "catmullrom"
						},
						"0.25": {
							"post": [0, 0, -41],
							"lerp_mode": "catmullrom"
						},
						"1.0": {
							"post": [0, 0, -37.5],
							"lerp_mode": "catmullrom"
						},
						"1.5": {
							"post": [0, 0, -40],
							"lerp_mode": "catmullrom"
						}
					}
				},
				"rightHand": {
					"rotation": {
						"0.0": {
							"post": [0, 0, -2.5],
							"lerp_mode": "catmullrom"
						},
						"0.75": {
							"post": [0, 0, 0],
							"lerp_mode": "catmullrom"
						},
						"1.5": {
							"post": [0, 0, -2.5],
							"lerp_mode": "catmullrom"
						}
					}
				},
				"bone2": {
					"rotation": {
						"0.0": {
							"post": [-2, 2, 0],
							"lerp_mode": "catmullrom"
						},
						"0.5": {
							"post": [0, 0, 0],
							"lerp_mode": "catmullrom"
						},
						"1.5": {
							"post": [-2, 2, 0],
							"lerp_mode": "catmullrom"
						}
					}
				},
				"leftArm": {
					"rotation": {
						"0.0": {
							"post": [0, 0, 40],
							"lerp_mode": "catmullrom"
						},
						"0.25": {
							"post": [0, 0, 41],
							"lerp_mode": "catmullrom"
						},
						"1.0": {
							"post": [0, 0, 37.5],
							"lerp_mode": "catmullrom"
						},
						"1.5": {
							"post": [0, 0, 40],
							"lerp_mode": "catmullrom"
						}
					}
				},
				"leftHand": {
					"rotation": {
						"0.0": {
							"post": [0, 0, 2.5],
							"lerp_mode": "catmullrom"
						},
						"0.75": {
							"post": [0, 0, 0],
							"lerp_mode": "catmullrom"
						},
						"1.5": {
							"post": [0, 0, 2.5],
							"lerp_mode": "catmullrom"
						}
					}
				},
				"upperbody": {
					"position": {
						"0.0": {
							"post": [0, 0, 0],
							"lerp_mode": "catmullrom"
						},
						"0.5": {
							"post": [0, 0.2, 0],
							"lerp_mode": "catmullrom"
						},
						"1.5": {
							"post": [0, 0, 0],
							"lerp_mode": "catmullrom"
						}
					}
				},
				"eye1": {
					"position": [0, 0, 0]
				},
				"eye2": {
					"position": [0, 0, 0]
				}
			}
		},
		"animation.makuhita.ground_walk": {
			"loop": true,
			"animation_length": 1,
			"bones": {
				"body": {
					"rotation": {
						"0.0": {
							"post": [0, 3, 0],
							"lerp_mode": "catmullrom"
						},
						"0.5": {
							"post": [0, -3, 0],
							"lerp_mode": "catmullrom"
						},
						"1.0": {
							"post": [0, 3, 0],
							"lerp_mode": "catmullrom"
						}
					},
					"position": {
						"0.0": {
							"post": [0, 0, 0],
							"lerp_mode": "catmullrom"
						},
						"0.25": {
							"post": [0, 0.5, 0],
							"lerp_mode": "catmullrom"
						},
						"0.5": {
							"post": [0, 0, 0],
							"lerp_mode": "catmullrom"
						},
						"0.75": {
							"post": [0, 0.5, 0],
							"lerp_mode": "catmullrom"
						},
						"1.0": {
							"post": [0, 0, 0],
							"lerp_mode": "catmullrom"
						}
					}
				},
				"rightFoot": {
					"rotation": {
						"0.0": {
							"post": [-7.5, -10, 0],
							"lerp_mode": "catmullrom"
						},
						"0.25": {
							"post": [0, -5, 0],
							"lerp_mode": "catmullrom"
						},
						"0.5": {
							"post": [0, -10, 0],
							"lerp_mode": "catmullrom"
						},
						"0.75": {
							"post": [17.5, -10, 0],
							"lerp_mode": "catmullrom"
						},
						"1.0": {
							"post": [-7.5, -10, 0],
							"lerp_mode": "catmullrom"
						}
					},
					"position": {
						"0.0": {
							"post": [0, 0, -2],
							"lerp_mode": "catmullrom"
						},
						"0.25": {
							"post": [0, -0.5, 0.73],
							"lerp_mode": "catmullrom"
						},
						"0.5": {
							"post": [0, 0, 3],
							"lerp_mode": "catmullrom"
						},
						"0.75": {
							"post": [0, 1, -0.75],
							"lerp_mode": "catmullrom"
						},
						"1.0": {
							"post": [0, 0, -2],
							"lerp_mode": "catmullrom"
						}
					}
				},
				"leftFoot": {
					"rotation": {
						"0.0": {
							"post": [0, 10, 0],
							"lerp_mode": "catmullrom"
						},
						"0.25": {
							"post": [17.5, 10, 0],
							"lerp_mode": "catmullrom"
						},
						"0.5": {
							"post": [-7.5, 10, 0],
							"lerp_mode": "catmullrom"
						},
						"0.75": {
							"post": [0, 5, 0],
							"lerp_mode": "catmullrom"
						},
						"1.0": {
							"post": [0, 10, 0],
							"lerp_mode": "catmullrom"
						}
					},
					"position": {
						"0.0": {
							"post": [0, 0, 3],
							"lerp_mode": "catmullrom"
						},
						"0.25": {
							"post": [0, 1, -0.75],
							"lerp_mode": "catmullrom"
						},
						"0.5": {
							"post": [0, 0, -2],
							"lerp_mode": "catmullrom"
						},
						"0.75": {
							"post": [0, -0.5, 0.42],
							"lerp_mode": "catmullrom"
						},
						"1.0": {
							"post": [0, 0, 3],
							"lerp_mode": "catmullrom"
						}
					}
				},
				"head": {
					"rotation": {
						"0.0": {
							"post": [0.37, 0, 0],
							"lerp_mode": "catmullrom"
						},
						"0.0833": {
							"post": [1, 0, 0],
							"lerp_mode": "catmullrom"
						},
						"0.3333": {
							"post": [-1, 0, 0],
							"lerp_mode": "catmullrom"
						},
						"0.5833": {
							"post": [0, 0, 0],
							"lerp_mode": "catmullrom"
						},
						"0.8333": {
							"post": [-1, 0, 0],
							"lerp_mode": "catmullrom"
						},
						"1.0": {
							"post": [0.37, 0, 0],
							"lerp_mode": "catmullrom"
						}
					}
				},
				"bone": {
					"rotation": {
						"0.0": {
							"post": [0, 0, 4],
							"lerp_mode": "catmullrom"
						},
						"0.0833": {
							"post": [0, 0, 3.62],
							"lerp_mode": "catmullrom"
						},
						"0.4167": {
							"post": [0, 0, -2],
							"lerp_mode": "catmullrom"
						},
						"0.9167": {
							"post": [0, 0, 4],
							"lerp_mode": "catmullrom"
						},
						"1.0": {
							"post": [0, 0, 3.62],
							"lerp_mode": "catmullrom"
						}
					}
				},
				"rightArm": {
					"rotation": {
						"0.0": {
							"post": [0, -30, -30],
							"lerp_mode": "catmullrom"
						},
						"0.5": {
							"post": [0, 15, -30],
							"lerp_mode": "catmullrom"
						},
						"0.75": {
							"post": [0, -5, -20],
							"lerp_mode": "catmullrom"
						},
						"1.0": {
							"post": [0, -30, -30],
							"lerp_mode": "catmullrom"
						}
					}
				},
				"rightHand": {
					"rotation": {
						"0.0": {
							"post": [0, -8, -5],
							"lerp_mode": "catmullrom"
						},
						"0.5": {
							"post": [0, 0, 2.5],
							"lerp_mode": "catmullrom"
						},
						"0.75": {
							"post": [0, -6, -2.5],
							"lerp_mode": "catmullrom"
						},
						"1.0": {
							"post": [0, -8, -5],
							"lerp_mode": "catmullrom"
						}
					}
				},
				"bone2": {
					"rotation": {
						"0.0": {
							"post": [0, 0, 1.21],
							"lerp_mode": "catmullrom"
						},
						"0.0833": {
							"post": [0, 0, 2],
							"lerp_mode": "catmullrom"
						},
						"0.5833": {
							"post": [0, 0, -4],
							"lerp_mode": "catmullrom"
						},
						"1.0": {
							"post": [0, 0, 1.21],
							"lerp_mode": "catmullrom"
						}
					}
				},
				"leftArm": {
					"rotation": {
						"0.0": {
							"post": [0, -15, 30],
							"lerp_mode": "catmullrom"
						},
						"0.25": {
							"post": [0, -5, 20],
							"lerp_mode": "catmullrom"
						},
						"0.5": {
							"post": [0, 30, 30],
							"lerp_mode": "catmullrom"
						},
						"1.0": {
							"post": [0, -15, 30],
							"lerp_mode": "catmullrom"
						}
					}
				},
				"leftHand": {
					"rotation": {
						"0.0": {
							"post": [0, 0, 2.5],
							"lerp_mode": "catmullrom"
						},
						"0.25": {
							"post": [0, 6, -2.5],
							"lerp_mode": "catmullrom"
						},
						"0.5": {
							"post": [0, 8, 5],
							"lerp_mode": "catmullrom"
						},
						"1.0": {
							"post": [0, 0, 2.5],
							"lerp_mode": "catmullrom"
						}
					}
				},
				"upperbody": {
					"rotation": {
						"0.0": {
							"post": [0, -2.5, 0],
							"lerp_mode": "catmullrom"
						},
						"0.5": {
							"post": [0, 2.5, 0],
							"lerp_mode": "catmullrom"
						},
						"1.0": {
							"post": [0, -2.5, 0],
							"lerp_mode": "catmullrom"
						}
					},
					"position": {
						"0.0": {
							"post": [0, 0.03, 0],
							"lerp_mode": "catmullrom"
						},
						"0.0833": {
							"post": [0, 0, 0],
							"lerp_mode": "catmullrom"
						},
						"0.3333": {
							"post": [0, 0.1, 0],
							"lerp_mode": "catmullrom"
						},
						"0.5833": {
							"post": [0, -0.1, 0],
							"lerp_mode": "catmullrom"
						},
						"0.8333": {
							"post": [0, 0.1, 0],
							"lerp_mode": "catmullrom"
						},
						"1.0": {
							"post": [0, 0.03, 0],
							"lerp_mode": "catmullrom"
						}
					}
				},
				"eye1": {
					"position": [0, 0, 0]
				},
				"eye2": {
					"position": [0, 0, 0]
				}
			}
		},
		"animation.makuhita.faint": {
			"loop": true,
			"animation_length": 1.5,
			"bones": {
				"body": {
					"rotation": {
						"0.0": {
							"post": [0, 0, 0],
							"lerp_mode": "catmullrom"
						},
						"0.375": {
							"post": [-2.5, 0, 0],
							"lerp_mode": "catmullrom"
						},
						"0.5": {
							"post": [7.5, 0, 0],
							"lerp_mode": "catmullrom"
						},
						"0.8333": [-90, 0, 0],
						"1.5": [-90, 0, 0]
					},
					"position": {
						"0.0": {
							"post": [0, 0, 0],
							"lerp_mode": "catmullrom"
						},
						"0.375": {
							"post": [0, 0, 0],
							"lerp_mode": "catmullrom"
						},
						"0.5833": {
							"post": [0, 1.5, 0],
							"lerp_mode": "catmullrom"
						},
						"0.7083": {
							"post": [0, 2.25, 1],
							"lerp_mode": "catmullrom"
						},
						"0.8333": {
							"post": [0, 1, 2],
							"lerp_mode": "catmullrom"
						},
						"0.9583": {
							"post": [0, 3, 2.1],
							"lerp_mode": "catmullrom"
						},
						"1.125": [0, 1, 2.2],
						"1.5": [0, 1, 2.2]
					}
				},
				"rightFoot": {
					"rotation": {
						"0.0": {
							"post": [0, -20, 0],
							"lerp_mode": "catmullrom"
						},
						"0.375": {
							"post": [0, -20, 0],
							"lerp_mode": "catmullrom"
						},
						"0.5": {
							"post": [2, -20, 0],
							"lerp_mode": "catmullrom"
						},
						"0.7083": {
							"post": [40, -25, -15],
							"lerp_mode": "catmullrom"
						},
						"0.8333": {
							"post": [15, -15, -10],
							"lerp_mode": "catmullrom"
						},
						"1.1667": [40, -25, -15],
						"1.5": [40, -25, -15]
					},
					"position": {
						"0.0": {
							"post": [0, 0, 0],
							"lerp_mode": "catmullrom"
						},
						"0.375": {
							"post": [0, 0, 0],
							"lerp_mode": "catmullrom"
						},
						"0.7083": {
							"post": [0, -0.5, -1],
							"lerp_mode": "catmullrom"
						},
						"0.8333": {
							"post": [0, 0, 0],
							"lerp_mode": "catmullrom"
						},
						"1.0": {
							"post": [0, 0.03, 0.11],
							"lerp_mode": "catmullrom"
						},
						"1.1667": [0, 0, 0.5],
						"1.5": [0, 0, 0.5]
					}
				},
				"leftFoot": {
					"rotation": {
						"0.0": {
							"post": [0, 20, 0],
							"lerp_mode": "catmullrom"
						},
						"0.375": {
							"post": [0, 20, 0],
							"lerp_mode": "catmullrom"
						},
						"0.5": {
							"post": [2, 20, 0],
							"lerp_mode": "catmullrom"
						},
						"0.7083": {
							"post": [40, 25, 15],
							"lerp_mode": "catmullrom"
						},
						"0.8333": {
							"post": [15, 15, 10],
							"lerp_mode": "catmullrom"
						},
						"1.1667": [40, 25, 15],
						"1.5": [40, 25, 15]
					},
					"position": {
						"0.0": {
							"post": [0, 0, 0],
							"lerp_mode": "catmullrom"
						},
						"0.375": {
							"post": [0, 0, 0],
							"lerp_mode": "catmullrom"
						},
						"0.7083": {
							"post": [0, -0.5, -1],
							"lerp_mode": "catmullrom"
						},
						"0.8333": {
							"post": [0, 0, 0],
							"lerp_mode": "catmullrom"
						},
						"1.0": {
							"post": [0, 0.03, 0.11],
							"lerp_mode": "catmullrom"
						},
						"1.1667": [0, 0, 0.5],
						"1.5": [0, 0, 0.5]
					}
				},
				"head": {
					"rotation": {
						"0.0": {
							"post": [-10, 0, 0],
							"lerp_mode": "catmullrom"
						},
						"0.4167": {
							"post": [20, 0, 0],
							"lerp_mode": "catmullrom"
						},
						"0.75": {
							"post": [20, 0, 0],
							"lerp_mode": "catmullrom"
						},
						"0.9583": {
							"post": [-10, 0, 0],
							"lerp_mode": "catmullrom"
						},
						"1.125": {
							"post": [5, 0, 0],
							"lerp_mode": "catmullrom"
						},
						"1.2083": [-7.5, 0, 0],
						"1.5": [-7.5, 0, 0]
					}
				},
				"rightArm": {
					"rotation": {
						"0.0": {
							"post": [0, -5, -32.5],
							"lerp_mode": "catmullrom"
						},
						"0.25": {
							"post": [2.5, -45, -35],
							"lerp_mode": "catmullrom"
						},
						"0.75": {
							"post": [-2.5, -50, -10],
							"lerp_mode": "catmullrom"
						},
						"0.9167": {
							"post": [0, 7.5, 0],
							"lerp_mode": "catmullrom"
						},
						"1.0417": {
							"post": [-5, 0, 0],
							"lerp_mode": "catmullrom"
						},
						"1.1667": [0, 10, 0],
						"1.5": [0, 10, 0]
					}
				},
				"leftArm": {
					"rotation": {
						"0.0": {
							"post": [0, 5, 32.5],
							"lerp_mode": "catmullrom"
						},
						"0.25": {
							"post": [2.5, 45, 35],
							"lerp_mode": "catmullrom"
						},
						"0.75": {
							"post": [-2.5, 50, 10],
							"lerp_mode": "catmullrom"
						},
						"0.9167": {
							"post": [0, -7.5, 0],
							"lerp_mode": "catmullrom"
						},
						"1.0417": {
							"post": [-5, 0, 0],
							"lerp_mode": "catmullrom"
						},
						"1.1667": [0, -10, 0],
						"1.5": [0, -10, 0]
					}
				},
				"upperbody": {
					"rotation": {
						"0.0": {
							"post": [0, 0, 0],
							"lerp_mode": "catmullrom"
						},
						"0.25": {
							"post": [30, 0, 0],
							"lerp_mode": "catmullrom"
						},
						"0.7083": {
							"post": [15, 0, 0],
							"lerp_mode": "catmullrom"
						},
						"0.9583": {
							"post": [-10, 0, 0],
							"lerp_mode": "catmullrom"
						},
						"1.0833": {
							"post": [15, 0, 0],
							"lerp_mode": "catmullrom"
						},
						"1.1667": [0, 0, 0],
						"1.5": [0, 0, 0]
					},
					"position": {
						"0.0": {
							"post": [0, -0.5, 0],
							"lerp_mode": "catmullrom"
						},
						"0.25": {
							"post": [0, 1.24, 0],
							"lerp_mode": "catmullrom"
						},
						"0.9583": [0, 0.2, 0],
						"1.5": [0, 0.2, 0]
					}
				},
				"eye1": {
					"position": {
						"0.0": [0, 0, 0],
						"0.5": [0, 0, 0],
						"0.5417": [0, 0, 1],
						"1.5": [0, 0, 1]
					}
				},
				"eye2": {
					"position": {
						"0.0": [0, 0, 0],
						"0.5": [0, 0, 0],
						"0.5417": [0, 0, -1],
						"1.5": [0, 0, -1]
					}
				}
			}
		}
	}
}