{
	"format_version": "1.8.0",
	"animations": {
		"animation.flaaffy.ground_idle": {
			"loop": true,
			"bones": {
				"torso": {
					"rotation": ["0+math.sin(q.anim_time*90*6+60)*0.25", 0, "0+math.sin(q.anim_time*90*3)*2"],
					"position": ["0+math.sin(q.anim_time*90*3)*0.15", "0-math.sin(q.anim_time*90*6+90)*0.05", 0]
				},
				"head": {
					"rotation": ["0+math.sin(q.anim_time*90*6+30)*3", 0, "0+math.sin(q.anim_time*90*3)*3"],
					"position": [0, 0, -0.25]
				},
				"tuff": {
					"rotation": [0, 0, "0+math.sin(q.anim_time*90*3-60)*2"],
					"position": [0.001, "-0.1-math.sin(q.anim_time*90*6+90)*0.2", 0]
				},
				"tail": {
					"rotation": ["0+math.sin(q.anim_time*90*3+60)*1", "0+math.sin(q.anim_time*90*3-90)*5", "0+math.sin(q.anim_time*90*3-90)*5"]
				},
				"leg_left_back": {
					"rotation": [0, 0, "0+math.sin(q.anim_time*90*1.5)*1"],
					"position": ["0+math.sin(q.anim_time*90*1.5)*0.1", 0, 0]
				},
				"leg_right_back": {
					"rotation": [0, 0, "0+math.sin(q.anim_time*90*1.5)*1"],
					"position": ["0+math.sin(q.anim_time*90*1.5)*0.1", 0, 0]
				},
				"leg_right_front": {
					"rotation": [0, 0, "0+math.sin(q.anim_time*90*1.5)*1"],
					"position": ["0+math.sin(q.anim_time*90*1.5)*0.1", 0, 0]
				},
				"leg_left_front": {
					"rotation": [0, 0, "0+math.sin(q.anim_time*90*1.5)*1"],
					"position": ["0+math.sin(q.anim_time*90*1.5)*0.1", 0, 0]
				},
				"fluff": {
					"rotation": [0, 0, "0+math.sin(q.anim_time*90*3-60)*2"]
				},
				"arm_right": {
					"rotation": [116.03345, 50.3315, "122.3977-math.sin(q.anim_time*90*6+60)*1"],
					"position": [0, -1, -2]
				},
				"arm_left": {
					"rotation": [116.03345, -50.33155, "-122.3977+math.sin(q.anim_time*90*6+60)*1"],
					"position": [0, -1, -2]
				},
				"leg_right": {
					"rotation": ["0-math.sin(q.anim_time*90*3)*1", 0, "0+math.sin(q.anim_time*90*3)*1"]
				},
				"leg_left": {
					"rotation": ["0+math.sin(q.anim_time*90*3)*1", 0, "00+math.sin(q.anim_time*90*3)*1"]
				},
				"tail2": {
					"rotation": [0, "0+math.sin(q.anim_time*90*3+120)*7.5", "0+math.sin(q.anim_time*90*3-120)*7.5"]
				},
				"tail3": {
					"rotation": [0, "0+math.sin(q.anim_time*90*3+150)*2.5", "0+math.sin(q.anim_time*90*3+150)*2.5"]
				}
			}
		},
		"animation.flaaffy.ground_walk": {
			"loop": true,
			"bones": {
				"torso": {
					"rotation": ["0+math.sin(q.anim_time*90*8+60)*0.25", "0+math.sin(q.anim_time*90*4-90)*2", "0+math.sin(q.anim_time*90*4)*2"],
					"position": ["0+math.sin(q.anim_time*90*4)*0.15", "0.75-math.sin(q.anim_time*90*8+90)*0.5", 0]
				},
				"head": {
					"rotation": ["0+math.sin(q.anim_time*90*8+30)*3", 0, "0+math.sin(q.anim_time*90*4)*3"],
					"position": [0, 0, -0.25]
				},
				"tuff": {
					"rotation": [0, 0, "0+math.sin(q.anim_time*90*4-60)*2"],
					"position": [0.001, "-0.1-math.sin(q.anim_time*90*8+90)*0.2", 0]
				},
				"tail": {
					"rotation": ["0+math.sin(q.anim_time*90*4+60)*1", "0+math.sin(q.anim_time*90*4-90)*5", "0+math.sin(q.anim_time*90*4-90)*5"]
				},
				"leg_left_back": {
					"rotation": [0, 0, "0+math.sin(q.anim_time*90*1.5)*1"],
					"position": ["0+math.sin(q.anim_time*90*1.5)*0.1", 0, 0]
				},
				"leg_right_back": {
					"rotation": [0, 0, "0+math.sin(q.anim_time*90*1.5)*1"],
					"position": ["0+math.sin(q.anim_time*90*1.5)*0.1", 0, 0]
				},
				"leg_right_front": {
					"rotation": [0, 0, "0+math.sin(q.anim_time*90*1.5)*1"],
					"position": ["0+math.sin(q.anim_time*90*1.5)*0.1", 0, 0]
				},
				"leg_left_front": {
					"rotation": [0, 0, "0+math.sin(q.anim_time*90*1.5)*1"],
					"position": ["0+math.sin(q.anim_time*90*1.5)*0.1", 0, 0]
				},
				"fluff": {
					"rotation": [0, 0, "0+math.sin(q.anim_time*90*4-60)*2"]
				},
				"arm_right": {
					"rotation": [116.03345, 50.3315, "122.3977-math.sin(q.anim_time*90*8+60)*1"],
					"position": [0, -1, -2]
				},
				"arm_left": {
					"rotation": [116.03345, -50.33155, "-122.3977+math.sin(q.anim_time*90*8+60)*1"],
					"position": [0, -1, -2]
				},
				"leg_right": {
					"rotation": ["0+math.sin(q.anim_time*90*4+180)*10", 0, "0-math.sin(q.anim_time*90*4)*1"],
					"position": [0, "0+math.clamp(math.sin(q.anim_time*90*4+30)*1,0,1)", "0+math.sin(q.anim_time*90*4+60)*1"]
				},
				"leg_left": {
					"rotation": ["0-math.sin(q.anim_time*90*4+180)*10", 0, "0+math.sin(q.anim_time*90*4)*1"],
					"position": [0, "0-math.clamp(math.sin(q.anim_time*90*4+30)*1,-1,0)", "0-math.sin(q.anim_time*90*4+60)*1"]
				},
				"tail2": {
					"rotation": [0, "0+math.sin(q.anim_time*90*4+120)*7.5", "0+math.sin(q.anim_time*90*4-120)*7.5"]
				},
				"tail3": {
					"rotation": [0, "0+math.sin(q.anim_time*90*4+150)*2.5", "0+math.sin(q.anim_time*90*4+150)*2.5"]
				}
			}
		},
		"animation.flaaffy.sleep": {
			"loop": true,
			"bones": {
				"torso": {
					"rotation": ["0+math.sin(q.anim_time*90*1.5+60)*0.25", 0, "0+math.sin(q.anim_time*90*0.75)*0.75"],
					"position": ["0+math.sin(q.anim_time*90*0.75)*0.3", "0-math.sin(q.anim_time*90*1.5+90)*0.1", 0]
				},
				"head": {
					"rotation": ["0+math.sin(q.anim_time*90*1.5+30)*1.5", 0, "0+math.sin(q.anim_time*90*0.75)*1.5"]
				},
				"tuff": {
					"position": [0.001, "-0.1-math.sin(q.anim_time*90*1.5+60)*0.1", 0]
				},
				"tail": {
					"rotation": ["0+math.sin(q.anim_time*90*1.5+60)*1", 0, "0+math.sin(q.anim_time*90*0.75-90)*3"],
					"position": [0, 0, 0]
				},
				"leg_left_back": {
					"rotation": [0, 0, "0+math.sin(q.anim_time*90*0.75)*1"],
					"position": ["0+math.sin(q.anim_time*90*0.75)*0.1", 0, 0]
				},
				"leg_right_back": {
					"rotation": [0, 0, "0+math.sin(q.anim_time*90*0.75)*1"],
					"position": ["0+math.sin(q.anim_time*90*0.75)*0.1", 0, 0]
				},
				"leg_right_front": {
					"rotation": [0, 0, "0+math.sin(q.anim_time*90*0.75)*1"],
					"position": ["0+math.sin(q.anim_time*90*0.75)*0.1", 0, 0]
				},
				"leg_left_front": {
					"rotation": [0, 0, "0+math.sin(q.anim_time*90*0.75)*1"],
					"position": ["0+math.sin(q.anim_time*90*0.75)*0.1", 0, 0]
				},
				"eyelid_right": {
					"position": [0.1, 0, 0]
				},
				"eyelid_left": {
					"position": [-0.1, 0, 0]
				},
				"arm_right": {
					"rotation": [116.0334, 50.3315, 122.3977],
					"position": [0, -1, -2]
				},
				"arm_left": {
					"rotation": [116.0334, -50.3315, -122.3977],
					"position": [0, -1, -2]
				},
				"tail2": {
					"rotation": [0, 0, "0+math.sin(q.anim_time*90*0.75-150)*3"]
				}
			}
		},
		"animation.flaaffy.blink": {
			"animation_length": 0.16667,
			"bones": {
				"eyelid_right": {
					"position": {
						"0.0": [0.1, 0, 0],
						"0.125": [0.1, 0, 0],
						"0.1667": [0, 0, 0]
					}
				},
				"eyelid_left": {
					"position": {
						"0.0": [-0.1, 0, 0],
						"0.125": [-0.1, 0, 0],
						"0.1667": [0, 0, 0]
					}
				}
			}
		}
	},
	"geckolib_format_version": 2
}