{
	"format_version": "1.12.0",
	"minecraft:geometry": [
		{
			"description": {
				"identifier": "geometry.starly",
				"texture_width": 64,
				"texture_height": 64,
				"visible_bounds_width": 3,
				"visible_bounds_height": 2.5,
				"visible_bounds_offset": [0, 0.75, 0]
			},
			"bones": [
				{
					"name": "starly",
					"pivot": [0, 0, 0]
				},
				{
					"name": "body",
					"parent": "starly",
					"pivot": [0, 4, -1.4],
					"cubes": [
						{"origin": [-3.5, 0.95952, -5.34305], "size": [7, 6, 8], "inflate": 0.001, "pivot": [-0.94048, -3, 2.05743], "rotation": [-4, 0, 0], "uv": [0, 0]}
					]
				},
				{
					"name": "tail",
					"parent": "body",
					"pivot": [0, 3.7, 2.6],
					"cubes": [
						{"origin": [-3, 1.488, -1.16257], "size": [6, 4, 5], "pivot": [0.04, -0.992, 2.27743], "rotation": [-14.5, 0, 0], "uv": [23, 23]}
					]
				},
				{
					"name": "tail_feathers",
					"parent": "tail",
					"pivot": [0, 3, 4.2],
					"cubes": [
						{"origin": [-4.2, 3.688, 4.23743], "size": [4, 0, 9], "pivot": [-3.16, -1.292, 4.67743], "rotation": [25.96192, 17.45323, 28.73099], "uv": [21, 0]},
						{"origin": [0.2, 3.688, 4.23743], "size": [4, 0, 9], "pivot": [3.16, -1.292, 4.67743], "rotation": [25.96192, -17.45323, -28.73099], "uv": [21, 0], "mirror": true},
						{"origin": [-3, 3.488, 5.13743], "size": [6, 0, 9], "pivot": [0.04, -1.492, 5.57743], "rotation": [21.5, 0, 0], "uv": [19, 14]}
					]
				},
				{
					"name": "head",
					"parent": "body",
					"pivot": [0, 7, -1.4],
					"cubes": [
						{"origin": [-3.5, 6.76704, -4.93553], "size": [7, 6, 7], "inflate": 0.002, "uv": [0, 14]},
						{"origin": [-0.5, 8.344, -5.67057], "size": [1, 1, 3], "uv": [0, 0]},
						{"origin": [-0.5, 7.88, -8.55], "size": [1, 1, 3], "pivot": [0, 8.352, -8.59457], "rotation": [9, 0, 0], "uv": [0, 4]},
						{"origin": [-1, 7.952, -7.79457], "size": [2, 1, 4], "inflate": 0.001, "uv": [30, 9]}
					]
				},
				{
					"name": "beak",
					"parent": "head",
					"pivot": [0, 7.7, -4.9],
					"cubes": [
						{"origin": [-0.5, 7.212, -7.00657], "size": [1, 1, 4], "uv": [32, 34]}
					]
				},
				{
					"name": "feather",
					"parent": "head",
					"pivot": [0, 12.5, 0.7],
					"cubes": [
						{"origin": [-1.09788, 9.76, -0.89457], "size": [0, 6, 4], "pivot": [-0.69788, 14.02, 2.80543], "rotation": [-22, -26, 6], "uv": [28, 28]}
					]
				},
				{
					"name": "eyes",
					"parent": "head",
					"pivot": [0, 0, -0.1],
					"cubes": [
						{"origin": [1.04104, 7.70304, -5.03553], "size": [2, 3, 0], "inflate": 0.003, "pivot": [1.99104, 9.35304, -4.53553], "rotation": [0, 0, -2], "uv": [0, 17]},
						{"origin": [-3.04104, 7.70304, -5.03553], "size": [2, 3, 0], "inflate": 0.003, "pivot": [-1.99104, 9.35304, -4.53553], "rotation": [0, 0, 2], "uv": [0, 17], "mirror": true}
					]
				},
				{
					"name": "eyelids",
					"parent": "eyes",
					"pivot": [0, 0, 0.9],
					"cubes": [
						{"origin": [1.04104, 7.70304, -4.03553], "size": [2, 3, 0], "inflate": 0.007, "pivot": [1.99104, 9.05304, -4.53553], "rotation": [0, 0, -2], "uv": [0, 14], "mirror": true},
						{"origin": [-3.04104, 7.70304, -4.03553], "size": [2, 3, 0], "inflate": 0.007, "pivot": [-1.99104, 9.05304, -4.53553], "rotation": [0, 0, 2], "uv": [0, 14]}
					]
				},
				{
					"name": "pupils",
					"parent": "eyes",
					"pivot": [0, 0, -0.1],
					"cubes": [
						{"origin": [1.34104, 8.30304, -5.0455], "size": [1, 2, 0], "inflate": 0.004, "pivot": [1.99104, 9.35304, -4.53553], "rotation": [0, 0, -2], "uv": [0, 0]},
						{"origin": [-2.34104, 8.30304, -5.0455], "size": [1, 2, 0], "inflate": 0.004, "pivot": [-1.99104, 9.35304, -4.53553], "rotation": [0, 0, 2], "uv": [0, 0], "mirror": true}
					]
				},
				{
					"name": "right_wing",
					"parent": "body",
					"pivot": [-4.2, 6.2, -2.9],
					"cubes": [
						{"origin": [-5.1, 1.74, -2.15857], "size": [2, 6, 5], "pivot": [-4.44, 3.96, -0.19857], "rotation": [62, 0, 0], "uv": [0, 27]}
					]
				},
				{
					"name": "right_feathers",
					"parent": "right_wing",
					"pivot": [-4.25, 3.3, 1.6],
					"cubes": [
						{"origin": [-4.236, 1.556, -0.97857], "size": [0, 4, 7], "pivot": [-5.476, 3.776, 1.78143], "rotation": [2, 3, 0], "uv": [9, 20]}
					]
				},
				{
					"name": "left_wing",
					"parent": "body",
					"pivot": [4.2, 6.2, -2.9],
					"cubes": [
						{"origin": [3.1, 1.74, -2.15857], "size": [2, 6, 5], "pivot": [4.44, 3.96, -0.19857], "rotation": [62, 0, 0], "uv": [0, 27], "mirror": true}
					]
				},
				{
					"name": "left_feathers",
					"parent": "left_wing",
					"pivot": [4.25, 3.3, 1.6],
					"cubes": [
						{"origin": [4.236, 1.556, -0.97857], "size": [0, 4, 7], "pivot": [5.476, 3.776, 1.78143], "rotation": [2, -3, 0], "uv": [9, 20], "mirror": true}
					]
				},
				{
					"name": "right_leg",
					"parent": "body",
					"pivot": [-2, 2.5, 1.8],
					"cubes": [
						{"origin": [-2, -0.64048, -0.74305], "size": [0, 3, 1], "pivot": [0, -0.6, 1.6], "rotation": [-41, 0, 0], "uv": [0, 3]}
					]
				},
				{
					"name": "right_foot",
					"parent": "right_leg",
					"pivot": [-2, 0.9, 0.4],
					"cubes": [
						{"origin": [-2.75, -0.04048, -2.74305], "size": [2, 1, 5], "uv": [14, 31]}
					]
				},
				{
					"name": "left_leg",
					"parent": "body",
					"pivot": [2, 2.5, 1.8],
					"cubes": [
						{"origin": [2, -0.64048, -0.74305], "size": [0, 3, 1], "pivot": [0, -0.6, 1.6], "rotation": [-41, 0, 0], "uv": [0, 3], "mirror": true}
					]
				},
				{
					"name": "left_foot",
					"parent": "left_leg",
					"pivot": [2, 0.9, 0.4],
					"cubes": [
						{"origin": [0.75, -0.04048, -2.74305], "size": [2, 1, 5], "uv": [14, 31], "mirror": true}
					]
				}
			]
		}
	]
}