{
	"format_version": "1.8.0",
	"animations": {
		"animation.kirlia.ground_idle": {
			"loop": true,
			"animation_length": 0.88,
			"bones": {
				"arm_left": {
					"rotation": {
						"0.0": {
							"post": [50, 33.25388, 87.67116],
							"lerp_mode": "catmullrom"
						},
						"0.44": {
							"post": [51.91704, 29.36891, 91.35693],
							"lerp_mode": "catmullrom"
						},
						"0.88": {
							"post": [50, 33.25388, 87.67116],
							"lerp_mode": "catmullrom"
						}
					},
					"position": {
						"0.0": {
							"post": [0.5, 0, 0],
							"lerp_mode": "catmullrom"
						},
						"0.44": {
							"post": [0.5, 0, -0.2],
							"lerp_mode": "catmullrom"
						},
						"0.88": {
							"post": [0.5, 0, 0],
							"lerp_mode": "catmullrom"
						}
					}
				},
				"arm_right": {
					"rotation": {
						"0.0": {
							"post": [50, -33.25392, -87.6712],
							"lerp_mode": "catmullrom"
						},
						"0.44": {
							"post": [51.91704, -29.36895, -91.35697],
							"lerp_mode": "catmullrom"
						},
						"0.88": {
							"post": [50, -33.25392, -87.6712],
							"lerp_mode": "catmullrom"
						}
					},
					"position": {
						"0.0": {
							"post": [-0.5, 0, 0],
							"lerp_mode": "catmullrom"
						},
						"0.44": {
							"post": [-0.5, 0, -0.2],
							"lerp_mode": "catmullrom"
						},
						"0.88": {
							"post": [-0.5, 0, 0],
							"lerp_mode": "catmullrom"
						}
					}
				},
				"leg_left": {
					"rotation": {
						"0.0": {
							"post": [0, 0, 5],
							"lerp_mode": "catmullrom"
						},
						"0.44": {
							"post": [0, 0, 2.5],
							"lerp_mode": "catmullrom"
						},
						"0.88": {
							"post": [0, 0, 5],
							"lerp_mode": "catmullrom"
						}
					}
				},
				"leg_right": {
					"rotation": {
						"0.0": {
							"post": [0, 0, -5],
							"lerp_mode": "catmullrom"
						},
						"0.44": {
							"post": [0, 0, -2.5],
							"lerp_mode": "catmullrom"
						},
						"0.88": {
							"post": [0, 0, -5],
							"lerp_mode": "catmullrom"
						}
					}
				},
				"all": {
					"position": {
						"0.0": {
							"post": [0, -0.25, 0],
							"lerp_mode": "catmullrom"
						},
						"0.44": {
							"post": [0, 0, 0],
							"lerp_mode": "catmullrom"
						},
						"0.88": {
							"post": [0, -0.25, 0],
							"lerp_mode": "catmullrom"
						}
					}
				},
				"skirt_right": {
					"rotation": {
						"0.0": {
							"post": [0, 0, -30],
							"lerp_mode": "catmullrom"
						},
						"0.44": {
							"post": [0, 0, -20],
							"lerp_mode": "catmullrom"
						},
						"0.88": {
							"post": [0, 0, -30],
							"lerp_mode": "catmullrom"
						}
					}
				},
				"skirt_left": {
					"rotation": {
						"0.0": {
							"post": [0, 0, 30],
							"lerp_mode": "catmullrom"
						},
						"0.44": {
							"post": [0, 0, 20],
							"lerp_mode": "catmullrom"
						},
						"0.88": {
							"post": [0, 0, 30],
							"lerp_mode": "catmullrom"
						}
					}
				}
			}
		},
		"animation.kirlia.faint": {
			"loop": true,
			"animation_length": 2.885,
			"bones": {
				"body": {
					"rotation": {
						"0.0": {
							"post": [0, 0, 0],
							"lerp_mode": "catmullrom"
						},
						"0.16": {
							"post": [7.5, 0, 0],
							"lerp_mode": "catmullrom"
						}
					}
				},
				"arm_left": {
					"rotation": {
						"0.0": {
							"post": [50, 33.25392, 87.6712],
							"lerp_mode": "catmullrom"
						},
						"0.36": {
							"post": [17.97655, 55.58952, 43.84843],
							"lerp_mode": "catmullrom"
						},
						"1.52": {
							"post": [17.98, 55.59, 43.85],
							"lerp_mode": "catmullrom"
						},
						"1.8": {
							"post": [81.39188, 50.64118, 70.53731],
							"lerp_mode": "catmullrom"
						},
						"2.0": {
							"post": [73.70796, 70.22319, 61.83528],
							"lerp_mode": "catmullrom"
						},
						"2.2": {
							"post": [85.87117, -3.87466, 49.9262],
							"lerp_mode": "catmullrom"
						},
						"2.28": {
							"post": [85.87942, -1.38113, 49.74621],
							"lerp_mode": "catmullrom"
						},
						"2.36": {
							"post": [85.87117, -3.87466, 49.9262],
							"lerp_mode": "catmullrom"
						}
					},
					"position": {
						"0.0": {
							"post": [0.5, 0, 0],
							"lerp_mode": "catmullrom"
						}
					}
				},
				"arm_right": {
					"rotation": {
						"0.0": {
							"post": [50, -33.25388, -87.67116],
							"lerp_mode": "catmullrom"
						},
						"0.36": {
							"post": [17.97655, -55.58952, -43.84843],
							"lerp_mode": "catmullrom"
						},
						"1.52": {
							"post": [17.98, -55.59, -43.85],
							"lerp_mode": "catmullrom"
						},
						"1.8": {
							"post": [81.39188, -50.64118, -70.53731],
							"lerp_mode": "catmullrom"
						},
						"2.0": {
							"post": [73.70796, -70.22319, -61.83528],
							"lerp_mode": "catmullrom"
						},
						"2.2": {
							"post": [85.87117, 3.87466, -49.9262],
							"lerp_mode": "catmullrom"
						},
						"2.28": {
							"post": [85.87942, 1.38113, -49.74621],
							"lerp_mode": "catmullrom"
						},
						"2.36": {
							"post": [85.87117, 3.87466, -49.9262],
							"lerp_mode": "catmullrom"
						}
					},
					"position": {
						"0.0": {
							"post": [-0.5, 0, 0],
							"lerp_mode": "catmullrom"
						}
					}
				},
				"leg_right": {
					"rotation": {
						"0.0": {
							"post": [0, 0, -5],
							"lerp_mode": "catmullrom"
						}
					}
				},
				"head": {
					"rotation": {
						"0.0": {
							"post": [0, 0, 0],
							"lerp_mode": "catmullrom"
						},
						"0.16": {
							"post": [37.5, 0, 0],
							"lerp_mode": "catmullrom"
						},
						"0.36": {
							"post": [57.5, 0, 0],
							"lerp_mode": "catmullrom"
						},
						"0.84": {
							"post": [-10, 0, 0],
							"lerp_mode": "catmullrom"
						},
						"1.48": {
							"post": [-10, 0, 0],
							"lerp_mode": "catmullrom"
						},
						"1.68": {
							"post": [32.72348, -6.3202, -4.04618],
							"lerp_mode": "catmullrom"
						},
						"1.96": {
							"post": [32.72, -6.32, -4.05],
							"lerp_mode": "catmullrom"
						},
						"2.2": {
							"post": [22.51254, -74.0647, -13.70756],
							"lerp_mode": "catmullrom"
						},
						"2.28": {
							"post": [30.09003, -72.9544, -21.60873],
							"lerp_mode": "catmullrom"
						},
						"2.36": {
							"post": [22.51254, -74.0647, -13.70756],
							"lerp_mode": "catmullrom"
						}
					}
				},
				"all": {
					"rotation": {
						"0.0": {
							"post": [0, 0, 0],
							"lerp_mode": "catmullrom"
						},
						"0.16": {
							"post": [0, 15, 0],
							"lerp_mode": "catmullrom"
						},
						"0.36": {
							"post": [0, 97.5, 0],
							"lerp_mode": "catmullrom"
						},
						"0.56": {
							"post": [0, 186.03, 0],
							"lerp_mode": "catmullrom"
						},
						"0.88": {
							"post": [0, 272.5, 0],
							"lerp_mode": "catmullrom"
						},
						"1.28": {
							"post": [0, 335, 0],
							"lerp_mode": "catmullrom"
						},
						"1.64": {
							"post": [0, 360, 0],
							"lerp_mode": "catmullrom"
						},
						"1.92": {
							"post": [-45, 360, 0],
							"lerp_mode": "catmullrom"
						},
						"2.08": {
							"post": [-87.5, 360, 0],
							"lerp_mode": "catmullrom"
						},
						"2.32": {
							"post": [-90, 360, 0],
							"lerp_mode": "catmullrom"
						}
					},
					"position": {
						"0.0": {
							"post": [0, -0.25, 0],
							"lerp_mode": "catmullrom"
						},
						"0.16": {
							"post": [0, -0.25, -2],
							"lerp_mode": "catmullrom"
						},
						"0.36": {
							"post": [-1.75, -0.26, -0.1],
							"lerp_mode": "catmullrom"
						},
						"0.56": {
							"post": [-0.15, -0.27, 1.29],
							"lerp_mode": "catmullrom"
						},
						"0.88": {
							"post": [1.76, -0.3, 0.56],
							"lerp_mode": "catmullrom"
						},
						"1.64": {
							"post": [0, -0.25, -2],
							"lerp_mode": "catmullrom"
						},
						"1.92": {
							"post": [0, 1, -2],
							"lerp_mode": "catmullrom"
						},
						"2.08": {
							"post": [0, 2, -2],
							"lerp_mode": "catmullrom"
						},
						"2.32": {
							"post": [0, 2.1, -2],
							"lerp_mode": "catmullrom"
						}
					}
				},
				"skirt_left": {
					"rotation": {
						"0.0": {
							"post": [0, 0, 30],
							"lerp_mode": "catmullrom"
						},
						"0.36": {
							"post": [0, 0, 60],
							"lerp_mode": "catmullrom"
						},
						"0.64": {
							"post": [0, 0, 60],
							"lerp_mode": "catmullrom"
						},
						"0.84": {
							"post": [0, 0, 30],
							"lerp_mode": "catmullrom"
						},
						"1.64": {
							"post": [0, 0, 10],
							"lerp_mode": "catmullrom"
						},
						"2.08": {
							"post": [0, 0, 10],
							"lerp_mode": "catmullrom"
						},
						"2.88": {
							"post": [0, 0, 27.5],
							"lerp_mode": "catmullrom"
						}
					}
				},
				"skirt_right": {
					"rotation": {
						"0.0": {
							"post": [0, 0, -30],
							"lerp_mode": "catmullrom"
						},
						"0.36": {
							"post": [0, 0, -60],
							"lerp_mode": "catmullrom"
						},
						"0.64": {
							"post": [0, 0, -60],
							"lerp_mode": "catmullrom"
						},
						"0.84": {
							"post": [0, 0, -30],
							"lerp_mode": "catmullrom"
						},
						"1.64": {
							"post": [0, 0, -10],
							"lerp_mode": "catmullrom"
						},
						"2.08": {
							"post": [0, 0, -10],
							"lerp_mode": "catmullrom"
						},
						"2.88": {
							"post": [0, 0, -27.5],
							"lerp_mode": "catmullrom"
						}
					}
				},
				"leg_left": {
					"rotation": {
						"0.0": {
							"post": [0, 0, 5],
							"lerp_mode": "catmullrom"
						},
						"1.68": {
							"post": [0, 0, 5],
							"lerp_mode": "catmullrom"
						},
						"2.0": {
							"post": [-22.5, 0, 5],
							"lerp_mode": "catmullrom"
						},
						"2.16": {
							"post": [5, 0, 5],
							"lerp_mode": "catmullrom"
						},
						"2.24": {
							"post": [0, 0, 5],
							"lerp_mode": "catmullrom"
						}
					}
				}
			}
		},
		"animation.kirlia.ground_walk": {
			"loop": true,
			"animation_length": 1.44,
			"bones": {
				"arm_left": {
					"rotation": [-14.2068, 35.93848, 69.67021],
					"position": [0.25, 0, 0]
				},
				"arm_right": {
					"rotation": [-14.2068, -35.9385, -69.6702],
					"position": [-0.25, 0, 0]
				},
				"leg_left": {
					"position": {
						"0.0": {
							"post": [0, 0, 0],
							"lerp_mode": "catmullrom"
						},
						"0.12": {
							"post": [0, 1, 0],
							"lerp_mode": "catmullrom"
						},
						"0.24": {
							"post": [0, 0, 0],
							"lerp_mode": "catmullrom"
						},
						"0.36": {
							"post": [0, 1, 0],
							"lerp_mode": "catmullrom"
						},
						"0.48": {
							"post": [0, 0, 0],
							"lerp_mode": "catmullrom"
						},
						"0.6": {
							"post": [0, 1, 0],
							"lerp_mode": "catmullrom"
						},
						"0.72": {
							"post": [0, 0, 0],
							"lerp_mode": "catmullrom"
						},
						"0.84": {
							"post": [0, 1, 0],
							"lerp_mode": "catmullrom"
						},
						"0.96": {
							"post": [0, 0, 0],
							"lerp_mode": "catmullrom"
						},
						"1.08": {
							"post": [0, 1, 0],
							"lerp_mode": "catmullrom"
						},
						"1.2": {
							"post": [0, 0, 0],
							"lerp_mode": "catmullrom"
						},
						"1.32": {
							"post": [0, 1, 0],
							"lerp_mode": "catmullrom"
						},
						"1.44": {
							"post": [0, 0, 0],
							"lerp_mode": "catmullrom"
						}
					}
				},
				"leg_right": {
					"position": {
						"0.0": {
							"post": [0, 1, 0],
							"lerp_mode": "catmullrom"
						},
						"0.12": {
							"post": [0, 0, 0],
							"lerp_mode": "catmullrom"
						},
						"0.24": {
							"post": [0, 1, 0],
							"lerp_mode": "catmullrom"
						},
						"0.36": {
							"post": [0, 0, 0],
							"lerp_mode": "catmullrom"
						},
						"0.48": {
							"post": [0, 1, 0],
							"lerp_mode": "catmullrom"
						},
						"0.6": {
							"post": [0, 0, 0],
							"lerp_mode": "catmullrom"
						},
						"0.72": {
							"post": [0, 1, 0],
							"lerp_mode": "catmullrom"
						},
						"0.84": {
							"post": [0, 0, 0],
							"lerp_mode": "catmullrom"
						},
						"0.96": {
							"post": [0, 1, 0],
							"lerp_mode": "catmullrom"
						},
						"1.08": {
							"post": [0, 0, 0],
							"lerp_mode": "catmullrom"
						},
						"1.2": {
							"post": [0, 1, 0],
							"lerp_mode": "catmullrom"
						},
						"1.32": {
							"post": [0, 0, 0],
							"lerp_mode": "catmullrom"
						},
						"1.44": {
							"post": [0, 1, 0],
							"lerp_mode": "catmullrom"
						}
					}
				},
				"all": {
					"rotation": {
						"0.0": [0, -360, 0],
						"0.36": [0, -270, 0],
						"0.72": [0, -180, 0],
						"1.08": [0, -90, 0],
						"1.44": [0, 0, 0]
					},
					"position": {
						"0.0": {
							"post": [0, 0, 0],
							"lerp_mode": "catmullrom"
						},
						"0.04": {
							"post": [0, 0.25, 0],
							"lerp_mode": "catmullrom"
						},
						"0.08": {
							"post": [0, 0.25, 0],
							"lerp_mode": "catmullrom"
						},
						"0.12": {
							"post": [0, 0, 0],
							"lerp_mode": "catmullrom"
						},
						"0.16": {
							"post": [0, 0.25, 0],
							"lerp_mode": "catmullrom"
						},
						"0.2": {
							"post": [0, 0.25, 0],
							"lerp_mode": "catmullrom"
						},
						"0.24": {
							"post": [0, 0, 0],
							"lerp_mode": "catmullrom"
						},
						"0.28": {
							"post": [0, 0.25, 0],
							"lerp_mode": "catmullrom"
						},
						"0.32": {
							"post": [0, 0.25, 0],
							"lerp_mode": "catmullrom"
						},
						"0.36": {
							"post": [0, 0, 0],
							"lerp_mode": "catmullrom"
						},
						"0.4": {
							"post": [0, 0.25, 0],
							"lerp_mode": "catmullrom"
						},
						"0.44": {
							"post": [0, 0.25, 0],
							"lerp_mode": "catmullrom"
						},
						"0.48": {
							"post": [0, 0, 0],
							"lerp_mode": "catmullrom"
						},
						"0.52": {
							"post": [0, 0.25, 0],
							"lerp_mode": "catmullrom"
						},
						"0.56": {
							"post": [0, 0.25, 0],
							"lerp_mode": "catmullrom"
						},
						"0.6": {
							"post": [0, 0, 0],
							"lerp_mode": "catmullrom"
						},
						"0.64": {
							"post": [0, 0.25, 0],
							"lerp_mode": "catmullrom"
						},
						"0.68": {
							"post": [0, 0.25, 0],
							"lerp_mode": "catmullrom"
						},
						"0.72": {
							"post": [0, 0, 0],
							"lerp_mode": "catmullrom"
						},
						"0.76": {
							"post": [0, 0.25, 0],
							"lerp_mode": "catmullrom"
						},
						"0.8": {
							"post": [0, 0.25, 0],
							"lerp_mode": "catmullrom"
						},
						"0.84": {
							"post": [0, 0, 0],
							"lerp_mode": "catmullrom"
						},
						"0.88": {
							"post": [0, 0.25, 0],
							"lerp_mode": "catmullrom"
						},
						"0.92": {
							"post": [0, 0.25, 0],
							"lerp_mode": "catmullrom"
						},
						"0.96": {
							"post": [0, 0, 0],
							"lerp_mode": "catmullrom"
						},
						"1.0": {
							"post": [0, 0.25, 0],
							"lerp_mode": "catmullrom"
						},
						"1.04": {
							"post": [0, 0.25, 0],
							"lerp_mode": "catmullrom"
						},
						"1.08": {
							"post": [0, 0, 0],
							"lerp_mode": "catmullrom"
						},
						"1.12": {
							"post": [0, 0.25, 0],
							"lerp_mode": "catmullrom"
						},
						"1.16": {
							"post": [0, 0.25, 0],
							"lerp_mode": "catmullrom"
						},
						"1.2": {
							"post": [0, 0, 0],
							"lerp_mode": "catmullrom"
						},
						"1.24": {
							"post": [0, 0.25, 0],
							"lerp_mode": "catmullrom"
						},
						"1.28": {
							"post": [0, 0.25, 0],
							"lerp_mode": "catmullrom"
						},
						"1.32": {
							"post": [0, 0, 0],
							"lerp_mode": "catmullrom"
						},
						"1.36": {
							"post": [0, 0.25, 0],
							"lerp_mode": "catmullrom"
						},
						"1.4": {
							"post": [0, 0.25, 0],
							"lerp_mode": "catmullrom"
						},
						"1.44": {
							"post": [0, 0, 0],
							"lerp_mode": "catmullrom"
						}
					}
				},
				"skirt_left": {
					"rotation": {
						"0.0": {
							"post": [0, 0, 2.5],
							"lerp_mode": "catmullrom"
						}
					}
				},
				"skirt_right": {
					"rotation": {
						"0.0": {
							"post": [0, 0, -2.5],
							"lerp_mode": "catmullrom"
						}
					}
				}
			}
		},
		"animation.kirlia.sleep": {
			"loop": true,
			"animation_length": 1.4,
			"bones": {
				"arm_left": {
					"rotation": [-90, 0, 52.5]
				},
				"arm_right": {
					"rotation": [-90, 0, -52.5]
				},
				"leg_left": {
					"rotation": [-90, 50, 0],
					"position": [1, 0, -1]
				},
				"leg_right": {
					"rotation": [-90, -50, 0],
					"position": [-1, 0, -1]
				},
				"head": {
					"rotation": {
						"0.0": {
							"post": [55, 0, 0],
							"lerp_mode": "catmullrom"
						},
						"0.68": {
							"post": [50, 0, 0],
							"lerp_mode": "catmullrom"
						},
						"1.4": {
							"post": [55, 0, 0],
							"lerp_mode": "catmullrom"
						}
					}
				},
				"all": {
					"position": [0, -5.5, 0]
				},
				"skirt_left": {
					"rotation": [0, 0, 17.5]
				},
				"skirt_right": {
					"rotation": [0, 0, -17.5]
				}
			}
		}
	},
	"geckolib_format_version": 2
}