{
  "name": "Buizel",
  "nationalPokedexNumber": 418,
  "primaryType": "water",
  "abilities": [
    "swiftswim",
    "h:waterveil"
  ],
  "baseStats": {
    "hp": 55,
    "attack": 65,
    "defence": 35,
    "special_attack": 60,
    "special_defence": 30,
    "speed": 85
  },
  "catchRate": 190,
  "maleRatio": 0.5,
  "shoulderMountable": false,
  "baseExperienceYield": 66,
  "experienceGroup": "medium_fast",
  "eggCycles": 20,
  "eggGroups": [
    "field",
    "water_1"
  ],
  "moves": [
    "1:tackle",
    "4:growl",
    "7:soak",
    "11:quickattack",
    "15:watergun",
    "18:bite",
    "21:swift",
    "24:aquajet",
    "27:doublehit",
    "31:whirlpool",
    "35:liquidation",
    "38:aquatail",
    "41:agility",
    "45:hydropump",
    "49:wavecrash",
    "egg:aquaring",
    "egg:batonpass",
    "egg:furycutter",
    "egg:furyswipes",
    "egg:headbutt",
    "egg:helpinghand",
    "egg:slash",
    "tm:takedown",
    "tm:agility",
    "tm:protect",
    "tm:icefang",
    "tm:waterpulse",
    "tm:lowkick",
    "tm:thief",
    "tm:chillingwater",
    "tm:facade",
    "tm:swift",
    "tm:icywind",
    "tm:rocktomb",
    "tm:lowsweep",
    "tm:fling",
    "tm:endure",
    "tm:raindance",
    "tm:dig",
    "tm:brickbreak",
    "tm:bulkup",
    "tm:icepunch",
    "tm:sleeptalk",
    "tm:waterfall",
    "tm:rest",
    "tm:taunt",
    "tm:substitute",
    "tm:crunch",
    "tm:liquidation",
    "tm:surf",
    "tm:icespinner",
    "tm:helpinghand",
    "tm:batonpass",
    "tm:icebeam",
    "tm:hydropump",
    "tm:blizzard",
    "tm:terablast"
  ],
  "labels": [
    "gen4"
  ],
  "pokedex": [
    "cobblemon.species.buizel.desc"
  ],
  "evolutions": [
    {
      "id": "buizel_floatzel",
      "variant": "level_up",
      "result": "floatzel",
      "consumeHeldItem": false,
      "learnableMoves": [],
      "requirements": [
        {
          "variant": "level",
          "minLevel": 26
        }
      ]
    }
  ],
  "baseScale": 0.7,
  "hitbox": {
    "width": 0.65,
    "height": 0.85,
    "fixed": false
      },
  "behaviour": {
    "moving": {
    "canLook": false,
      "fly": {
        "canFly": false
      },
      "swim": {
        "swimSpeed": 0.2,
        "canSwimInWater": true,
        "canBreatheUnderwater": true
  },
  "baseFriendship": 50,
  "evYield": {
    "hp": 0,
    "attack": 0,
    "defence": 0,
    "special_attack": 0,
    "special_defence": 0,
    "speed": 1
  },
  "height": 7,
  "weight": 295,
  "aspects": [],
  "cannotDynamax": false
    }
  }
}