{
  "name": "Floatzel",
  "nationalPokedexNumber": 419,
  "primaryType": "water",
  "abilities": [
    "swiftswim",
    "h:waterveil"
  ],
  "baseStats": {
    "hp": 85,
    "attack": 105,
    "defence": 55,
    "special_attack": 85,
    "special_defence": 50,
    "speed": 115
  },
  "catchRate": 75,
  "maleRatio": 0.5,
  "shoulderMountable": false,
  "baseExperienceYield": 173,
  "experienceGroup": "medium_fast",
  "eggCycles": 20,
  "eggGroups": [
    "field",
    "water_1"
  ],
  "moves": [
    "1:crunch",
    "1:growl",
    "1:icefang",
    "1:quickattack",
    "15:watergun",
    "18:bite",
    "21:swift",
    "24:aquajet",
    "29:doublehit",
    "35:whirlpool",
    "41:liquidation",
    "46:aquatail",
    "51:agility",
    "57:hydropump",
    "62:wavecrash",
    "egg:aquaring",
    "egg:batonpass",
    "egg:furycutter",
    "egg:furyswipes",
    "egg:headbutt",
    "egg:helpinghand",
    "egg:slash",
    "tm:takedown",
    "tm:agility",
    "tm:protect",
    "tm:scaryface",
    "tm:icefang",
    "tm:waterpulse",
    "tm:lowkick",
    "tm:thief",
    "tm:chillingwater",
    "tm:facade",
    "tm:snarl",
    "tm:swift",
    "tm:icywind",
    "tm:rocktomb",
    "tm:lowsweep",
    "tm:fling",
    "tm:endure",
    "tm:raindance",
    "tm:dig",
    "tm:brickbreak",
    "tm:bulkup",
    "tm:bodyslam",
    "tm:icepunch",
    "tm:sleeptalk",
    "tm:waterfall",
    "tm:metronome",
    "tm:rest",
    "tm:taunt",
    "tm:substitute",
    "tm:crunch",
    "tm:liquidation",
    "tm:surf",
    "tm:icespinner",
    "tm:helpinghand",
    "tm:batonpass",
    "tm:icebeam",
    "tm:hydropump",
    "tm:blizzard",
    "tm:gigaimpact",
    "tm:focusblast",
    "tm:hyperbeam",
    "tm:terablast"
  ],
  "labels": [
    "gen4"
  ],
  "pokedex": [
    "cobblemon.species.floatzel.desc"
  ],
  "preEvolution": "buizel",
  "evolutions": [],
  "baseScale": 1,
  "hitbox": {
    "width": 1,
    "height": 2,
    "fixed": false
      },
  "behaviour": {
    "moving": {
    "canLook": false,
      "fly": {
        "canFly": false
      },
      "swim": {
        "swimSpeed": 0.2,
        "canSwimInWater": true,
        "canBreatheUnderwater": true
  },
  "baseFriendship": 50,
  "evYield": {
    "hp": 0,
    "attack": 0,
    "defence": 0,
    "special_attack": 0,
    "special_defence": 0,
    "speed": 2
  },
  "height": 11,
  "weight": 335,
  "aspects": [],
  "cannotDynamax": false
    }
  }
}