{
  "name": "Hippopotas",
  "nationalPokedexNumber": 449,
  "primaryType": "ground",
  "abilities": [
    "sandstream",
    "h:sandforce"
  ],
  "baseStats": {
    "hp": 68,
    "attack": 72,
    "defence": 78,
    "special_attack": 38,
    "special_defence": 42,
    "speed": 32
  },
  "catchRate": 140,
  "maleRatio": 0.5,
  "shoulderMountable": false,
  "baseExperienceYield": 66,
  "experienceGroup": "slow",
  "eggCycles": 30,
  "eggGroups": [
    "field"
  ],
  "moves": [
    "1:sandattack",
    "1:tackle",
    "7:bite",
    "13:yawn",
    "19:dig",
    "19:takedown",
    "24:sandstorm",
    "25:sandtomb",
    "31:crunch",
    "32:roar",
    "36:rest",
    "37:earthquake",
    "44:doubleedge",
    "50:fissure",
    "52:slackoff",
    "egg:bodyslam",
    "egg:curse",
    "egg:revenge",
    "egg:sandtomb",
    "egg:slackoff",
    "egg:sleeptalk",
    "egg:spitup",
    "egg:stockpile",
    "egg:swallow",
    "egg:whirlwind",
    "tm:amnesia",
    "tm:attract",
    "tm:bodypress",
    "tm:bodyslam",
    "tm:bulldoze",
    "tm:captivate",
    "tm:confide",
    "tm:crunch",
    "tm:dig",
    "tm:doubleteam",
    "tm:earthpower",
    "tm:earthquake",
    "tm:endure",
    "tm:facade",
    "tm:firefang",
    "tm:frustration",
    "tm:helpinghand",
    "tm:hiddenpower",
    "tm:highhorsepower",
    "tm:icefang",
    "tm:irontail",
    "tm:muddywater",
    "tm:mudshot",
    "tm:mudslap",
    "tm:naturalgift",
    "tm:protect",
    "tm:rest",
    "tm:return",
    "tm:revenge",
    "tm:roar",
    "tm:rockslide",
    "tm:rocksmash",
    "tm:rocktomb",
    "tm:round",
    "tm:sandstorm",
    "tm:sandtomb",
    "tm:secretpower",
    "tm:sleeptalk",
    "tm:snore",
    "tm:stealthrock",
    "tm:stompingtantrum",
    "tm:stoneedge",
    "tm:strength",
    "tm:substitute",
    "tm:sunnyday",
    "tm:superpower",
    "tm:swagger",
    "tm:takedown",
    "tm:terablast",
    "tm:thunderfang",
    "tm:toxic",
    "tm:waterpulse",
    "tm:weatherball",
    "tutor:bite",
    "tutor:earthpower",
    "tutor:headbutt",
    "tutor:irontail",
    "tutor:mudslap",
    "tutor:scorchingsands",
    "tutor:sleeptalk",
    "tutor:snore",
    "tutor:stealthrock",
    "tutor:stockpile",
    "tutor:stompingtantrum",
    "tutor:superpower",
    "tutor:waterpulse"
  ],
  "labels": [
    "gen4"
  ],
  "pokedex": [
    "cobblemon.species.hippopotas.desc"
  ],
  "evolutions": [
    {
      "id": "hippopotas_hippowdon",
      "variant": "level_up",
      "result": "hippowdon",
      "consumeHeldItem": false,
      "learnableMoves": [],
      "requirements": [
        {
          "variant": "level",
          "minLevel": 34
        }
      ]
    }
  ],
  "baseScale": 1.2,
  "hitbox": {
    "width": 1,
    "height": 1,
    "fixed": false
  },
  "baseFriendship": 50,
  "evYield": {
    "hp": 0,
    "attack": 0,
    "defence": 1,
    "special_attack": 0,
    "special_defence": 0,
    "speed": 0
  },
  "height": 8,
  "weight": 495,
  "aspects": [],
  "cannotDynamax": false
}