{
  "name": "Staravia",
  "nationalPokedexNumber": 397,
  "primaryType": "normal",
  "secondaryType": "flying",
  "abilities": [
    "intimidate",
    "h:reckless"
  ],
  "baseStats": {
    "hp": 55,
    "attack": 75,
    "defence": 50,
    "special_attack": 40,
    "special_defence": 40,
    "speed": 80
  },
  "catchRate": 120,
  "maleRatio": 0.5,
  "shoulderMountable": false,
  "baseExperienceYield": 119,
  "experienceGroup": "medium_slow",
  "eggCycles": 15,
  "eggGroups": [
    "flying"
  ],
  "moves": [
    "1:growl",
    "1:quickattack",
    "1:tackle",
    "9:wingattack",
    "13:doubleteam",
    "18:endeavor",
    "23:whirlwind",
    "28:aerialace",
    "33:takedown",
    "38:agility",
    "43:bravebird",
    "48:finalgambit",
    "tm:acrobatics",
    "tm:aerialace",
    "tm:agility",
    "tm:aircutter",
    "tm:airslash",
    "tm:attract",
    "tm:bravebird",
    "tm:captivate",
    "tm:confide",
    "tm:defog",
    "tm:doubleteam",
    "tm:echoedvoice",
    "tm:endure",
    "tm:facade",
    "tm:fly",
    "tm:frustration",
    "tm:heatwave",
    "tm:helpinghand",
    "tm:hiddenpower",
    "tm:hurricane",
    "tm:naturalgift",
    "tm:pluck",
    "tm:protect",
    "tm:raindance",
    "tm:rest",
    "tm:retaliate",
    "tm:return",
    "tm:roost",
    "tm:round",
    "tm:secretpower",
    "tm:sleeptalk",
    "tm:steelwing",
    "tm:substitute",
    "tm:sunnyday",
    "tm:swagger",
    "tm:swift",
    "tm:tailwind",
    "tm:takedown",
    "tm:terablast",
    "tm:thief",
    "tm:toxic",
    "tm:uturn",
    "tm:workup",
    "tutor:aircutter",
    "tutor:defog",
    "tutor:endeavor",
    "tutor:featherdance",
    "tutor:heatwave",
    "tutor:mudslap",
    "tutor:ominouswind",
    "tutor:roost",
    "tutor:sleeptalk",
    "tutor:snore",
    "tutor:swift",
    "tutor:tailwind",
    "tutor:twister",
    "tutor:uproar",
    "tutor:wingattack"
  ],
  "labels": [
    "gen4"
  ],
  "pokedex": [
    "cobblemon.species.staravia.desc"
  ],
  "preEvolution": "starly",
  "evolutions": [
    {
      "id": "staravia_staraptor",
      "variant": "level_up",
      "result": "staraptor",
      "consumeHeldItem": false,
      "learnableMoves": [
        "closecombat"
      ],
      "requirements": [
        {
          "variant": "level",
          "minLevel": 34
        }
      ]
    }
  ],
  "baseScale": 1,
  "hitbox": {
    "width": 1,
    "height": 1,
    "fixed": false
  },
  "baseFriendship": 70,
  "evYield": {
    "hp": 0,
    "attack": 0,
    "defence": 0,
    "special_attack": 0,
    "special_defence": 0,
    "speed": 2
  },
  "height": 6,
  "weight": 155,
  "aspects": [],
  "cannotDynamax": false
}