{
  "name": "Staraptor",
  "nationalPokedexNumber": 398,
  "primaryType": "normal",
  "secondaryType": "flying",
  "abilities": [
    "intimidate",
    "h:reckless"
  ],
  "baseStats": {
    "hp": 85,
    "attack": 120,
    "defence": 70,
    "special_attack": 50,
    "special_defence": 60,
    "speed": 100
  },
  "catchRate": 45,
  "maleRatio": 0.5,
  "shoulderMountable": false,
  "baseExperienceYield": 218,
  "experienceGroup": "medium_slow",
  "eggCycles": 15,
  "eggGroups": [
    "flying"
  ],
  "moves": [
    "1:growl",
    "1:quickattack",
    "1:tackle",
    "1:wingattack",
    "13:doubleteam",
    "18:endeavor",
    "23:whirlwind",
    "28:aerialace",
    "33:takedown",
    "34:closecombat",
    "41:agility",
    "49:bravebird",
    "57:finalgambit",
    "tm:acrobatics",
    "tm:aerialace",
    "tm:agility",
    "tm:aircutter",
    "tm:airslash",
    "tm:attract",
    "tm:bravebird",
    "tm:captivate",
    "tm:closecombat",
    "tm:confide",
    "tm:defog",
    "tm:doubleteam",
    "tm:echoedvoice",
    "tm:endure",
    "tm:facade",
    "tm:fly",
    "tm:frustration",
    "tm:gigaimpact",
    "tm:heatwave",
    "tm:helpinghand",
    "tm:hiddenpower",
    "tm:hurricane",
    "tm:hyperbeam",
    "tm:naturalgift",
    "tm:pluck",
    "tm:protect",
    "tm:raindance",
    "tm:rest",
    "tm:retaliate",
    "tm:return",
    "tm:roost",
    "tm:round",
    "tm:secretpower",
    "tm:sleeptalk",
    "tm:steelwing",
    "tm:strugglebug",
    "tm:substitute",
    "tm:sunnyday",
    "tm:swagger",
    "tm:swift",
    "tm:tailwind",
    "tm:takedown",
    "tm:terablast",
    "tm:thief",
    "tm:toxic",
    "tm:uturn",
    "tm:workup",
    "tutor:aircutter",
    "tutor:defog",
    "tutor:endeavor",
    "tutor:heatwave",
    "tutor:laserfocus",
    "tutor:mudslap",
    "tutor:ominouswind",
    "tutor:roost",
    "tutor:skyattack",
    "tutor:sleeptalk",
    "tutor:snore",
    "tutor:swift",
    "tutor:tailwind",
    "tutor:twister",
    "tutor:uproar"
  ],
  "labels": [
    "gen4"
  ],
  "pokedex": [
    "cobblemon.species.staraptor.desc"
  ],
  "preEvolution": "staravia",
  "evolutions": [],
  "baseScale": 1,
  "hitbox": {
    "width": 1,
    "height": 1,
    "fixed": false
  },
  "baseFriendship": 70,
  "evYield": {
    "hp": 0,
    "attack": 3,
    "defence": 0,
    "special_attack": 0,
    "special_defence": 0,
    "speed": 0
  },
  "height": 12,
  "weight": 249,
  "aspects": [],
  "cannotDynamax": false
}