{
  "name": "Starly",
  "nationalPokedexNumber": 396,
  "primaryType": "normal",
  "secondaryType": "flying",
  "abilities": [
    "keeneye",
    "h:reckless"
  ],
  "baseStats": {
    "hp": 40,
    "attack": 55,
    "defence": 30,
    "special_attack": 30,
    "special_defence": 30,
    "speed": 60
  },
  "catchRate": 255,
  "maleRatio": 0.5,
  "shoulderMountable": true,
  "shoulderEffects": [
    "slow_fall"
  ],
  "baseExperienceYield": 49,
  "experienceGroup": "medium_slow",
  "eggCycles": 15,
  "eggGroups": [
    "flying"
  ],
  "moves": [
    "1:growl",
    "1:tackle",
    "5:quickattack",
    "9:wingattack",
    "13:doubleteam",
    "17:endeavor",
    "21:whirlwind",
    "25:aerialace",
    "29:takedown",
    "33:agility",
    "37:bravebird",
    "41:finalgambit",
    "egg:astonish",
    "egg:detect",
    "egg:doubleedge",
    "egg:featherdance",
    "egg:foresight",
    "egg:furyattack",
    "egg:mirrormove",
    "egg:pursuit",
    "egg:revenge",
    "egg:roost",
    "egg:sandattack",
    "egg:steelwing",
    "egg:uproar",
    "tm:acrobatics",
    "tm:aerialace",
    "tm:agility",
    "tm:aircutter",
    "tm:airslash",
    "tm:attract",
    "tm:bravebird",
    "tm:captivate",
    "tm:confide",
    "tm:defog",
    "tm:doubleteam",
    "tm:echoedvoice",
    "tm:endure",
    "tm:facade",
    "tm:fly",
    "tm:frustration",
    "tm:heatwave",
    "tm:helpinghand",
    "tm:hiddenpower",
    "tm:hurricane",
    "tm:naturalgift",
    "tm:pluck",
    "tm:protect",
    "tm:raindance",
    "tm:rest",
    "tm:return",
    "tm:roost",
    "tm:round",
    "tm:secretpower",
    "tm:sleeptalk",
    "tm:steelwing",
    "tm:substitute",
    "tm:sunnyday",
    "tm:swagger",
    "tm:swift",
    "tm:tailwind",
    "tm:takedown",
    "tm:terablast",
    "tm:thief",
    "tm:toxic",
    "tm:uturn",
    "tm:workup",
    "tutor:aircutter",
    "tutor:defog",
    "tutor:endeavor",
    "tutor:growl",
    "tutor:heatwave",
    "tutor:mudslap",
    "tutor:ominouswind",
    "tutor:roost",
    "tutor:sleeptalk",
    "tutor:snore",
    "tutor:swift",
    "tutor:tackle",
    "tutor:tailwind",
    "tutor:twister",
    "tutor:uproar"
  ],
  "labels": [
    "gen4"
  ],
  "pokedex": [
    "cobblemon.species.starly.desc"
  ],
  "evolutions": [
    {
      "id": "starly_staravia",
      "variant": "level_up",
      "result": "staravia",
      "consumeHeldItem": false,
      "learnableMoves": [],
      "requirements": [
        {
          "variant": "level",
          "minLevel": 14
        }
      ]
    }
  ],
  "baseScale": 0.7,
  "hitbox": {
    "width": 1,
    "height": 1,
    "fixed": false
  },
  "baseFriendship": 70,
  "evYield": {
    "hp": 0,
    "attack": 0,
    "defence": 0,
    "special_attack": 0,
    "special_defence": 0,
    "speed": 1
  },
  "height": 3,
  "weight": 20,
  "aspects": [],
  "cannotDynamax": false
}
