{
	"format_version": "1.12.0",
	"minecraft:geometry": [
		{
			"description": {
				"identifier": "geometry.hariyama",
				"texture_width": 128,
				"texture_height": 128,
				"visible_bounds_width": 7,
				"visible_bounds_height": 3.5,
				"visible_bounds_offset": [0, 1.25, 0]
			},
			"bones": [
				{
					"name": "hariyama",
					"pivot": [0, 1, 0]
				},
				{
					"name": "body",
					"parent": "hariyama",
					"pivot": [0, 1, 0],
					"cubes": [
						{"origin": [-11, 3, -6], "size": [11, 11, 11], "pivot": [-4.5, 7, 1], "rotation": [0, 0, 7.5], "uv": [84, 0]},
						{"origin": [0, 3, -6], "size": [11, 11, 11], "pivot": [4.5, 7, 1], "rotation": [0, 0, -7.5], "uv": [84, 0], "mirror": true}
					]
				},
				{
					"name": "rightfoot",
					"parent": "body",
					"pivot": [6, 2, 1],
					"cubes": [
						{"origin": [4, 0, -5], "size": [5, 3, 7], "uv": [50, 0]}
					]
				},
				{
					"name": "leftfoot",
					"parent": "body",
					"pivot": [-6, 2, 1],
					"cubes": [
						{"origin": [-9, 0, -5], "size": [5, 3, 7], "uv": [0, 55]}
					]
				},
				{
					"name": "upperbody",
					"parent": "body",
					"pivot": [0, 11.5, 0],
					"cubes": [
						{"origin": [-0.9, 17.79, -7], "size": [8, 0, 1], "pivot": [3.1, 16.8, -6], "rotation": [-90, 0, -10], "uv": [12, 127], "mirror": true},
						{"origin": [-7.1, 17.79, -7], "size": [8, 0, 1], "pivot": [-3.1, 16.8, -6], "rotation": [-90, 0, 10], "uv": [12, 127]},
						{"origin": [-0.9, 17.76, -5.9], "size": [5, 0, 1], "pivot": [3.1, 16.8, -6], "rotation": [-90, 0, -10], "uv": [28, 127], "mirror": true},
						{"origin": [-4.1, 17.76, -5.9], "size": [5, 0, 1], "pivot": [-3.1, 16.8, -6], "rotation": [-90, 0, 10], "uv": [28, 127]},
						{"origin": [-3, 15.5, -5.025], "size": [6, 4, 0], "uv": [0, 124]},
						{"origin": [-7, 12.5, -5], "size": [14, 11, 9], "uv": [0, 0]},
						{"origin": [-0.9, 17.79, 5], "size": [8, 0, 2], "pivot": [3.1, 16.8, 5], "rotation": [90, 0, -10], "uv": [11, 126], "mirror": true},
						{"origin": [-7.1, 17.79, 5], "size": [8, 0, 2], "pivot": [-3.1, 16.8, 5], "rotation": [90, 0, 10], "uv": [11, 126]}
					]
				},
				{
					"name": "skirt1",
					"parent": "upperbody",
					"pivot": [0, 16, -5],
					"rotation": [60, 0, 0],
					"cubes": [
						{"origin": [-4, 16, -9], "size": [8, 0, 4], "uv": [108, 22]}
					]
				},
				{
					"name": "skirtadd1",
					"parent": "skirt1",
					"pivot": [0, 16, -9],
					"rotation": [25, 0, 0],
					"cubes": [
						{"origin": [-4, 16, -17], "size": [8, 0, 8], "uv": [104, 26]}
					]
				},
				{
					"name": "skirt2",
					"parent": "upperbody",
					"pivot": [-7, 17.5, -1],
					"rotation": [0, 90, -40],
					"cubes": [
						{"origin": [-13, 17.5, -5], "size": [11, 0, 4], "uv": [102, 53]}
					]
				},
				{
					"name": "skirtadd2",
					"parent": "skirt2",
					"pivot": [-7, 17.5, -5],
					"rotation": [25, 0, 0],
					"cubes": [
						{"origin": [-13, 17.5, -12], "size": [11, 0, 7], "uv": [99, 46]}
					]
				},
				{
					"name": "skirt3",
					"parent": "upperbody",
					"pivot": [-3.1, 16.8, -5],
					"rotation": [62.5, 0, 10],
					"cubes": [
						{"origin": [-8.1, 16.8, -9], "size": [9, 0, 4], "uv": [106, 34]}
					]
				},
				{
					"name": "skirtadd3",
					"parent": "skirt3",
					"pivot": [-3.1, 16.8, -9],
					"rotation": [25, 0, 0],
					"cubes": [
						{"origin": [-9.1, 16.8, -17], "size": [9, 0, 8], "uv": [102, 38]}
					]
				},
				{
					"name": "skirt4",
					"parent": "upperbody",
					"pivot": [3.1, 16.8, -5],
					"rotation": [62.5, 0, -10],
					"cubes": [
						{"origin": [-0.9, 16.8, -9], "size": [9, 0, 4], "uv": [106, 34], "mirror": true}
					]
				},
				{
					"name": "skirtadd4",
					"parent": "skirt4",
					"pivot": [3.1, 16.8, -9],
					"rotation": [25, 0, 0],
					"cubes": [
						{"origin": [0.1, 16.8, -17], "size": [9, 0, 8], "uv": [102, 38], "mirror": true}
					]
				},
				{
					"name": "skirt5",
					"parent": "upperbody",
					"pivot": [-3.05, 16.8, 4],
					"rotation": [-62.5, 0, 10],
					"cubes": [
						{"origin": [-8.05, 16.8, 4], "size": [9, 0, 4], "uv": [106, 57]}
					]
				},
				{
					"name": "skirtadd5",
					"parent": "skirt5",
					"pivot": [-3.05, 16.8, 8],
					"rotation": [-25, 0, 0],
					"cubes": [
						{"origin": [-9.05, 16.8, 8], "size": [10, 0, 7], "uv": [101, 61]}
					]
				},
				{
					"name": "skirt6",
					"parent": "upperbody",
					"pivot": [3.05, 16.8, 4],
					"rotation": [-62.5, 0, -10],
					"cubes": [
						{"origin": [-0.95, 16.8, 4], "size": [9, 0, 4], "uv": [106, 57], "mirror": true}
					]
				},
				{
					"name": "skirtadd6",
					"parent": "skirt6",
					"pivot": [3.05, 16.8, 8],
					"rotation": [-25, 0, 0],
					"cubes": [
						{"origin": [-0.95, 16.8, 8], "size": [10, 0, 7], "uv": [101, 61], "mirror": true}
					]
				},
				{
					"name": "skirt7",
					"parent": "upperbody",
					"pivot": [7, 17.5, -1],
					"rotation": [0, -90, 40],
					"cubes": [
						{"origin": [2, 17.5, -5], "size": [11, 0, 4], "uv": [102, 53], "mirror": true}
					]
				},
				{
					"name": "skirtadd7",
					"parent": "skirt7",
					"pivot": [7, 17.5, -5],
					"rotation": [25, 0, 0],
					"cubes": [
						{"origin": [2, 17.5, -12], "size": [11, 0, 7], "uv": [99, 46], "mirror": true}
					]
				},
				{
					"name": "rightArm",
					"parent": "upperbody",
					"pivot": [-7, 21, 0],
					"cubes": [
						{"origin": [-12.5, 18.4, -2], "size": [6, 4, 4], "uv": [108, 89], "mirror": true}
					]
				},
				{
					"name": "rightHand2",
					"parent": "rightArm",
					"pivot": [-12.5, 21, 0],
					"cubes": [
						{"origin": [-17.1, 18.5, -3], "size": [5, 4, 6], "pivot": [-13.1, 20.1, 0.5], "rotation": [0, 7.5, 0], "uv": [106, 97], "mirror": true},
						{"origin": [-22.7, 19.1, -3], "size": [6, 3, 4], "pivot": [-17.1, 20.6, -1], "rotation": [0, -7.5, -5], "uv": [108, 114], "mirror": true},
						{"origin": [-18.5, 19, -3.6], "size": [5, 3, 4], "pivot": [-13.5, 20.5, -2.6], "rotation": [7.5, -60, -7.5], "uv": [110, 107], "mirror": true},
						{"origin": [-23.1, 18.9, 0], "size": [8, 3, 4], "pivot": [-17.1, 20.6, -1], "rotation": [-2.5, 20, -2.5], "uv": [104, 121], "mirror": true}
					]
				},
				{
					"name": "leftArm",
					"parent": "upperbody",
					"pivot": [7, 21, 0],
					"cubes": [
						{"origin": [6.5, 18.4, -2], "size": [6, 4, 4], "uv": [108, 89]}
					]
				},
				{
					"name": "leftHand2",
					"parent": "leftArm",
					"pivot": [12.5, 21, 0],
					"cubes": [
						{"origin": [12.1, 18.5, -3], "size": [5, 4, 6], "pivot": [13.1, 20.1, 0.5], "rotation": [0, -7.5, 0], "uv": [106, 97]},
						{"origin": [16.7, 19.1, -3], "size": [6, 3, 4], "pivot": [17.1, 20.6, -1], "rotation": [0, 7.5, 5], "uv": [108, 114]},
						{"origin": [13.5, 19, -3.6], "size": [5, 3, 4], "pivot": [13.5, 20.5, -2.6], "rotation": [7.5, 60, 7.5], "uv": [110, 107]},
						{"origin": [15.1, 18.9, 0], "size": [8, 3, 4], "pivot": [17.1, 20.6, -1], "rotation": [-2.5, -20, 2.5], "uv": [104, 121]}
					]
				},
				{
					"name": "head",
					"parent": "upperbody",
					"pivot": [0, 23.5, -1],
					"cubes": [
						{"origin": [-5.5, 23.5, -5.5], "size": [11, 6, 9], "uv": [37, 11]},
						{"origin": [5.3, 23.7, -2.5], "size": [3, 4, 3], "pivot": [5.3, 25.7, -1.5], "rotation": [0, -10, 0], "uv": [29, 56]},
						{"origin": [-8.3, 23.7, -2.5], "size": [3, 4, 3], "pivot": [-5.3, 25.7, -1.5], "rotation": [0, 10, 0], "uv": [17, 55]},
						{"origin": [-2.5, 27.5, -5.7], "size": [5, 5, 10], "pivot": [0, 30, -1.6], "rotation": [5, 0, 0], "uv": [0, 40]},
						{"origin": [-5.7, 25.7, -5.6], "size": [8, 2, 0], "pivot": [-2, 27.2, -5.6], "rotation": [0, 0, 45], "uv": [39, 126]},
						{"origin": [-2.3, 25.7, -5.6], "size": [8, 2, 0], "pivot": [2, 27.2, -5.6], "rotation": [0, 0, -45], "uv": [39, 126], "mirror": true}
					]
				},
				{
					"name": "eye1",
					"parent": "head",
					"pivot": [0, 24.5, -5.5],
					"cubes": [
						{"origin": [-4.7, 24.3, -5.525], "size": [3, 2, 0], "pivot": [-2.7, 24.3, -5.5], "rotation": [0, 0, 22.5], "uv": [0, 102], "mirror": true},
						{"origin": [-3.6, 23.9, -5.55], "size": [1, 2, 0], "pivot": [-2.6, 23.9, -5.5], "rotation": [0, 0, 17.5], "uv": [0, 104], "mirror": true},
						{"origin": [1.7, 24.3, -5.525], "size": [3, 2, 0], "pivot": [2.7, 24.3, -5.5], "rotation": [0, 0, -22.5], "uv": [0, 102]},
						{"origin": [2.6, 23.9, -5.55], "size": [1, 2, 0], "pivot": [2.6, 23.9, -5.5], "rotation": [0, 0, -17.5], "uv": [0, 104]}
					]
				},
				{
					"name": "hair",
					"parent": "head",
					"pivot": [0, 27.5, 3.5],
					"rotation": [20, 0, 0],
					"cubes": [
						{"origin": [-1.5, 22.5, 3.5], "size": [3, 5, 0], "uv": [63, 117]}
					]
				},
				{
					"name": "hairext",
					"parent": "hair",
					"pivot": [0, 22.5, 3.5],
					"rotation": [-15, 0, 0],
					"cubes": [
						{"origin": [-1.5, 15, 3.5], "size": [6, 8, 0], "pivot": [1.5, 24.5, 3.5], "rotation": [0, 0, -12.5], "uv": [69, 116]},
						{"origin": [-4.5, 15, 3.5], "size": [6, 8, 0], "pivot": [-1.5, 24.5, 3.5], "rotation": [0, 0, 12.5], "uv": [69, 116], "mirror": true}
					]
				}
			]
		}
	]
}