{
	"format_version": "1.12.0",
	"minecraft:geometry": [
		{
			"description": {
				"identifier": "geometry.surskit",
				"texture_width": 48,
				"texture_height": 48,
				"visible_bounds_width": 3,
				"visible_bounds_height": 2.5,
				"visible_bounds_offset": [0, 0.75, 0]
			},
			"bones": [
				{
					"name": "surskit",
					"pivot": [0, 0, 0]
				},
				{
					"name": "body",
					"parent": "surskit",
					"pivot": [0, 11, 0],
					"cubes": [
						{"origin": [-5, 8.3, -5], "size": [10, 7, 10], "uv": [0, 0]}
					]
				},
				{
					"name": "stem",
					"parent": "body",
					"pivot": [0, 15.3, 0],
					"cubes": [
						{"origin": [-1.5, 13.9, -1.5], "size": [3, 4, 3], "uv": [26, 17]}
					]
				},
				{
					"name": "stem2",
					"parent": "stem",
					"pivot": [0, 17.75, 0],
					"cubes": [
						{"origin": [0.22566, 16.3, -1.4], "size": [0, 5, 4], "pivot": [0.22566, 20.4, 0], "rotation": [-9.90035, -31.85195, 2.01383], "uv": [0, 0]}
					]
				},
				{
					"name": "left_front_leg",
					"parent": "body",
					"pivot": [4.25, 10.5, -3.75],
					"rotation": [9, -45, 0],
					"cubes": [
						{"origin": [3.28076, 8.4, -12.24081], "size": [2, 2, 10], "pivot": [8.48076, 10.8, -8.69081], "rotation": [0, 0, 0], "uv": [0, 17]}
					]
				},
				{
					"name": "left_front_leg2",
					"parent": "left_front_leg",
					"pivot": [4.75, 9.25, -11.7],
					"rotation": [52.5, 0, 0],
					"cubes": [
						{"origin": [3.28076, 8.39465, -19.11468], "size": [2, 2, 8], "pivot": [3.78076, 9.34465, -9.41468], "rotation": [0, 0, 0], "uv": [14, 17]},
						{"origin": [4.42409, 7.03794, -21.45801], "size": [0, 3, 3], "pivot": [4.42409, 8.83794, -20.05801], "rotation": [17.5, 0, 0], "uv": [0, 14]}
					]
				},
				{
					"name": "right_front_leg",
					"parent": "body",
					"pivot": [-4.25, 10.5, -3.75],
					"rotation": [9, 45, 0],
					"cubes": [
						{"origin": [-5.28076, 8.4, -12.24081], "size": [2, 2, 10], "pivot": [-8.48076, 10.8, -8.69081], "rotation": [0, 0, 0], "uv": [0, 17], "mirror": true}
					]
				},
				{
					"name": "right_front_leg2",
					"parent": "right_front_leg",
					"pivot": [-4.75, 9.25, -11.7],
					"rotation": [52.5, 0, 0],
					"cubes": [
						{"origin": [-5.28076, 8.39465, -19.11468], "size": [2, 2, 8], "pivot": [-3.78076, 9.34465, -9.41468], "rotation": [0, 0, 0], "uv": [14, 17], "mirror": true},
						{"origin": [-4.42409, 7.03794, -21.45801], "size": [0, 3, 3], "pivot": [-4.42409, 8.83794, -20.05801], "rotation": [17.5, 0, 0], "uv": [0, 14], "mirror": true}
					]
				},
				{
					"name": "right_back_leg",
					"parent": "body",
					"pivot": [-4.25, 10.5, 4.25],
					"rotation": [-171, 45, -180],
					"cubes": [
						{"origin": [-5.28076, 8.4, -4.24081], "size": [2, 2, 10], "pivot": [-8.48076, 10.8, -0.69081], "rotation": [0, 0, 0], "uv": [0, 17], "mirror": true}
					]
				},
				{
					"name": "right_back_leg2",
					"parent": "right_back_leg",
					"pivot": [-4.75, 9.25, -3.7],
					"rotation": [52.5, 0, 0],
					"cubes": [
						{"origin": [-5.28076, 8.39465, -11.11468], "size": [2, 2, 8], "pivot": [-3.78076, 9.34465, -1.41468], "rotation": [0, 0, 0], "uv": [14, 17], "mirror": true},
						{"origin": [-4.42409, 7.03794, -13.45801], "size": [0, 3, 3], "pivot": [-4.42409, 8.83794, -12.05801], "rotation": [17.5, 0, 0], "uv": [0, 14], "mirror": true}
					]
				},
				{
					"name": "left_back_leg",
					"parent": "body",
					"pivot": [4.25, 10.5, 4.25],
					"rotation": [-171, -45, 180],
					"cubes": [
						{"origin": [3.28076, 8.4, -4.24081], "size": [2, 2, 10], "pivot": [8.48076, 10.8, -0.69081], "rotation": [0, 0, 0], "uv": [0, 17]}
					]
				},
				{
					"name": "left_back_leg2",
					"parent": "left_back_leg",
					"pivot": [4.75, 9.25, -3.7],
					"rotation": [52.5, 0, 0],
					"cubes": [
						{"origin": [3.28076, 8.39465, -11.11468], "size": [2, 2, 8], "pivot": [3.78076, 9.34465, -1.41468], "rotation": [0, 0, 0], "uv": [14, 17]},
						{"origin": [4.42409, 7.03794, -13.45801], "size": [0, 3, 3], "pivot": [4.42409, 8.83794, -12.05801], "rotation": [17.5, 0, 0], "uv": [0, 14]}
					]
				},
				{
					"name": "head",
					"parent": "body",
					"pivot": [0, 0, 0],
					"cubes": [
						{"origin": [-1, 11, -1], "size": [2, 2, 2], "uv": [0, 0]}
					]
				},
				{
					"name": "eyes",
					"parent": "body",
					"pivot": [-0.1, 1.3, 1],
					"cubes": [
						{"origin": [1.4, 10.9, -5.1], "size": [2, 2, 0], "uv": [0, 0], "mirror": true},
						{"origin": [-3.4, 10.9, -5.1], "size": [2, 2, 0], "uv": [0, 0]}
					]
				},
				{
					"name": "eyelids",
					"parent": "eyes",
					"pivot": [-0.1, 1.3, 1],
					"cubes": [
						{"origin": [1.4, 10.9, -4.1], "size": [2, 2, 0], "inflate": 0.001, "uv": [4, 0], "mirror": true},
						{"origin": [-3.4, 10.9, -4.1], "size": [2, 2, 0], "inflate": 0.001, "uv": [4, 0]}
					]
				}
			]
		}
	]
}