{
  "implemented": true,
  "name": "Primeape",
  "nationalPokedexNumber": 57,
  "primaryType": "fighting",
  "abilities": [
    "vitalspirit",
    "angerpoint",
    "h:defiant"
  ],
  "baseStats": {
    "hp": 65,
    "attack": 105,
    "defence": 60,
    "special_attack": 60,
    "special_defence": 70,
    "speed": 95
  },
  "behaviour": {
    "resting": {
      "canSleep": true,
      "willSleepOnBed": false,
      "depth": "normal",
      "light": "0-4"
    }
  },
  "catchRate": 75,
  "maleRatio": 0.5,
  "shoulderMountable": false,
  "baseExperienceYield": 159,
  "experienceGroup": "medium_fast",
  "eggCycles": 20,
  "eggGroups": [
    "field"
  ],
  "drops": {
    "amount": "1",
    "entries": [
      {
        "item": "cobblemon:muscle_band",
        "percentage": 5
      }
    ]
  },
  "moves": [
    "1:fling",
    "1:leer",
    "1:lowkick",
    "1:rage",
    "1:scratch",
    "11:karatechop",
    "12:pursuit",
    "16:furyswipes",
    "21:focusenergy",
    "25:assurance",
    "26:seismictoss",
    "35:crosschop",
    "35:ragefist",
    "44:swagger",
    "48:stompingtantrum",
    "53:outrage",
    "53:punishment",
    "53:screech",
    "59:closecombat",
    "62:thrash",
    "63:finalgambit",
    "tm:acrobatics",
    "tm:aerialace",
    "tm:attract",
    "tm:bodyslam",
    "tm:brickbreak",
    "tm:bulkup",
    "tm:bulldoze",
    "tm:captivate",
    "tm:closecombat",
    "tm:confide",
    "tm:dig",
    "tm:doubleteam",
    "tm:drainpunch",
    "tm:earthquake",
    "tm:encore",
    "tm:endure",
    "tm:facade",
    "tm:firepunch",
    "tm:fling",
    "tm:focusblast",
    "tm:focuspunch",
    "tm:frustration",
    "tm:gigaimpact",
    "tm:gunkshot",
    "tm:helpinghand",
    "tm:hiddenpower",
    "tm:honeclaws",
    "tm:hyperbeam",
    "tm:icepunch",
    "tm:irontail",
    "tm:lowkick",
    "tm:lowsweep",
    "tm:metronome",
    "tm:naturalgift",
    "tm:outrage",
    "tm:overheat",
    "tm:payback",
    "tm:poisonjab",
    "tm:poweruppunch",
    "tm:protect",
    "tm:raindance",
    "tm:rest",
    "tm:retaliate",
    "tm:return",
    "tm:reversal",
    "tm:rockclimb",
    "tm:rockslide",
    "tm:rocksmash",
    "tm:rocktomb",
    "tm:round",
    "tm:scaryface",
    "tm:secretpower",
    "tm:seedbomb",
    "tm:shadowclaw",
    "tm:sleeptalk",
    "tm:smackdown",
    "tm:stealthrock",
    "tm:stompingtantrum",
    "tm:stoneedge",
    "tm:strength",
    "tm:substitute",
    "tm:sunnyday",
    "tm:swagger",
    "tm:swift",
    "tm:takedown",
    "tm:taunt",
    "tm:terablast",
    "tm:thief",
    "tm:thunder",
    "tm:thunderbolt",
    "tm:thunderpunch",
    "tm:toxic",
    "tm:uturn",
    "tm:workup",
    "tutor:attract",
    "tutor:bide",
    "tutor:bodyslam",
    "tutor:brickbreak",
    "tutor:bulkup",
    "tutor:counter",
    "tutor:covet",
    "tutor:crosschop",
    "tutor:curse",
    "tutor:defensecurl",
    "tutor:detect",
    "tutor:dig",
    "tutor:doubleedge",
    "tutor:doubleteam",
    "tutor:dualchop",
    "tutor:dynamicpunch",
    "tutor:earthquake",
    "tutor:encore",
    "tutor:endeavor",
    "tutor:endure",
    "tutor:facade",
    "tutor:firepunch",
    "tutor:focusenergy",
    "tutor:focuspunch",
    "tutor:frustration",
    "tutor:furyswipes",
    "tutor:gunkshot",
    "tutor:headbutt",
    "tutor:helpinghand",
    "tutor:hiddenpower",
    "tutor:hyperbeam",
    "tutor:icepunch",
    "tutor:irontail",
    "tutor:karatechop",
    "tutor:leer",
    "tutor:lowkick",
    "tutor:megakick",
    "tutor:megapunch",
    "tutor:metronome",
    "tutor:mimic",
    "tutor:mudslap",
    "tutor:outrage",
    "tutor:payday",
    "tutor:poisonjab",
    "tutor:protect",
    "tutor:psychup",
    "tutor:rage",
    "tutor:rest",
    "tutor:return",
    "tutor:reversal",
    "tutor:rockslide",
    "tutor:rocksmash",
    "tutor:roleplay",
    "tutor:scratch",
    "tutor:screech",
    "tutor:seedbomb",
    "tutor:seismictoss",
    "tutor:skullbash",
    "tutor:sleeptalk",
    "tutor:snore",
    "tutor:spite",
    "tutor:stompingtantrum",
    "tutor:strength",
    "tutor:submission",
    "tutor:substitute",
    "tutor:sunnyday",
    "tutor:swagger",
    "tutor:swift",
    "tutor:takedown",
    "tutor:taunt",
    "tutor:thief",
    "tutor:thrash",
    "tutor:throatchop",
    "tutor:thunder",
    "tutor:thunderbolt",
    "tutor:thunderpunch",
    "tutor:toxic",
    "tutor:uproar",
    "tutor:uturn",
    "tutor:vacuumwave"
  ],
  "labels": [
    "gen1"
  ],
  "pokedex": [
    "cobblemon.species.primeape.desc"
  ],
  "preEvolution": "bounsweet",
  "evolutions": [
    {
      "id": "primeape_annihilape",
      "variant": "level_up",
      "result": "annihilape",
      "consumeHeldItem": false,
      "learnableMoves": [
      ],
      "requirements": [
        {
          "variant": "has_move",
          "move": "ragefist"
        }
      ]
    }
  ],
  "baseScale": 1,
  "hitbox": {
    "width": 1,
    "height": 1.3,
    "fixed": false
  },
  "baseFriendship": 70,
  "evYield": {
    "hp": 0,
    "attack": 2,
    "defence": 0,
    "special_attack": 0,
    "special_defence": 0,
    "speed": 0
  },
  "height": 10,
  "weight": 320,
  "aspects": [],
  "cannotDynamax": false
}