{
	"format_version": "1.12.0",
	"minecraft:geometry": [
		{
			"description": {
				"identifier": "geometry.makuhita",
				"texture_width": 64,
				"texture_height": 64,
				"visible_bounds_width": 4,
				"visible_bounds_height": 3.5,
				"visible_bounds_offset": [0, 1.25, 0]
			},
			"bones": [
				{
					"name": "makuhita",
					"pivot": [0, 0, 0]
				},
				{
					"name": "body",
					"parent": "makuhita",
					"pivot": [0, 2.9, 0],
					"cubes": [
						{"origin": [-6, 1.5, -3.2], "size": [6, 6, 7], "pivot": [0, 2.9, 0], "rotation": [0, 2.5, 7.5], "uv": [26, 51]},
						{"origin": [0, 1.5, -3.2], "size": [6, 6, 7], "pivot": [0, 2.9, 0], "rotation": [0, -2.5, -7.5], "uv": [0, 51]}
					]
				},
				{
					"name": "upperbody",
					"parent": "body",
					"pivot": [0, 7.5, 0],
					"cubes": [
						{"origin": [-4.5, 7.2, -2.5], "size": [9, 6, 6], "pivot": [0, 6.9, 0], "rotation": [-2.5, 0, 0], "uv": [0, 0]}
					]
				},
				{
					"name": "leftArm",
					"parent": "upperbody",
					"pivot": [4, 11.6, -0.3],
					"cubes": [
						{"origin": [4.5, 10.1, -1], "size": [4, 3, 3], "uv": [19, 0]}
					]
				},
				{
					"name": "leftHand",
					"parent": "leftArm",
					"pivot": [7.5, 11.4, 0.5],
					"cubes": [
						{"origin": [8, 9.4, -1.5], "size": [4, 4, 4], "uv": [22, 22]}
					]
				},
				{
					"name": "rightArm",
					"parent": "upperbody",
					"pivot": [-4, 11.6, -0.3],
					"cubes": [
						{"origin": [-8.5, 10.1, -1], "size": [4, 3, 3], "uv": [10, 45]}
					]
				},
				{
					"name": "rightHand",
					"parent": "rightArm",
					"pivot": [-7.5, 11.4, 0.5],
					"cubes": [
						{"origin": [-12, 9.4, -1.5], "size": [4, 4, 4], "uv": [0, 26]}
					]
				},
				{
					"name": "head",
					"parent": "upperbody",
					"pivot": [0, 13.3, 0],
					"cubes": [
						{"origin": [-3.5, 13.3, -3], "size": [7, 6, 6], "uv": [26, 7]},
						{"origin": [3.525, 13.7, -2.9], "size": [0, 3, 3], "pivot": [3.525, 15.4, -1], "rotation": [5, 0, 0], "uv": [19, 52]},
						{"origin": [-3.525, 13.7, -2.9], "size": [0, 3, 3], "pivot": [-3.525, 15.4, -1], "rotation": [5, 0, 0], "uv": [19, 52], "mirror": true},
						{"origin": [-2.8, 15.3, -3.025], "size": [2, 3, 0], "pivot": [-1.3, 16.3, -3.025], "rotation": [0, 0, -5], "uv": [0, 3]},
						{"origin": [0.8, 15.3, -3.025], "size": [2, 3, 0], "pivot": [1.3, 16.3, -3.025], "rotation": [0, 0, 5], "uv": [0, 0]},
						{"origin": [-1.5, 18.9, -0.8], "size": [3, 3, 2], "pivot": [0, 17.8, 0], "rotation": [-2.5, 0, 0], "uv": [0, 46]}
					]
				},
				{
					"name": "bone",
					"parent": "head",
					"pivot": [1.3, 19, 0.2],
					"rotation": [0, -12.5, -25],
					"cubes": [
						{"origin": [1.7126, 19.00631, 0.10853], "size": [4, 3, 0], "uv": [26, 19]}
					]
				},
				{
					"name": "bone2",
					"parent": "head",
					"pivot": [-1.3, 19, 0.2],
					"rotation": [0, 12.5, 25],
					"cubes": [
						{"origin": [-5.7126, 19.00631, 0.10853], "size": [4, 3, 0], "uv": [12, 26]}
					]
				},
				{
					"name": "rightFoot",
					"parent": "body",
					"pivot": [3.5, 1, 1.1],
					"cubes": [
						{"origin": [2, 0, -2.4], "size": [3, 2, 4], "pivot": [2.5, 0.5, 0.6], "rotation": [0, 5, 0], "uv": [30, 30]}
					]
				},
				{
					"name": "leftFoot",
					"parent": "body",
					"pivot": [-3.5, 1, 1.1],
					"cubes": [
						{"origin": [-5, 0, -2.4], "size": [3, 2, 4], "pivot": [-2.5, 0.5, 0.6], "rotation": [0, -5, 0], "uv": [33, 0]}
					]
				}
			]
		}
	]
}