{
	"format_version": "1.12.0",
	"minecraft:geometry": [
		{
			"description": {
				"identifier": "geometry.diglett",
				"texture_width": 48,
				"texture_height": 48,
				"visible_bounds_width": 2,
				"visible_bounds_height": 3,
				"visible_bounds_offset": [0, 0.5, 0]
			},
			"bones": [
				{
					"name": "diglett",
					"pivot": [0, 1, 0]
				},
				{
					"name": "ground",
					"parent": "diglett",
					"pivot": [0, -1, 0],
					"cubes": [
						{"origin": [-5, -4, -4.5], "size": [10, 6, 9], "uv": [0, 0]}
					]
				},
				{
					"name": "body",
					"parent": "ground",
					"pivot": [0, 2, -3.5],
					"cubes": [
						{"origin": [-3.5, 0.25, -3.5], "size": [7, 11, 7], "uv": [0, 15]},
						{"origin": [-2, 5.75, -4.5], "size": [4, 2, 1], "uv": [21, 15]}
					]
				},
				{
					"name": "hair",
					"parent": "body",
					"pivot": [0, 10.25, 0],
					"cubes": [
						{"origin": [-0.5, 11.26, -0.5], "size": [1, 0, 1], "uv": [4, 0]}
					]
				},
				{
					"name": "hair_right_1",
					"parent": "hair",
					"pivot": [-0.5, 11.25, 0],
					"cubes": [
						{"origin": [-0.5, 11.25, -0.5], "size": [0, 1, 1], "uv": [4, 5]}
					]
				},
				{
					"name": "hair_right_2",
					"parent": "hair_right_1",
					"pivot": [-0.5, 12.25, 0],
					"cubes": [
						{"origin": [-0.5, 12.25, -0.5], "size": [0, 2, 1], "uv": [2, 5]}
					]
				},
				{
					"name": "hair_left_1",
					"parent": "hair",
					"pivot": [0.5, 11.25, 0],
					"cubes": [
						{"origin": [0.5, 11.25, -0.5], "size": [0, 1, 1], "uv": [5, 2]}
					]
				},
				{
					"name": "hair_left_2",
					"parent": "hair_left_1",
					"pivot": [0.5, 12.25, 0],
					"cubes": [
						{"origin": [0.5, 12.25, -0.5], "size": [0, 2, 1], "uv": [0, 5]}
					]
				},
				{
					"name": "hair_center_1",
					"parent": "hair",
					"pivot": [0, 11.25, 0.5],
					"cubes": [
						{"origin": [-0.5, 11.25, 0.5], "size": [1, 1, 0], "uv": [7, 0]}
					]
				},
				{
					"name": "hair_center_2",
					"parent": "hair_center_1",
					"pivot": [0, 12.25, 0.5],
					"cubes": [
						{"origin": [-0.5, 12.25, 0.5], "size": [1, 2, 0], "uv": [6, 1]}
					]
				},
				{
					"name": "eyes",
					"parent": "body",
					"pivot": [0, 9, -3.55]
				},
				{
					"name": "eye_right",
					"parent": "eyes",
					"pivot": [-1.75, 9, -3.51],
					"cubes": [
						{"origin": [-2.25, 8, -3.51], "size": [1, 2, 0], "uv": [6, 6]}
					]
				},
				{
					"name": "eyelid_right",
					"parent": "eye_right",
					"pivot": [-2, 9, -2.91],
					"cubes": [
						{"origin": [-3, 8, -3.41], "size": [2, 2, 1], "inflate": 0.01, "uv": [0, 3]}
					]
				},
				{
					"name": "eye_left",
					"parent": "eyes",
					"pivot": [1.75, 9, -3.51],
					"cubes": [
						{"origin": [1.25, 8, -3.51], "size": [1, 2, 0], "uv": [6, 4]}
					]
				},
				{
					"name": "eyelid_left",
					"parent": "eye_left",
					"pivot": [2, 9, -2.91],
					"cubes": [
						{"origin": [1, 8, -3.41], "size": [2, 2, 1], "inflate": 0.01, "uv": [0, 0]}
					]
				}
			]
		}
	]
}