{
	"format_version": "1.12.0",
	"minecraft:geometry": [
		{
			"description": {
				"identifier": "geometry.floatzel",
				"texture_width": 96,
				"texture_height": 96,
				"visible_bounds_width": 5,
				"visible_bounds_height": 3.5,
				"visible_bounds_offset": [0, 1.25, 0]
			},
			"bones": [
				{
					"name": "ground",
					"pivot": [0, 0, 0]
				},
				{
					"name": "legs",
					"parent": "ground",
					"pivot": [0, 8, 2]
				},
				{
					"name": "body",
					"parent": "legs",
					"pivot": [0, 10, 2],
					"cubes": [
						{"origin": [-5, 8, -1], "size": [10, 16, 6], "uv": [0, 26]}
					]
				},
				{
					"name": "floatie",
					"parent": "body",
					"pivot": [0, 0, 0],
					"cubes": [
						{"origin": [-8, 22, 5], "size": [16, 4, 3], "uv": [42, 4]},
						{"origin": [-8, 6.001, 5], "size": [16, 4, 3], "uv": [42, 4]},
						{"origin": [-17.5, 6, 3.51], "size": [11, 4, 4], "pivot": [-7, 8, 6.5], "rotation": [-90, -62.5, 90], "uv": [66, 19]},
						{"origin": [-8.0193, 19.41738, -5.51], "size": [10, 4, 4], "pivot": [-7, 21, -2.5], "rotation": [89.99999, -72.5, -89.99999], "uv": [68, 27]},
						{"origin": [-9.89678, 22.09803, -9.5], "size": [12, 4, 4], "pivot": [-7, 20, -6.5], "rotation": [-90, 0, 90], "uv": [64, 11]},
						{"origin": [6.5, 6, 3.51], "size": [11, 4, 4], "pivot": [7, 8, 6.5], "rotation": [-90, 62.5, -90], "uv": [66, 19], "mirror": true},
						{"origin": [-1.9807, 19.41738, -5.51], "size": [10, 4, 4], "pivot": [7, 21, -2.5], "rotation": [89.99999, 72.5, 89.99999], "uv": [68, 27], "mirror": true},
						{"origin": [-2.10322, 22.09803, -9.5], "size": [12, 4, 4], "pivot": [7, 20, -6.5], "rotation": [-90, 0, -90], "uv": [64, 11], "mirror": true}
					]
				},
				{
					"name": "arms",
					"parent": "body",
					"pivot": [0, 0, 0]
				},
				{
					"name": "armr",
					"parent": "arms",
					"pivot": [-5, 20, 2],
					"cubes": [
						{"origin": [-11, 18, 0], "size": [7, 4, 4], "uv": [74, 35]}
					]
				},
				{
					"name": "handr",
					"parent": "armr",
					"pivot": [-11, 20, 4],
					"cubes": [
						{"origin": [-17, 18.001, 0], "size": [6, 4, 4], "uv": [32, 41]},
						{"origin": [-15, 20, 4], "size": [4, 0, 6], "uv": [45, 30]}
					]
				},
				{
					"name": "arml",
					"parent": "arms",
					"pivot": [5, 20, 2],
					"cubes": [
						{"origin": [4, 18, 0], "size": [7, 4, 4], "uv": [74, 35], "mirror": true}
					]
				},
				{
					"name": "handl",
					"parent": "arml",
					"pivot": [11, 20, 4],
					"cubes": [
						{"origin": [11, 18.001, 0], "size": [6, 4, 4], "uv": [32, 41], "mirror": true},
						{"origin": [11, 20, 4], "size": [4, 0, 6], "uv": [45, 30], "mirror": true}
					]
				},
				{
					"name": "head",
					"parent": "body",
					"pivot": [0, 26, 0],
					"cubes": [
						{"origin": [-4, 24, -4], "size": [8, 9, 10], "uv": [0, 0]},
						{"origin": [-2, 24, -7], "size": [4, 4, 3], "uv": [0, 19]},
						{"origin": [-1, 32, 4], "size": [2, 7, 3], "pivot": [0, 33, 5], "rotation": [-37.5, 0, 0], "uv": [0, 0]},
						{"origin": [-1, 29, 7], "size": [2, 7, 2], "pivot": [0, 33, 5], "rotation": [-37.5, 0, 0], "uv": [26, 1]}
					]
				},
				{
					"name": "eyelids",
					"parent": "head",
					"pivot": [0, 27, 1],
					"cubes": [
						{"origin": [-4, 28, -3.01], "size": [2, 3, 0], "uv": [14, 19]},
						{"origin": [2, 28, -3.01], "size": [2, 3, 0], "uv": [14, 19]}
					]
				},
				{
					"name": "legr",
					"parent": "legs",
					"pivot": [-3.5, 10, 2],
					"cubes": [
						{"origin": [-7, 2, -3], "size": [7, 8, 9], "uv": [33, 11]}
					]
				},
				{
					"name": "footr",
					"parent": "legr",
					"pivot": [-4, 1, 2],
					"cubes": [
						{"origin": [-6, 0, -5], "size": [4, 2, 9], "uv": [32, 30]}
					]
				},
				{
					"name": "legl",
					"parent": "legs",
					"pivot": [3.5, 10, 2],
					"cubes": [
						{"origin": [0, 2, -3], "size": [7, 8, 9], "uv": [33, 11], "mirror": true}
					]
				},
				{
					"name": "footl",
					"parent": "legl",
					"pivot": [4, 1, 2],
					"cubes": [
						{"origin": [2, 0, -5], "size": [4, 2, 9], "uv": [32, 30], "mirror": true}
					]
				},
				{
					"name": "tail",
					"parent": "legs",
					"pivot": [0, 5, 6]
				},
				{
					"name": "tailbase",
					"parent": "tail",
					"pivot": [0, 5, 5],
					"cubes": [
						{"origin": [-1.5, 4, 5], "size": [3, 2, 6], "uv": [44, 53]}
					]
				},
				{
					"name": "tailr",
					"parent": "tailbase",
					"pivot": [-1, 5, 11],
					"cubes": [
						{"origin": [-2.5, 3.5, 11], "size": [3, 3, 10], "pivot": [0, 5.5, 11], "rotation": [0, -17.5, 0], "uv": [0, 48]}
					]
				},
				{
					"name": "tailtipr",
					"parent": "tailr",
					"pivot": [-4, 5, 20],
					"cubes": [
						{"origin": [-4.56764, 4, 19.31779], "size": [2, 2, 7], "pivot": [-3.5, 5, 19], "rotation": [0, -17.5, 0], "uv": [26, 52]}
					]
				},
				{
					"name": "taill",
					"parent": "tailbase",
					"pivot": [1, 5, 11],
					"cubes": [
						{"origin": [-0.5, 3.5, 11], "size": [3, 3, 10], "pivot": [0, 5.5, 11], "rotation": [0, 17.5, 0], "uv": [0, 48], "mirror": true}
					]
				},
				{
					"name": "tailtipl",
					"parent": "taill",
					"pivot": [4, 5, 20],
					"cubes": [
						{"origin": [2.56764, 4, 19.31779], "size": [2, 2, 7], "pivot": [3.5, 5, 19], "rotation": [0, 17.5, 0], "uv": [26, 52], "mirror": true}
					]
				}
			]
		}
	]
}