{
	"format_version": "1.12.0",
	"minecraft:geometry": [
		{
			"description": {
				"identifier": "geometry.hippopotas",
				"texture_width": 64,
				"texture_height": 64,
				"visible_bounds_width": 3,
				"visible_bounds_height": 2.5,
				"visible_bounds_offset": [0, 0.75, 0]
			},
			"bones": [
				{
					"name": "hippopotas",
					"pivot": [0, 0, 0]
				},
				{
					"name": "body",
					"parent": "hippopotas",
					"pivot": [0, 5, 0],
					"cubes": [
						{"origin": [-5, 2.7, -4.3], "size": [10, 7, 10], "inflate": 0.002, "uv": [0, 0]},
						{"origin": [-2, 8.7, -0.4], "size": [4, 2, 4], "uv": [30, 0]}
					]
				},
				{
					"name": "head",
					"parent": "body",
					"pivot": [0, 7, -3],
					"cubes": [
						{"origin": [-4.5, 6.7, -12.3], "size": [9, 5, 10], "pivot": [-0.5, 8.2, -6.8], "rotation": [-6, 0, 0], "uv": [0, 17]},
						{"origin": [-3, 11.7, -5.7], "size": [3, 4, 3], "pivot": [-1.5, 13.7, -4.2], "rotation": [0, 0, -2], "uv": [38, 22]},
						{"origin": [-4, 10.9, -6.4], "size": [8, 1, 4], "uv": [28, 17]},
						{"origin": [-3.4, 9, -13.4], "size": [2, 2, 0], "inflate": 0.001, "pivot": [0.6, 8.7, -15.9], "rotation": [-6, 0, 0], "uv": [4, 17]},
						{"origin": [-3.9, 8.5, -13.4], "size": [3, 3, 2], "pivot": [0.1, 8.2, -15.9], "rotation": [-6, 0, 0], "uv": [0, 0]},
						{"origin": [-3.5, 6.8, -11.4], "size": [2, 2, 2], "pivot": [0.1, 8.2, -15.9], "rotation": [-6, 0, 0], "uv": [42, 0]},
						{"origin": [1.5, 6.8, -11.4], "size": [2, 2, 2], "pivot": [-0.1, 8.2, -15.9], "rotation": [-6, 0, 0], "uv": [42, 0], "mirror": true},
						{"origin": [0, 11.7, -5.7], "size": [3, 4, 3], "pivot": [1.5, 13.7, -4.2], "rotation": [0, 0, 2], "uv": [38, 22], "mirror": true},
						{"origin": [0.9, 8.5, -13.4], "size": [3, 3, 2], "pivot": [-0.1, 8.2, -15.9], "rotation": [-6, 0, 0], "uv": [0, 0], "mirror": true},
						{"origin": [1.4, 9, -13.4], "size": [2, 2, 0], "inflate": 0.001, "pivot": [-0.6, 8.7, -15.9], "rotation": [-6, 0, 0], "uv": [4, 17], "mirror": true}
					]
				},
				{
					"name": "right_ear",
					"parent": "head",
					"pivot": [-3, 12, -3.5],
					"cubes": [
						{"origin": [-5, 12.3, -3.3], "size": [3, 1, 1], "pivot": [-4.5, 12.8, -2.8], "rotation": [0, 23, 29], "uv": [0, 7]}
					]
				},
				{
					"name": "left_ear",
					"parent": "head",
					"pivot": [3, 12, -3.5],
					"cubes": [
						{"origin": [2, 12.3, -3.3], "size": [3, 1, 1], "pivot": [4.5, 12.8, -2.8], "rotation": [0, -23, -29], "uv": [0, 7], "mirror": true}
					]
				},
				{
					"name": "eyes",
					"parent": "head",
					"pivot": [0, 0, 0],
					"cubes": [
						{"origin": [-2.5, 12.3, -5.71], "size": [2, 3, 0], "inflate": 0.001, "pivot": [-2, 14.3, -4.2], "rotation": [0, 0, -2], "uv": [0, 17]},
						{"origin": [0.5, 12.3, -5.71], "size": [2, 3, 0], "inflate": 0.001, "pivot": [2, 14.3, -4.2], "rotation": [0, 0, 2], "uv": [0, 17], "mirror": true},
						{"origin": [-1.9, 12.9, -5.72], "size": [1, 2, 0], "inflate": 0.002, "pivot": [-1.4, 14.9, -4.2], "rotation": [0, 0, -2], "uv": [0, 0]},
						{"origin": [0.9, 12.9, -5.72], "size": [1, 2, 0], "inflate": 0.002, "pivot": [1.4, 14.9, -4.2], "rotation": [0, 0, 2], "uv": [0, 0], "mirror": true}
					]
				},
				{
					"name": "lids",
					"parent": "eyes",
					"pivot": [0, 0, 1],
					"cubes": [
						{"origin": [-2.5, 12.3, -4.7], "size": [2, 3, 0], "inflate": 0.003, "pivot": [-2, 14.3, -3.2], "rotation": [0, 0, -2], "uv": [0, 20]},
						{"origin": [0.5, 12.3, -4.7], "size": [2, 3, 0], "inflate": 0.003, "pivot": [2, 14.3, -3.2], "rotation": [0, 0, 2], "uv": [0, 20], "mirror": true}
					]
				},
				{
					"name": "mouth",
					"parent": "head",
					"pivot": [0, 7, -3],
					"cubes": [
						{"origin": [-4.5, 4.48136, -12.47197], "size": [9, 2, 10], "pivot": [-0.5, 6.45, -4.8], "rotation": [-6, 0, 0], "uv": [0, 47]},
						{"origin": [-3.5, 6.8, -11.4], "size": [2, 2, 2], "pivot": [0.1, 8.2, -15.9], "rotation": [-6, 0, 0], "uv": [42, 0]},
						{"origin": [1.5, 6.8, -11.4], "size": [2, 2, 2], "pivot": [-0.1, 8.2, -15.9], "rotation": [-6, 0, 0], "uv": [42, 0], "mirror": true}
					]
				},
				{
					"name": "left_front_leg",
					"parent": "body",
					"pivot": [3, 3.5, -2.25],
					"cubes": [
						{"origin": [1, 1.7, -4.6], "size": [4, 2, 4], "inflate": 0.001, "pivot": [3, 1.7, -2.6], "rotation": [-10, 0, 0], "uv": [16, 34], "mirror": true}
					]
				},
				{
					"name": "left_front_calf",
					"parent": "left_front_leg",
					"pivot": [3, 2, -2.5],
					"cubes": [
						{"origin": [1, 0.1, -4.6], "size": [4, 2, 4], "uv": [0, 34], "mirror": true}
					]
				},
				{
					"name": "right_front_leg",
					"parent": "body",
					"pivot": [-3, 3.5, -2.25],
					"cubes": [
						{"origin": [-5, 1.7, -4.6], "size": [4, 2, 4], "inflate": 0.001, "pivot": [-3, 1.7, -2.6], "rotation": [-10, 0, 0], "uv": [16, 34]}
					]
				},
				{
					"name": "right_front_calf",
					"parent": "right_front_leg",
					"pivot": [-3, 2, -2.5],
					"cubes": [
						{"origin": [-5, 0.1, -4.6], "size": [4, 2, 4], "uv": [0, 34]}
					]
				},
				{
					"name": "left_back_leg",
					"parent": "body",
					"pivot": [3, 2.75, 3.5],
					"cubes": [
						{"origin": [1, 1.7, 1.5], "size": [4, 2, 4], "inflate": 0.001, "uv": [34, 30], "mirror": true}
					]
				},
				{
					"name": "left_back_calf",
					"parent": "left_back_leg",
					"pivot": [3, 2, 3.5],
					"cubes": [
						{"origin": [1, 0.1, 1.5], "size": [4, 2, 4], "uv": [28, 36], "mirror": true}
					]
				},
				{
					"name": "right_back_leg",
					"parent": "body",
					"pivot": [-3, 2.75, 3.5],
					"cubes": [
						{"origin": [-5, 1.7, 1.5], "size": [4, 2, 4], "inflate": 0.001, "uv": [34, 30]}
					]
				},
				{
					"name": "right_back_calf",
					"parent": "right_back_leg",
					"pivot": [-3, 2, 3.5],
					"cubes": [
						{"origin": [-5, 0.1, 1.5], "size": [4, 2, 4], "uv": [28, 36]}
					]
				},
				{
					"name": "tail",
					"parent": "body",
					"pivot": [0, 7.25, 5.5],
					"cubes": [
						{"origin": [0, 6.3, 4.7], "size": [0, 2, 5], "pivot": [-1, 7.8, 5.2], "rotation": [22, 0, 0], "uv": [0, 0]}
					]
				}
			]
		}
	]
}