{
  "head": "head",
  "portraitScale": 2.25,
  "portraitTranslation": [ -0.1, -0.75, 0 ],
  "profileScale": 1.05,
  "profileTranslation": [ 0, 0.2, 0 ],
  "faint": "bedrock(annihilape, faint)",
  "poses": {
    "standing": {
      "poseName": "standing",
      "transformTicks": 10,
      "poseTypes": [
        "STAND",
        "NONE",
        "PORTRAIT",
        "PROFILE"
      ],
      "animations": [
        "look",
        "bedrock(annihilape, ground_idle)"
      ]
    },
    "walking": {
      "poseName": "walking",
      "transformTicks": 10,
      "poseTypes": [ "WALK" ],
      "animations": [ "bedrock(annihilape, ground_walk)" ]
    },
	 "sleeping": {
      "poseName": "sleeping",
      "transformTicks": 10,
      "poseTypes": [ "SLEEP" ],
      "animations": [ "bedrock(annihilape, sleep)" ]
    }
  }
}