{
  "head": "head",
  "portraitScale": 2.8,
  "portraitTranslation": [ -0.2, -2.3, 0 ],
  "profileScale": 1.3,
  "profileTranslation": [ 0, -0.3, 0 ],
  "faint": "bedrock(beldum, faint)",
  "poses": {
    "standing": {
      "poseName": "standing",
      "transformTicks": 10,
      "poseTypes": [
        "STAND",
        "NONE",
        "PORTRAIT",
        "PROFILE"
      ],
      "animations": [
        "look",
        "bedrock(beldum, ground_idle)"
      ]
    },
    "walking": {
      "poseName": "walking",
      "transformTicks": 10,
      "poseTypes": [ "WALK" ],
      "animations": [ "bedrock(beldum, ground_walk)" ]
    },
	 "sleeping": {
      "poseName": "sleeping",
      "transformTicks": 10,
      "poseTypes": [ "SLEEP" ],
      "animations": [ "bedrock(beldum, sleep)" ]
    },
	"flying": {
      "poseName": "flying",
      "transformTicks": 10,
      "poseTypes": [ "FLY" ],
      "animations": [ "bedrock(beldum, air_fly)" ]
    },
	"hovering": {
      "poseName": "hovering",
      "transformTicks": 10,
      "poseTypes": [ "HOVER" ],
      "animations": [ "bedrock(beldum, air_idle)" ]
    }
  }
}