{
  "head": "Head",
  "portraitScale": 1.75,
  "portraitTranslation": [ 0, 0.75, 0 ],
  "profileScale": 0.75,
  "profileTranslation": [ 0, 0.6, 0 ],
  "faint": "bedrock(buizel, faint)",
  "poses": {
    "standing": {
      "poseName": "standing",
      "transformTicks": 10,
      "poseTypes": [
        "STAND",
        "NONE",
        "PORTRAIT",
        "PROFILE"
      ],
      "animations": [
        "look",
        "bedrock(buizel, ground_idle)"
      ]
    },
    "walking": {
      "poseName": "walking",
      "transformTicks": 10,
      "poseTypes": [ "WALK" ],
      "animations": [ "bedrock(buizel, ground_walk)" ]
    },
    "floating": {
      "poseName": "floating",
      "transformTicks": 10,
      "poseTypes": [ "FLOAT" ],
      "animations": [ "bedrock(buizel, water_idle)" ]
    },
    "swimming": {
      "poseName": "swimming",
      "transformTicks": 10,
      "poseTypes": [ "SWIM" ],
      "animations": [ "bedrock(buizel, water_swim)" ]
    },
    "sleeping": {
      "poseName": "sleeping",
      "transformTicks": 10,
      "poseTypes": [ "SLEEP" ],
      "animations": [ "bedrock(buizel, sleep)" ]
    }
  }
}
