{
  "head": "head",
  "portraitScale": 2,
  "portraitTranslation": [ -0.25, 1, 0 ],
  "profileScale": .73,
  "profileTranslation": [ 0.3, 0.75, 0 ],
  "faint": "bedrock(flygon, faint)",
  "poses": {
    "standing": {
      "poseName": "standing",
      "transformTicks": 10,
      "poseTypes": [
        "STAND",
        "NONE",
        "PORTRAIT",
        "PROFILE"
      ],
      "animations": [
	"look",
        "bedrock(flygon, ground_idle)"
      ]
    },
    "walking": {
      "poseName": "walking",
      "transformTicks": 10,
      "poseTypes": [ "WALK" ],
      "animations": [ "bedrock(flygon, ground_walk)" ]
    }
  }
}