{
  "head": "head",
  "portraitScale": 2,
  "portraitTranslation": [ .1, -.25, 0 ],
  "profileScale": .9,
  "profileTranslation": [ 0, .5, 0 ],
  "faint": "bedrock(makuhita, faint)",
  "poses": {
    "standing": {
      "poseName": "standing",
      "transformTicks": 10,
      "poseTypes": [
        "STAND",
        "NONE",
        "PORTRAIT",
        "PROFILE"
      ],
      "animations": [
	"look",
        "bedrock(makuhita, ground_idle)"
      ]
    },
    "walking": {
      "poseName": "walking",
      "transformTicks": 10,
      "poseTypes": [ "WALK" ],
      "animations": [ "bedrock(makuhita, ground_walk)" ]
    }
  }
}