{
  "head": "head",
  "portraitScale": 1.85,
  "portraitTranslation": [0, -0.2, 0],
  "profileScale": 1,
  "profileTranslation": [0, 0.4, 0],
  "faint": "bedrock(masquerain, faint)",
  "poses": {
    "standing": {
      "poseName": "standing",
      "transformTicks": 10,
      "poseTypes": ["STAND", "NONE", "PORTRAIT", "PROFILE", "FLOAT"],
      "animations": [
        "look",
        "bedrock(masquerain, ground_idle)"
      ]
    },
    "walking": {
      "poseName": "walking",
      "transformTicks": 10,
      "poseTypes": ["WALK", "SWIM"],
      "animations": [
        "look",
        "bedrock(masquerain, ground_walk)"
      ]
    },
	"sleeping": {
      "poseName": "sleeping",
      "transformTicks": 10,
      "poseTypes": [ "SLEEP" ],
      "animations": [ "bedrock(masquerain, sleep)" ]
    }
  }
}