{
  "head": "head",
  "portraitScale": 2,
  "portraitTranslation": [ -0.5, -0.5, 0 ],
  "profileScale": .75,
  "profileTranslation": [ 0.1, 0.6, 0 ],
  "faint": "bedrock(sealeo, faint)",
  "poses": {
    "standing": {
      "poseName": "standing",
      "transformTicks": 10,
      "poseTypes": [
        "STAND",
        "NONE",
        "PORTRAIT",
        "PROFILE"
      ],
      "animations": [
	"look",
        "bedrock(sealeo, ground_idle)"
      ]
    },
    "walking": {
      "poseName": "walking",
      "transformTicks": 10,
      "poseTypes": [ "WALK" ],
      "animations": [ "bedrock(sealeo, ground_walk)" ]
    }
  }
}