{
    "head": "head",
    "portraitScale": 2.3,
    "portraitTranslation": [ -0.1, -0.9, 0 ],
    "profileScale": 1.1,
    "profileTranslation": [ -0.05, 0.15, 0 ],
    "faint": "bedrock(starly, faint)",
    "poses": {

      "standing": {
        "poseName": "standing",
        "transformTicks": 10,
        "poseTypes": [
          "STAND",
          "NONE",
          "PORTRAIT",
          "PROFILE"
        ],
        "animations": [
          "bedrock(starly, ground_idle)"
        ],
        "quirks": [
          {
            "name": "blink",
            "animations": ["bedrock(starly, blink)"]
          }
        ]
      },
      "walking": {
        "poseName": "walking",
        "transformTicks": 10,
        "poseTypes": [ "WALK" ],
        "animations": [   
          "bedrock(starly, ground_walk)" ],
        "quirks": [
          {
            "name": "blink",
            "animations": ["bedrock(starly, blink)"]
          }
        ]
      },
      "hovering": {
        "poseName": "hovering",
        "transformTicks": 10,
        "poseTypes": [ "HOVER" ],
        "animations": [   
          "bedrock(starly, air_idle)" ],
        "quirks": [
          {
            "name": "blink",
            "animations": ["bedrock(starly, blink)"]
          }
        ]
      },
      "flying": {
        "poseName": "flying",
        "transformTicks": 10,
        "poseTypes": [ "FLY" ],
        "animations": [   
          "bedrock(starly, air_fly)" ],
        "quirks": [
          {
            "name": "blink",
            "animations": ["bedrock(starly, blink)"]
          }
        ]
      },
      "sleeping": {
        "poseName": "sleeping",
        "transformTicks": 10,
        "poseTypes": [ "SLEEP" ],
        "animations": [   
          "bedrock(starly, sleep)" ]
      },
      "leftshoulder": {
        "poseName": "leftshoulder",
        "transformTicks": 10,
        "poseTypes": [ "SHOULDER_LEFT" ],
        "animations": [   
          "bedrock(starly, left_shoulder)",
          "look" ],
        "quirks": [
          {
            "name": "blink",
            "animations": ["bedrock(starly, blink)"]
          }
        ]
      },
      "rightshoulder": {
        "poseName": "rightshoulder",
        "transformTicks": 10,
        "poseTypes": [ "SHOULDER_RIGHT" ],
        "animations": [   
          "bedrock(starly, right_shoulder)",
          "look" 
        ],
        "quirks": [
          {
            "name": "blink",
            "animations": ["bedrock(starly, blink)"]
          }
        ]
      },
      "swimming": {
        "poseName": "swimming",
        "transformTicks": 10,
        "poseTypes": [ "SWIM" ],
        "animations": [   
          "bedrock(starly, ground_walk)" ],
        "quirks": [
          {
            "name": "blink",
            "animations": ["bedrock(starly, blink)"]
          }
        ]
      },
      "floating": {
        "poseName": "floating",
        "transformTicks": 10,
        "poseTypes": [ "FLOAT" ],
        "animations": [   
          "bedrock(starly, ground_walk)" ],
        "quirks": [
          {
            "name": "blink",
            "animations": ["bedrock(starly, blink)"]
          }
        ]
      }
    }
  }