{
  "head": "head",
  "portraitScale": 2,
  "portraitTranslation": [ 0, -0.2, 0 ],
  "profileScale": 1.1,
  "profileTranslation": [ 0.1, 0.25, 0 ],
  "faint": "bedrock(staravia, faint)",
  "poses": {

    "standing": {
      "poseName": "standing",
      "transformTicks": 10,
      "poseTypes": [
        "STAND",
        "NONE",
        "PORTRAIT",
        "PROFILE"
      ],
      "animations": [
        "bedrock(staravia, ground_idle)"
      ],
      "quirks": [
        {
          "name": "blink",
          "animations": ["bedrock(staravia, blink)"]
        }
      ]
    },
    "walking": {
      "poseName": "walking",
      "transformTicks": 10,
      "poseTypes": [ "WALK" ],
      "animations": [   
        "bedrock(staravia, ground_walk)" ],
      "quirks": [
        {
          "name": "blink",
          "animations": ["bedrock(staravia, blink)"]
        }
      ]
    },
    "hovering": {
      "poseName": "hovering",
      "transformTicks": 10,
      "poseTypes": [ "HOVER" ],
      "animations": [   
        "bedrock(staravia, air_idle)" ],
      "quirks": [
        {
          "name": "blink",
          "animations": ["bedrock(staravia, blink)"]
        }
      ]
    },
    "flying": {
      "poseName": "flying",
      "transformTicks": 10,
      "poseTypes": [ "FLY" ],
      "animations": [   
        "bedrock(staravia, air_fly)" ],
      "quirks": [
        {
          "name": "blink",
          "animations": ["bedrock(staravia, blink)"]
        }
      ]
    },
    "sleeping": {
      "poseName": "sleeping",
      "transformTicks": 10,
      "poseTypes": [ "SLEEP" ],
      "animations": [   
        "bedrock(staravia, sleep)" ]
    },
    "swimming": {
      "poseName": "swimming",
      "transformTicks": 10,
      "poseTypes": [ "SWIM" ],
      "animations": [   
        "bedrock(staravia, ground_walk)" ],
      "quirks": [
        {
          "name": "blink",
          "animations": ["bedrock(staravia, blink)"]
        }
      ]
    },
    "floating": {
      "poseName": "floating",
      "transformTicks": 10,
      "poseTypes": [ "FLOAT" ],
      "animations": [   
        "bedrock(staravia, ground_walk)" ],
      "quirks": [
        {
          "name": "blink",
          "animations": ["bedrock(staravia, blink)"]
        }
      ]
    }
  }
}