{
    "head": "head",
    "portraitScale": 1.9,
    "portraitTranslation": [ -0.15, -0.9, 0 ],
    "profileScale": 1.1,
    "profileTranslation": [ -0.05, 0.15, 0 ],
    "faint": "bedrock(swirlix, faint)",
    "poses": {

      "standing": {
        "poseName": "standing",
        "transformTicks": 10,
        "poseTypes": [
          "STAND",
          "NONE",
          "PORTRAIT",
          "PROFILE"
        ],
        "animations": [
          "bedrock(swirlix, ground_idle)"
        ],
        "quirks": [
          {
            "name": "blink",
            "animations": ["bedrock(swirlix, blink)"]
          }
        ]
      },
      "walking": {
        "poseName": "walking",
        "transformTicks": 10,
        "poseTypes": [ "WALK" ],
        "animations": [   
          "bedrock(swirlix, ground_walk)" ],
        "quirks": [
          {
            "name": "blink",
            "animations": ["bedrock(swirlix, blink)"]
          }
        ]
      },
      "sleeping": {
        "poseName": "sleeping",
        "transformTicks": 10,
        "poseTypes": [ "SLEEP" ],
        "animations": [   
          "bedrock(swirlix, sleep)" ]
      },
      "swimming": {
        "poseName": "swimming",
        "transformTicks": 10,
        "poseTypes": [ "SWIM" ],
        "animations": [   
          "bedrock(swirlix, ground_walk)" ],
        "quirks": [
          {
            "name": "blink",
            "animations": ["bedrock(swirlix, blink)"]
          }
        ]
      },
      "floating": {
        "poseName": "floating",
        "transformTicks": 10,
        "poseTypes": [ "FLOAT" ],
        "animations": [   
          "bedrock(swirlix, ground_walk)" ],
        "quirks": [
          {
            "name": "blink",
            "animations": ["bedrock(swirlix, blink)"]
          }
        ]
      }
    }
  }