{
	"format_version": "1.12.0",
	"minecraft:geometry": [
		{
			"description": {
				"identifier": "geometry.beldum",
				"texture_width": 64,
				"texture_height": 64,
				"visible_bounds_width": 3,
				"visible_bounds_height": 2.5,
				"visible_bounds_offset": [0, 0.75, 0]
			},
			"bones": [
				{
					"name": "all",
					"pivot": [0, 0, 0]
				},
				{
					"name": "head",
					"parent": "all",
					"pivot": [0, 4.5, -4.5],
					"cubes": [
						{"origin": [-2.5, 2, -7], "size": [5, 5, 5], "uv": [15, 16]}
					]
				},
				{
					"name": "eye",
					"parent": "head",
					"pivot": [0, 0, 0],
					"cubes": [
						{"origin": [-1, 3.5, -7.01], "size": [2, 2, 0], "uv": [14, 11]},
						{"origin": [-0.5, 4, -7.02], "size": [1, 1, 0], "uv": [14, 13]}
					]
				},
				{
					"name": "body",
					"parent": "all",
					"pivot": [0, 4.5, 0],
					"cubes": [
						{"origin": [-2, 5, -5], "size": [4, 4, 6], "uv": [0, 11]},
						{"origin": [-2.5, 2, -1], "size": [5, 5, 6], "uv": [0, 0]},
						{"origin": [-3.5, 1, 5], "size": [7, 7, 2], "uv": [22, 0]}
					]
				},
				{
					"name": "claws",
					"parent": "body",
					"pivot": [0, 4.5, 7],
					"cubes": [
						{"origin": [0.67, 2.82843, 7], "size": [2, 0, 2], "pivot": [1.67, 2.82843, 8], "rotation": [0, 0, 45], "uv": [0, 0]},
						{"origin": [0, 5, 7], "size": [0, 2, 2], "uv": [0, 2]},
						{"origin": [-2.6716, 2.82843, 7], "size": [2, 0, 2], "pivot": [-1.67157, 2.82843, 8], "rotation": [0, 0, -45], "uv": [0, 2]}
					]
				}
			]
		}
	]
}