{
	"format_version": "1.12.0",
	"minecraft:geometry": [
		{
			"description": {
				"identifier": "geometry.staraptor",
				"texture_width": 64,
				"texture_height": 64,
				"visible_bounds_width": 4,
				"visible_bounds_height": 3.5,
				"visible_bounds_offset": [0, 1.25, 0]
			},
			"bones": [
				{
					"name": "staraptor",
					"pivot": [0, 0, 0]
				},
				{
					"name": "body",
					"parent": "staraptor",
					"pivot": [0, 9.3, -1.15],
					"cubes": [
						{"origin": [-4, 7.07129, -8.18692], "size": [8, 9, 10], "pivot": [0, 9.57129, -3.18692], "rotation": [-23, 0, 0], "uv": [0, 17]}
					]
				},
				{
					"name": "tail",
					"parent": "body",
					"pivot": [0, 9, 1.85],
					"cubes": [
						{"origin": [-3.5, 5.57129, 0.31308], "size": [7, 8, 7], "pivot": [0.5, 9.07129, 0.31308], "rotation": [-10, 0, 0], "uv": [34, 10]}
					]
				},
				{
					"name": "tail_feathers",
					"parent": "tail",
					"pivot": [0, 9.7, 7.4],
					"cubes": [
						{"origin": [-4.16605, 10.6096, 2.84709], "size": [4, 0, 17], "pivot": [-1.95, 10.9979, 9.27577], "rotation": [21.653, -0.81983, -43.7643], "uv": [8, 0]},
						{"origin": [-3.51605, 12.0096, 3.84709], "size": [4, 0, 17], "pivot": [-1.3, 12.3979, 10.27577], "rotation": [26.96312, 0.41538, -24.83802], "uv": [0, 0]},
						{"origin": [-0.48395, 12.0096, 3.84709], "size": [4, 0, 17], "pivot": [1.3, 12.3979, 10.27577], "rotation": [26.96312, -0.41538, 24.83802], "uv": [0, 0], "mirror": true},
						{"origin": [0.16605, 10.6096, 2.84709], "size": [4, 0, 17], "pivot": [1.95, 10.9979, 9.27577], "rotation": [21.653, 0.81983, 43.7643], "uv": [8, 0], "mirror": true},
						{"origin": [-2, 12.15532, 4.57955], "size": [4, 0, 17], "pivot": [-0.5, 12.2979, 9.17577], "rotation": [30.5, 0, 0], "uv": [16, 0]}
					]
				},
				{
					"name": "left_wing",
					"parent": "body",
					"pivot": [3.45, 13.5, -4.4],
					"cubes": [
						{"origin": [3.7, 7.07129, -8.18692], "size": [3, 9, 11], "pivot": [7.7, 9.57129, -3.18692], "rotation": [-34, 4, 0], "uv": [25, 25], "mirror": true}
					]
				},
				{
					"name": "left_feathers",
					"parent": "left_wing",
					"pivot": [4.25, 8.3, 2.2],
					"cubes": [
						{"origin": [5.7, 4.67129, 0.61308], "size": [0, 9, 12], "pivot": [9.7, 7.37129, 3.91308], "rotation": [15.27476, -12.20165, -6.88951], "uv": [0, 24], "mirror": true}
					]
				},
				{
					"name": "right_wing",
					"parent": "body",
					"pivot": [-3.45, 13.5, -4.4],
					"cubes": [
						{"origin": [-6.7, 7.07129, -8.18692], "size": [3, 9, 11], "pivot": [-7.7, 9.57129, -3.18692], "rotation": [-34, -4, 0], "uv": [25, 25]}
					]
				},
				{
					"name": "right_feathers",
					"parent": "right_wing",
					"pivot": [-4.25, 8.3, 2.2],
					"cubes": [
						{"origin": [-5.7, 4.67129, 0.61308], "size": [0, 9, 12], "pivot": [-9.7, 7.37129, 3.91308], "rotation": [15.27476, 12.20165, 6.88951], "uv": [0, 24]}
					]
				},
				{
					"name": "left_leg",
					"parent": "body",
					"pivot": [1.9, 6.55, 1.8],
					"cubes": [
						{"origin": [1, 2.37129, 0.21308], "size": [2, 4, 2], "pivot": [-0.2, 9.87129, -0.78692], "rotation": [8.03729, -0.86717, -4.92442], "uv": [26, 17], "mirror": true}
					]
				},
				{
					"name": "left_leg2",
					"parent": "left_leg",
					"pivot": [2.65, 3.35, 2.1],
					"cubes": [
						{"origin": [1.3, 0.67129, 3.31308], "size": [2, 3, 2], "pivot": [0.1, 7.17129, 2.31308], "rotation": [-30.5076, 0.17428, -4.99697], "uv": [39, 45], "mirror": true}
					]
				},
				{
					"name": "left_foot",
					"parent": "left_leg2",
					"pivot": [2.65, 1.2, 1],
					"cubes": [
						{"origin": [2.3, -0.32871, -3.38692], "size": [2, 2, 5], "pivot": [1.1, 7.17129, -2.38692], "rotation": [0, -10, 0], "uv": [44, 45], "mirror": true},
						{"origin": [2.3993, -0.32871, -5.96691], "size": [0, 2, 3], "pivot": [3.5993, 0.67129, -4.46691], "rotation": [0, 5, 0], "uv": [10, 12]},
						{"origin": [4.9007, -0.32871, -5.96691], "size": [0, 2, 3], "pivot": [3.7007, 0.67129, -4.46691], "rotation": [0, -20, 0], "uv": [10, 12], "mirror": true},
						{"origin": [3.6993, -0.32871, -5.56691], "size": [0, 2, 3], "pivot": [4.8993, 0.67129, -4.06691], "rotation": [0, -12, 0], "uv": [10, 12]},
						{"origin": [-0.0007, -0.32871, 1.43309], "size": [0, 2, 3], "pivot": [1.1993, 0.67129, 2.93309], "rotation": [-180, 7, -180], "uv": [10, 12]}
					]
				},
				{
					"name": "right_leg",
					"parent": "body",
					"pivot": [-1.9, 6.55, 1.8],
					"cubes": [
						{"origin": [-3, 2.37129, 0.21308], "size": [2, 4, 2], "pivot": [0.2, 9.87129, -0.78692], "rotation": [8.03729, 0.86717, 4.92442], "uv": [26, 17]}
					]
				},
				{
					"name": "right_leg2",
					"parent": "right_leg",
					"pivot": [-2.65, 3.35, 2.1],
					"cubes": [
						{"origin": [-3.3, 0.67129, 3.31308], "size": [2, 3, 2], "pivot": [-0.1, 7.17129, 2.31308], "rotation": [-30.5076, -0.17428, 4.99697], "uv": [39, 45]}
					]
				},
				{
					"name": "right_foot",
					"parent": "right_leg2",
					"pivot": [-2.65, 1.2, 1],
					"cubes": [
						{"origin": [-4.3, -0.32871, -3.38692], "size": [2, 2, 5], "pivot": [-1.1, 7.17129, -2.38692], "rotation": [0, 10, 0], "uv": [44, 45]},
						{"origin": [-2.3993, -0.32871, -5.96691], "size": [0, 2, 3], "pivot": [-3.5993, 0.67129, -4.46691], "rotation": [0, -5, 0], "uv": [10, 12], "mirror": true},
						{"origin": [-4.9007, -0.32871, -5.96691], "size": [0, 2, 3], "pivot": [-3.7007, 0.67129, -4.46691], "rotation": [0, 20, 0], "uv": [10, 12]},
						{"origin": [-3.6993, -0.32871, -5.56691], "size": [0, 2, 3], "pivot": [-4.8993, 0.67129, -4.06691], "rotation": [0, 12, 0], "uv": [10, 12], "mirror": true},
						{"origin": [0.0007, -0.32871, 1.43309], "size": [0, 2, 3], "pivot": [-1.1993, 0.67129, 2.93309], "rotation": [-180, -7, 180], "uv": [10, 12], "mirror": true}
					]
				},
				{
					"name": "neck",
					"parent": "body",
					"pivot": [0, 12.5, -5.75],
					"cubes": [
						{"origin": [-3.49497, 12.46704, -7.33553], "size": [4, 6, 4], "pivot": [-0.49497, 15.86704, -3.63553], "rotation": [19.42281, -43.32239, -13.59981], "uv": [42, 25]}
					]
				},
				{
					"name": "head",
					"parent": "neck",
					"pivot": [0, 16, -5.5],
					"cubes": [
						{"origin": [-0.39979, 18.82159, -8.66824], "size": [3, 2, 0], "pivot": [1.32831, 20.08972, -8.34211], "rotation": [25.8175, -40.42684, -29.23029], "uv": [26, 23], "mirror": true},
						{"origin": [-2.60021, 18.82159, -8.66824], "size": [3, 2, 0], "pivot": [-1.32831, 20.08972, -8.34211], "rotation": [25.8175, 40.42684, 29.23029], "uv": [26, 23]},
						{"origin": [-2.70711, 15.86704, -7.93553], "size": [6, 7, 6], "pivot": [-0.70711, 19.36704, -4.93553], "rotation": [11.24131, 44.44508, 7.92314], "uv": [1, 46]},
						{"origin": [-1, 17.052, -11.19457], "size": [2, 1, 4], "inflate": 0.001, "pivot": [0, 17.378, -9.02198], "rotation": [9, 0, 0], "uv": [21, 45]},
						{"origin": [-0.5, 17.4441, -11.90183], "size": [1, 1, 5], "pivot": [0, 17.378, -9.02198], "rotation": [18, 0, 0], "uv": [39, 52]}
					]
				},
				{
					"name": "beak",
					"parent": "head",
					"pivot": [0, 16.75, -9],
					"cubes": [
						{"origin": [-0.5, 16.312, -10.40657], "size": [1, 1, 4], "pivot": [0, 17.378, -9.02198], "rotation": [9, 0, 0], "uv": [7, 1]}
					]
				},
				{
					"name": "feather",
					"parent": "head",
					"pivot": [0, 22.5, -5.9],
					"rotation": [-22.5, 0, 0],
					"cubes": [
						{"origin": [-1.64474, 21.69236, -5.38217], "size": [4, 4, 6], "inflate": 0.002, "pivot": [0.8, 32.01596, -4.95287], "rotation": [-32.5, -22, 0], "uv": [41, 0]}
					]
				},
				{
					"name": "feather2",
					"parent": "feather",
					"pivot": [0, 24.87464, -9.42126],
					"cubes": [
						{"origin": [2.70706, 19.00907, -14.63562], "size": [0, 8, 5], "inflate": 0.002, "pivot": [3.08559, 22.27495, -10.70613], "rotation": [-45.03134, -16.6176, 3.63711], "uv": [0, 10]}
					]
				},
				{
					"name": "feather3",
					"parent": "feather2",
					"pivot": [0, 21.5754, -13.46663],
					"cubes": [
						{"origin": [3.24995, 14.75576, -15.60336], "size": [0, 8, 7], "inflate": 0.002, "pivot": [3.08559, 22.27495, -10.70613], "rotation": [-19.26995, -11.16198, 10.19636], "uv": [0, 0]}
					]
				},
				{
					"name": "eyes",
					"parent": "head",
					"pivot": [0, 0, 0],
					"cubes": [
						{"origin": [-2.09526, 17.88024, -8.61598], "size": [2, 2, 0], "inflate": 0.01, "pivot": [-1.32831, 20.08972, -8.34211], "rotation": [25.8175, 40.42684, 29.23029], "uv": [0, 0]},
						{"origin": [0.09526, 17.88024, -8.61598], "size": [2, 2, 0], "inflate": 0.01, "pivot": [1.32831, 20.08972, -8.34211], "rotation": [25.8175, -40.42684, -29.23029], "uv": [0, 0], "mirror": true}
					]
				},
				{
					"name": "eyelids",
					"parent": "eyes",
					"pivot": [0, 0.5, 9.3],
					"cubes": [
						{"origin": [0.09526, 17.88024, -7.61598], "size": [2, 2, 0], "inflate": 0.03, "pivot": [1.32831, 20.08972, -7.34211], "rotation": [25.8175, -40.42684, -29.23029], "uv": [13, 0], "mirror": true},
						{"origin": [-2.09526, 17.88024, -7.61598], "size": [2, 2, 0], "inflate": 0.03, "pivot": [-1.32831, 20.08972, -7.34211], "rotation": [25.8175, 40.42684, 29.23029], "uv": [13, 0]}
					]
				},
				{
					"name": "pupils",
					"parent": "eyes",
					"pivot": [0, 0.5, 6.3],
					"cubes": [
						{"origin": [-1.29526, 18.08024, -8.61598], "size": [1, 2, 0], "inflate": 0.02, "pivot": [-1.32831, 20.08972, -8.34211], "rotation": [25.8175, 40.42684, 29.23029], "uv": [0, 2]},
						{"origin": [0.29526, 18.08024, -8.61598], "size": [1, 2, 0], "inflate": 0.02, "pivot": [1.32831, 20.08972, -8.34211], "rotation": [25.8175, -40.42684, -29.23029], "uv": [0, 2], "mirror": true}
					]
				},
				{
					"name": "right_headfeather",
					"parent": "head",
					"pivot": [-3, 19, -5.5],
					"cubes": [
						{"origin": [-7.4, 19.76704, -10.73553], "size": [3, 3, 5], "pivot": [-7.4, 19.26704, -6.73553], "rotation": [-64.23429, -62.22224, 85.27705], "uv": [28, 45]}
					]
				},
				{
					"name": "right_headfeather2",
					"parent": "right_headfeather",
					"pivot": [-7.4, 19.26704, -6.73553],
					"cubes": [
						{"origin": [-12.04425, 23.44057, -8.35141], "size": [3, 0, 5], "inflate": 0.001, "pivot": [-10.04425, 22.54057, -3.95141], "rotation": [-55.70607, -6.3753, 130.68061], "uv": [0, 0]}
					]
				},
				{
					"name": "left_headfeather",
					"parent": "head",
					"pivot": [3, 19, -5.5],
					"cubes": [
						{"origin": [4.4, 19.76704, -10.73553], "size": [3, 3, 5], "pivot": [7.4, 19.26704, -6.73553], "rotation": [-64.23429, 62.22224, -85.27705], "uv": [28, 45], "mirror": true}
					]
				},
				{
					"name": "left_headfeather2",
					"parent": "left_headfeather",
					"pivot": [7.4, 19.26704, -6.73553],
					"cubes": [
						{"origin": [9.04425, 23.44057, -8.35141], "size": [3, 0, 5], "inflate": 0.001, "pivot": [10.04425, 22.54057, -3.95141], "rotation": [-55.70607, 6.3753, -130.68061], "uv": [0, 0], "mirror": true}
					]
				}
			]
		}
	]
}