{
  "name": "Beldum",
  "nationalPokedexNumber": 374,
  "primaryType": "steel",
  "secondaryType": "psychic",
  "abilities": [
    "clearbody",
    "h:lightmetal"
  ],
  "baseStats": {
    "hp": 40,
    "attack": 55,
    "defence": 80,
    "special_attack": 35,
    "special_defence": 60,
    "speed": 30
  },
  "catchRate": 3,
  "maleRatio": -1,
  "shoulderMountable": false,
  "baseExperienceYield": 60,
  "experienceGroup": "slow",
  "eggCycles": 40,
  "eggGroups": [
    "mineral"
  ],
   "behaviour": {
    "moving": {
      "fly": {
        "canFly": true
      }
    }
  },
   "drops": {
    "amount": "3",
    "entries": [
      {
        "item": "minecraft:ender_pearl",
        "percentage": 50
      },
      {
        "item": "minecraft:iron_ingot",
		"percentage": 80
      },
	  {
        "item": "minecraft:iron_ingot"
      }
    ]
  },
  "moves": [
    "1:tackle",
    "1:takedown",
    "tm:irondefense",
    "tm:ironhead",
    "tm:zenheadbutt",
    "tutor:headbutt",
    "tutor:holdback",
    "tutor:steelbeam"
  ],
  "labels": [
    "gen3"
  ],
  "pokedex": [
    "cobblemon.species.beldum.desc"
  ],
  "evolutions": [
    {
      "id": "beldum_metang",
      "variant": "level_up",
      "result": "metang",
      "consumeHeldItem": false,
      "learnableMoves": [
        "confusion",
        "metalclaw"
      ],
      "requirements": [
        {
          "variant": "level",
          "minLevel": 20
        }
      ]
    }
  ],
  "baseScale": 1,
  "hitbox": {
    "width": 0.9,
    "height": 0.6,
    "fixed": false
  },
  "baseFriendship": 35,
  "evYield": {
    "hp": 0,
    "attack": 0,
    "defence": 1,
    "special_attack": 0,
    "special_defence": 0,
    "speed": 0
  },
  "height": 6,
  "weight": 952,
  "aspects": [],
  "cannotDynamax": false
}