{
  "name": "Kirlia",
  "nationalPokedexNumber": 281,
  "primaryType": "psychic",
  "secondaryType": "fairy",
  "abilities": [
    "synchronize",
    "trace",
    "h:telepathy"
  ],
  "baseStats": {
    "hp": 38,
    "attack": 35,
    "defence": 35,
    "special_attack": 65,
    "special_defence": 55,
    "speed": 50
  },
  "catchRate": 120,
  "maleRatio": 0.5,
  "shoulderMountable": false,
  "baseExperienceYield": 97,
  "experienceGroup": "slow",
  "eggCycles": 20,
  "eggGroups": [
    "human_like",
    "amorphous"
  ],
  "behaviour": {
    "resting": {
      "canSleep": true,
      "willSleepOnBed": false,
      "depth": "normal",
      "light": "0-4"
    }
  },
  "moves": [
    "1:confusion",
    "1:disarmingvoice",
    "1:doubleteam",
    "1:growl",
    "9:hypnosis",
    "12:drainingkiss",
    "14:luckychant",
    "15:teleport",
    "18:psybeam",
    "23:lifedew",
    "28:charm",
    "33:calmmind",
    "38:psychic",
    "43:healpulse",
    "48:dreameater",
    "53:futuresight",
    "tm:allyswitch",
    "tm:attract",
    "tm:bodyslam",
    "tm:calmmind",
    "tm:captivate",
    "tm:chargebeam",
    "tm:charm",
    "tm:confide",
    "tm:confuseray",
    "tm:dazzlinggleam",
    "tm:disarmingvoice",
    "tm:drainingkiss",
    "tm:echoedvoice",
    "tm:encore",
    "tm:endure",
    "tm:facade",
    "tm:firepunch",
    "tm:flash",
    "tm:fling",
    "tm:frustration",
    "tm:grassknot",
    "tm:helpinghand",
    "tm:hiddenpower",
    "tm:hyperbeam",
    "tm:hypervoice",
    "tm:icepunch",
    "tm:icywind",
    "tm:imprison",
    "tm:lightscreen",
    "tm:magicalleaf",
    "tm:magicroom",
    "tm:megakick",
    "tm:megapunch",
    "tm:metronome",
    "tm:mistyterrain",
    "tm:naturalgift",
    "tm:protect",
    "tm:psybeam",
    "tm:psychic",
    "tm:psychicterrain",
    "tm:psychup",
    "tm:psyshock",
    "tm:raindance",
    "tm:reflect",
    "tm:rest",
    "tm:return",
    "tm:round",
    "tm:safeguard",
    "tm:secretpower",
    "tm:shadowball",
    "tm:skillswap",
    "tm:sleeptalk",
    "tm:snore",
    "tm:storedpower",
    "tm:substitute",
    "tm:sunnyday",
    "tm:swagger",
    "tm:swift",
    "tm:taunt",
    "tm:terablast",
    "tm:thief",
    "tm:thunderbolt",
    "tm:thunderpunch",
    "tm:thunderwave",
    "tm:torment",
    "tm:toxic",
    "tm:trick",
    "tm:trickroom",
    "tm:willowisp",
    "tm:wonderroom",
    "tm:zenheadbutt",
    "tutor:defensecurl",
    "tutor:doubleedge",
    "tutor:expandingforce",
    "tutor:headbutt",
    "tutor:magiccoat",
    "tutor:mimic",
    "tutor:mudslap",
    "tutor:nightmare",
    "tutor:painsplit",
    "tutor:recycle",
    "tutor:shockwave",
    "tutor:signalbeam",
    "tutor:snatch",
    "tutor:telekinesis",
    "tutor:tripleaxel"
  ],
  "labels": [
    "gen3"
  ],
  "pokedex": [
    "cobblemon.species.kirlia.desc"
  ],
  "preEvolution": "ralts",
  "evolutions": [
    {
      "id": "kirlia_gardevoir",
      "variant": "level_up",
      "result": "gardevoir",
      "consumeHeldItem": false,
      "learnableMoves": [
        "dazzlinggleam"
      ],
      "requirements": [
        {
          "variant": "level",
          "minLevel": 30
        }
      ]
    },
    {
      "id": "kirlia_gallade",
      "variant": "item_interact",
      "result": "gallade",
      "consumeHeldItem": false,
      "learnableMoves": [],
      "requirements": [],
      "requiredContext": "cobblemon:dawn_stone"
    }
  ],
  "baseScale": 1,
  "hitbox": {
    "width": 0.9,
    "height": 1.4,
    "fixed": false
  },
  "baseFriendship": 35,
  "evYield": {
    "hp": 0,
    "attack": 0,
    "defence": 0,
    "special_attack": 2,
    "special_defence": 0,
    "speed": 0
  },
  "height": 8,
  "weight": 202,
  "aspects": [],
  "cannotDynamax": false
}