{
  "name": "Masquerain",
  "nationalPokedexNumber": 284,
  "primaryType": "bug",
  "secondaryType": "flying",
  "abilities": [
    "intimidate",
    "h:unnerve"
  ],
  "baseStats": {
    "hp": 70,
    "attack": 60,
    "defence": 62,
    "special_attack": 100,
    "special_defence": 82,
    "speed": 80
  },
  "catchRate": 75,
  "maleRatio": 0.5,
  "shoulderMountable": false,
  "baseExperienceYield": 159,
  "experienceGroup": "medium_fast",
  "eggCycles": 15,
  "eggGroups": [
    "water_1",
    "bug"
  ],
  "moves": [
    "1:bubble",
    "1:ominouswind",
    "1:quickattack",
    "1:soak",
    "1:sweetscent",
    "1:watergun",
    "1:watersport",
    "22:aircutter",
    "26:gust",
    "33:scaryface",
    "38:gigadrain",
    "40:stunspore",
    "47:airslash",
    "47:silverwind",
    "53:whirlwind",
    "61:bugbuzz",
    "68:quiverdance",
    "tm:acrobatics",
    "tm:aerialace",
    "tm:agility",
    "tm:aircutter",
    "tm:airslash",
    "tm:attract",
    "tm:batonpass",
    "tm:blizzard",
    "tm:bugbuzz",
    "tm:captivate",
    "tm:chillingwater",
    "tm:confide",
    "tm:defog",
    "tm:doubleteam",
    "tm:endure",
    "tm:energyball",
    "tm:facade",
    "tm:flash",
    "tm:foulplay",
    "tm:frustration",
    "tm:gigadrain",
    "tm:gigaimpact",
    "tm:helpinghand",
    "tm:hiddenpower",
    "tm:hurricane",
    "tm:hydropump",
    "tm:hyperbeam",
    "tm:icebeam",
    "tm:icywind",
    "tm:infestation",
    "tm:leechlife",
    "tm:liquidation",
    "tm:mudshot",
    "tm:mudslap",
    "tm:naturalgift",
    "tm:pounce",
    "tm:protect",
    "tm:psybeam",
    "tm:psychup",
    "tm:raindance",
    "tm:rest",
    "tm:return",
    "tm:roost",
    "tm:round",
    "tm:scald",
    "tm:scaryface",
    "tm:secretpower",
    "tm:shadowball",
    "tm:silverwind",
    "tm:sleeptalk",
    "tm:solarbeam",
    "tm:strugglebug",
    "tm:substitute",
    "tm:sunnyday",
    "tm:surf",
    "tm:swagger",
    "tm:swift",
    "tm:tailwind",
    "tm:takedown",
    "tm:terablast",
    "tm:thief",
    "tm:toxic",
    "tm:uturn",
    "tm:waterfall",
    "tm:waterpulse",
    "tutor:aircutter",
    "tutor:bugbite",
    "tutor:defog",
    "tutor:doubleedge",
    "tutor:endure",
    "tutor:gigadrain",
    "tutor:icywind",
    "tutor:liquidation",
    "tutor:mimic",
    "tutor:mudslap",
    "tutor:nightmare",
    "tutor:ominouswind",
    "tutor:psychup",
    "tutor:roost",
    "tutor:signalbeam",
    "tutor:sleeptalk",
    "tutor:snore",
    "tutor:stringshot",
    "tutor:substitute",
    "tutor:swagger",
    "tutor:swift",
    "tutor:tailwind",
    "tutor:twister",
    "tutor:waterpulse"
  ],
  "labels": [
    "gen3"
  ],
  "pokedex": [
    "cobblemon.species.masquerain.desc"
  ],
  "preEvolution": "surskit",
  "evolutions": [],
  "baseScale": 1,
  "hitbox": {
    "width": 1,
    "height": 1,
    "fixed": false
  },
  "baseFriendship": 70,
  "evYield": {
    "hp": 0,
    "attack": 0,
    "defence": 0,
    "special_attack": 1,
    "special_defence": 1,
    "speed": 0
  },
  "height": 8,
  "weight": 36,
  "aspects": [],
  "cannotDynamax": false
}