{
  "name": "Surskit",
  "nationalPokedexNumber": 283,
  "primaryType": "bug",
  "secondaryType": "water",
  "abilities": [
    "swiftswim",
    "h:raindish"
  ],
  "baseStats": {
    "hp": 40,
    "attack": 30,
    "defence": 32,
    "special_attack": 50,
    "special_defence": 52,
    "speed": 65
  },
  "catchRate": 200,
  "maleRatio": 0.5,
  "shoulderMountable": false,
  "baseExperienceYield": 54,
  "experienceGroup": "medium_fast",
  "eggCycles": 15,
  "eggGroups": [
    "water_1",
    "bug"
  ],
  "moves": [
    "1:bubble",
    "1:watergun",
    "7:quickattack",
    "13:sweetscent",
    "14:soak",
    "19:watersport",
    "25:bubblebeam",
    "30:aquajet",
    "31:agility",
    "37:haze",
    "37:mist",
    "38:stickyweb",
    "43:batonpass",
    "egg:aquajet",
    "egg:bugbite",
    "egg:endure",
    "egg:fellstinger",
    "egg:foresight",
    "egg:hydropump",
    "egg:lunge",
    "egg:mindreader",
    "egg:mudshot",
    "egg:powersplit",
    "egg:psybeam",
    "egg:signalbeam",
    "tm:acrobatics",
    "tm:agility",
    "tm:attract",
    "tm:batonpass",
    "tm:blizzard",
    "tm:bugbuzz",
    "tm:captivate",
    "tm:chillingwater",
    "tm:confide",
    "tm:doubleteam",
    "tm:endure",
    "tm:facade",
    "tm:flash",
    "tm:frustration",
    "tm:gigadrain",
    "tm:helpinghand",
    "tm:hiddenpower",
    "tm:hydropump",
    "tm:icebeam",
    "tm:icywind",
    "tm:infestation",
    "tm:leechlife",
    "tm:liquidation",
    "tm:mudshot",
    "tm:mudslap",
    "tm:naturalgift",
    "tm:pounce",
    "tm:protect",
    "tm:psybeam",
    "tm:psychup",
    "tm:raindance",
    "tm:rest",
    "tm:return",
    "tm:round",
    "tm:scald",
    "tm:secretpower",
    "tm:shadowball",
    "tm:sleeptalk",
    "tm:solarbeam",
    "tm:strugglebug",
    "tm:substitute",
    "tm:sunnyday",
    "tm:surf",
    "tm:swagger",
    "tm:takedown",
    "tm:terablast",
    "tm:thief",
    "tm:toxic",
    "tm:waterfall",
    "tm:waterpulse",
    "tutor:bubble",
    "tutor:bugbite",
    "tutor:doubleedge",
    "tutor:endure",
    "tutor:gigadrain",
    "tutor:hydropump",
    "tutor:icywind",
    "tutor:liquidation",
    "tutor:mimic",
    "tutor:mudslap",
    "tutor:mudsport",
    "tutor:psychup",
    "tutor:quickattack",
    "tutor:signalbeam",
    "tutor:sleeptalk",
    "tutor:snore",
    "tutor:stringshot",
    "tutor:substitute",
    "tutor:swagger",
    "tutor:swift",
    "tutor:waterpulse"
  ],
  "labels": [
    "gen3"
  ],
  "pokedex": [
    "cobblemon.species.surskit.desc"
  ],
  "evolutions": [
    {
      "id": "surskit_masquerain",
      "variant": "level_up",
      "result": "masquerain",
      "consumeHeldItem": false,
      "learnableMoves": [],
      "requirements": [
        {
          "variant": "level",
          "minLevel": 22
        }
      ]
    }
  ],
  "baseScale": .5,
  "hitbox": {
    "width": 1,
    "height": 1,
    "fixed": false
  },
  "baseFriendship": 70,
  "evYield": {
    "hp": 0,
    "attack": 0,
    "defence": 0,
    "special_attack": 0,
    "special_defence": 0,
    "speed": 1
  },
  "height": 5,
  "weight": 17,
  "aspects": [],
  "cannotDynamax": false
}