{
  "name": "Vibrava",
  "nationalPokedexNumber": 329,
  "primaryType": "ground",
  "secondaryType": "dragon",
  "abilities": [
    "levitate"
  ],
  "baseStats": {
    "hp": 50,
    "attack": 70,
    "defence": 50,
    "special_attack": 50,
    "special_defence": 50,
    "speed": 70
  },
  "catchRate": 120,
  "maleRatio": 0.5,
  "shoulderMountable": false,
  "baseExperienceYield": 119,
  "experienceGroup": "medium_slow",
  "eggCycles": 20,
  "eggGroups": [
    "bug",
    "dragon"
  ],
  "moves": [
    "1:astonish",
    "1:bite",
    "1:dig",
    "1:feintattack",
    "1:fissure",
    "1:laserfocus",
    "1:sandattack",
    "1:sandtomb",
    "1:sonicboom",
    "1:superpower",
    "13:mudslap",
    "17:bide",
    "20:dragontail",
    "21:bulldoze",
    "25:rockslide",
    "29:bugbuzz",
    "33:crunch",
    "33:earthquake",
    "33:supersonic",
    "35:dragonbreath",
    "39:earthpower",
    "40:uproar",
    "41:screech",
    "47:boomburst",
    "49:sandstorm",
    "56:dragonrush",
    "57:hyperbeam",
    "tm:airslash",
    "tm:attract",
    "tm:bodyslam",
    "tm:bugbuzz",
    "tm:bulldoze",
    "tm:captivate",
    "tm:confide",
    "tm:crunch",
    "tm:defog",
    "tm:dig",
    "tm:doubleteam",
    "tm:dragonpulse",
    "tm:earthpower",
    "tm:earthquake",
    "tm:endure",
    "tm:facade",
    "tm:fly",
    "tm:focusenergy",
    "tm:frustration",
    "tm:gigadrain",
    "tm:heatwave",
    "tm:hiddenpower",
    "tm:hyperbeam",
    "tm:mudshot",
    "tm:naturalgift",
    "tm:outrage",
    "tm:protect",
    "tm:rest",
    "tm:return",
    "tm:rockslide",
    "tm:rocksmash",
    "tm:rocktomb",
    "tm:roost",
    "tm:round",
    "tm:sandstorm",
    "tm:sandtomb",
    "tm:screech",
    "tm:secretpower",
    "tm:silverwind",
    "tm:sleeptalk",
    "tm:snore",
    "tm:solarbeam",
    "tm:steelwing",
    "tm:strength",
    "tm:strugglebug",
    "tm:substitute",
    "tm:sunnyday",
    "tm:superpower",
    "tm:swagger",
    "tm:swift",
    "tm:throatchop",
    "tm:toxic",
    "tm:uproar",
    "tm:uturn",
    "tutor:aircutter",
    "tutor:bodyslam",
    "tutor:bugbite",
    "tutor:defog",
    "tutor:doubleedge",
    "tutor:dracometeor",
    "tutor:dragonpulse",
    "tutor:dualwingbeat",
    "tutor:earthpower",
    "tutor:endure",
    "tutor:furycutter",
    "tutor:gigadrain",
    "tutor:headbutt",
    "tutor:heatwave",
    "tutor:mimic",
    "tutor:mudslap",
    "tutor:ominouswind",
    "tutor:outrage",
    "tutor:rockslide",
    "tutor:roost",
    "tutor:scorchingsands",
    "tutor:signalbeam",
    "tutor:sleeptalk",
    "tutor:snore",
    "tutor:substitute",
    "tutor:superpower",
    "tutor:swagger",
    "tutor:swift",
    "tutor:tailwind",
    "tutor:throatchop",
    "tutor:twister",
    "tutor:uproar"
  ],
  "labels": [
    "gen3"
  ],
  "pokedex": [
    "cobblemon.species.vibrava.desc"
  ],
  "preEvolution": "trapinch",
  "evolutions": [
    {
      "id": "vibrava_flygon",
      "variant": "level_up",
      "result": "flygon",
      "consumeHeldItem": false,
      "learnableMoves": [
        "dragonclaw"
      ],
      "requirements": [
        {
          "variant": "level",
          "minLevel": 45
        }
      ]
    }
  ],
  "baseScale": 1,
  "hitbox": {
    "width": 1,
    "height": 1,
    "fixed": false
  },
  "baseFriendship": 50,
  "evYield": {
    "hp": 0,
    "attack": 1,
    "defence": 0,
    "special_attack": 0,
    "special_defence": 0,
    "speed": 1
  },
  "height": 11,
  "weight": 153,
  "features": [ "bandana" ],
  "aspects": [],
  "cannotDynamax": false
}