{
  "name": "Walrein",
  "nationalPokedexNumber": 365,
  "primaryType": "ice",
  "secondaryType": "water",
  "abilities": [
    "thickfat",
    "icebody",
    "h:oblivious"
  ],
  "baseStats": {
    "hp": 110,
    "attack": 80,
    "defence": 90,
    "special_attack": 95,
    "special_defence": 90,
    "speed": 65
  },
  "catchRate": 45,
  "maleRatio": 0.5,
  "shoulderMountable": false,
  "baseExperienceYield": 265,
  "experienceGroup": "medium_slow",
  "eggCycles": 20,
  "eggGroups": [
    "water_1",
    "field"
  ],
  "moves": [
    "1:crunch",
    "1:defensecurl",
    "1:encore",
    "1:growl",
    "1:powdersnow",
    "1:watergun",
    "7:rollout",
    "13:iceball",
    "19:bodyslam",
    "19:brine",
    "25:aurorabeam",
    "31:hail",
    "32:swagger",
    "39:rest",
    "39:snore",
    "44:icefang",
    "48:surf",
    "50:blizzard",
    "61:sheercold",
    "tm:attract",
    "tm:avalanche",
    "tm:blizzard",
    "tm:bodypress",
    "tm:bodyslam",
    "tm:brine",
    "tm:bulldoze",
    "tm:captivate",
    "tm:confide",
    "tm:crunch",
    "tm:dive",
    "tm:doubleteam",
    "tm:earthquake",
    "tm:echoedvoice",
    "tm:encore",
    "tm:endure",
    "tm:facade",
    "tm:frostbreath",
    "tm:frustration",
    "tm:gigaimpact",
    "tm:hail",
    "tm:heavyslam",
    "tm:hiddenpower",
    "tm:hydropump",
    "tm:hyperbeam",
    "tm:icebeam",
    "tm:icefang",
    "tm:iciclespear",
    "tm:icywind",
    "tm:ironhead",
    "tm:irontail",
    "tm:liquidation",
    "tm:naturalgift",
    "tm:protect",
    "tm:raindance",
    "tm:rest",
    "tm:return",
    "tm:roar",
    "tm:rockslide",
    "tm:rocksmash",
    "tm:rocktomb",
    "tm:round",
    "tm:secretpower",
    "tm:sleeptalk",
    "tm:snore",
    "tm:stompingtantrum",
    "tm:strength",
    "tm:substitute",
    "tm:surf",
    "tm:swagger",
    "tm:swordsdance",
    "tm:toxic",
    "tm:waterfall",
    "tm:waterpulse",
    "tm:whirlpool",
    "tutor:aquatail",
    "tutor:block",
    "tutor:bodyslam",
    "tutor:brine",
    "tutor:defensecurl",
    "tutor:dive",
    "tutor:doubleedge",
    "tutor:endure",
    "tutor:furycutter",
    "tutor:hail",
    "tutor:headbutt",
    "tutor:icebeam",
    "tutor:icywind",
    "tutor:ironhead",
    "tutor:irontail",
    "tutor:mimic",
    "tutor:mudslap",
    "tutor:rockslide",
    "tutor:rollout",
    "tutor:sheercold",
    "tutor:signalbeam",
    "tutor:sleeptalk",
    "tutor:snore",
    "tutor:steelroller",
    "tutor:stompingtantrum",
    "tutor:substitute",
    "tutor:superfang",
    "tutor:swagger",
    "tutor:waterpulse"
  ],
  "labels": [
    "gen3"
  ],
  "pokedex": [
    "cobblemon.species.walrein.desc"
  ],
  "preEvolution": "sealeo",
  "evolutions": [],
  "baseScale": 1,
  "hitbox": {
    "width": 1,
    "height": 1,
    "fixed": false
  },
  "baseFriendship": 50,
  "evYield": {
    "hp": 3,
    "attack": 0,
    "defence": 0,
    "special_attack": 0,
    "special_defence": 0,
    "speed": 0
  },
  "height": 14,
  "weight": 1506,
  "aspects": [],
  "cannotDynamax": false
}