{
  "implemented": true,
  "name": "Wingull",
  "nationalPokedexNumber": 278,
  "primaryType": "water",
  "secondaryType": "flying",
  "abilities": [
    "keeneye",
    "hydration",
    "h:raindish"
  ],
  "baseStats": {
    "hp": 40,
    "attack": 30,
    "defence": 30,
    "special_attack": 55,
    "special_defence": 30,
    "speed": 85
  },
  "catchRate": 190,
  "maleRatio": 0.5,
  "shoulderMountable": false,
  "baseExperienceYield": 54,
  "experienceGroup": "medium_fast",
  "eggCycles": 20,
  "eggGroups": [
    "water_1",
    "flying"
  ],
  "behaviour": {
    "moving": {
    "canLook": false,
      "fly": {
        "canFly": true
      }  
    }
  },
  "moves": [
    "1:growl",
    "1:watergun",
    "5:quickattack",
    "10:supersonic",
    "15:wingattack",
    "20:waterpulse",
    "26:agility",
    "26:pursuit",
    "30:airslash",
    "35:mist",
    "40:roost",
    "45:hurricane",
    "egg:aerialace",
    "egg:aircutter",
    "egg:aquaring",
    "egg:gust",
    "egg:knockoff",
    "egg:soak",
    "egg:twister",
    "egg:watersport",
    "egg:wideguard",
    "tm:acrobatics",
    "tm:aerialace",
    "tm:agility",
    "tm:aircutter",
    "tm:airslash",
    "tm:attract",
    "tm:blizzard",
    "tm:bravebird",
    "tm:brine",
    "tm:captivate",
    "tm:chillingwater",
    "tm:confide",
    "tm:doubleteam",
    "tm:echoedvoice",
    "tm:endure",
    "tm:facade",
    "tm:fly",
    "tm:frustration",
    "tm:hail",
    "tm:helpinghand",
    "tm:hiddenpower",
    "tm:hurricane",
    "tm:hydropump",
    "tm:icebeam",
    "tm:icywind",
    "tm:liquidation",
    "tm:naturalgift",
    "tm:pluck",
    "tm:protect",
    "tm:raindance",
    "tm:rest",
    "tm:return",
    "tm:round",
    "tm:scald",
    "tm:secretpower",
    "tm:sleeptalk",
    "tm:snore",
    "tm:snowscape",
    "tm:steelwing",
    "tm:substitute",
    "tm:surf",
    "tm:swagger",
    "tm:swift",
    "tm:tailwind",
    "tm:takedown",
    "tm:terablast",
    "tm:thief",
    "tm:toxic",
    "tm:uproar",
    "tm:uturn",
    "tm:waterfall",
    "tm:waterpulse",
    "tutor:defog",
    "tutor:doubleedge",
    "tutor:dualwingbeat",
    "tutor:mimic",
    "tutor:mudslap",
    "tutor:ominouswind",
    "tutor:shockwave",
    "tutor:skyattack"
  ],
  "labels": [
    "custom"
  ],
  "pokedex": [
    "cobblemon.species.wingull.desc"
  ],
  "evolutions": [
    {
      "id": "wingull_pelipper",
      "variant": "level_up",
      "result": "pelipper",
      "consumeHeldItem": false,
      "learnableMoves": [],
      "requirements": [
        {
          "variant": "level",
          "minLevel": 25
        }
      ]
    }
  ],
  "baseScale": 1,
  "hitbox": {
    "width": 1,
    "height": 1,
    "fixed": false
  },
  "baseFriendship": 50,
  "evYield": {
    "hp": 0,
    "attack": 0,
    "defence": 0,
    "special_attack": 0,
    "special_defence": 0,
    "speed": 1
  },
  "height": 6,
  "weight": 95,
  "aspects": [],
  "cannotDynamax": false
}