{
	"format_version": "1.8.0",
	"animations": {
		"animation.hariyama.ground_idle": {
			"loop": true,
			"animation_length": 1.5,
			"bones": {
				"skirt1": {
					"rotation": {
						"0.0": {
							"post": [0, 0, 0],
							"lerp_mode": "catmullrom"
						},
						"0.625": {
							"post": [-1.5, 0, 0],
							"lerp_mode": "catmullrom"
						},
						"1.5": {
							"post": [0, 0, 0],
							"lerp_mode": "catmullrom"
						}
					}
				},
				"skirtadd1": {
					"rotation": {
						"0.0": {
							"post": [0, 0, 0],
							"lerp_mode": "catmullrom"
						},
						"0.25": {
							"post": [1, 0, 0],
							"lerp_mode": "catmullrom"
						},
						"1.0": {
							"post": [-1.5, 0, 0],
							"lerp_mode": "catmullrom"
						},
						"1.5": {
							"post": [0, 0, 0],
							"lerp_mode": "catmullrom"
						}
					}
				},
				"skirt2": {
					"rotation": {
						"0.0": {
							"post": [0, 0, 0],
							"lerp_mode": "catmullrom"
						},
						"0.625": {
							"post": [-1, 0, 0],
							"lerp_mode": "catmullrom"
						},
						"1.5": {
							"post": [0, 0, 0],
							"lerp_mode": "catmullrom"
						}
					}
				},
				"skirtadd2": {
					"rotation": {
						"0.0": {
							"post": [0, 0, 0],
							"lerp_mode": "catmullrom"
						},
						"0.25": {
							"post": [1.5, 0, 0],
							"lerp_mode": "catmullrom"
						},
						"1.0": {
							"post": [-2, 0, 0],
							"lerp_mode": "catmullrom"
						},
						"1.5": {
							"post": [0, 0, 0],
							"lerp_mode": "catmullrom"
						}
					}
				},
				"skirt5": {
					"rotation": {
						"0.0": {
							"post": [0, 0, 0],
							"lerp_mode": "catmullrom"
						},
						"0.5": {
							"post": [1, 0, 0],
							"lerp_mode": "catmullrom"
						},
						"1.5": {
							"post": [0, 0, 0],
							"lerp_mode": "catmullrom"
						}
					}
				},
				"skirtadd5": {
					"rotation": {
						"0.0": {
							"post": [0, 0, 0],
							"lerp_mode": "catmullrom"
						},
						"0.875": {
							"post": [5, 0, 0],
							"lerp_mode": "catmullrom"
						},
						"1.5": {
							"post": [0, 0, 0],
							"lerp_mode": "catmullrom"
						}
					}
				},
				"rightfoot": {
					"rotation": [0, -15, 0]
				},
				"leftfoot": {
					"rotation": [0, 15, 0]
				},
				"upperbody": {
					"position": {
						"0.0": {
							"post": [0, 0, 0],
							"lerp_mode": "catmullrom"
						},
						"0.5": {
							"post": [0, 0.25, 0],
							"lerp_mode": "catmullrom"
						},
						"1.5": {
							"post": [0, 0, 0],
							"lerp_mode": "catmullrom"
						}
					}
				},
				"rightArm": {
					"rotation": {
						"0.0": {
							"post": [0, -5, -35],
							"lerp_mode": "catmullrom"
						},
						"0.3333": {
							"post": [0, -5, -36],
							"lerp_mode": "catmullrom"
						},
						"1.0": {
							"post": [0, -5, -34],
							"lerp_mode": "catmullrom"
						},
						"1.5": {
							"post": [0, -5, -35],
							"lerp_mode": "catmullrom"
						}
					}
				},
				"rightHand2": {
					"rotation": {
						"0.0": {
							"post": [0, 0, -7.5],
							"lerp_mode": "catmullrom"
						},
						"0.75": {
							"post": [0, 0, -10],
							"lerp_mode": "catmullrom"
						},
						"1.5": {
							"post": [0, 0, -7.5],
							"lerp_mode": "catmullrom"
						}
					}
				},
				"leftArm": {
					"rotation": {
						"0.0": {
							"post": [0, 5, 35],
							"lerp_mode": "catmullrom"
						},
						"0.3333": {
							"post": [0, 5, 36],
							"lerp_mode": "catmullrom"
						},
						"1.0": {
							"post": [0, 5, 34],
							"lerp_mode": "catmullrom"
						},
						"1.5": {
							"post": [0, 5, 35],
							"lerp_mode": "catmullrom"
						}
					}
				},
				"leftHand2": {
					"rotation": {
						"0.0": {
							"post": [0, 0, 7.5],
							"lerp_mode": "catmullrom"
						},
						"0.75": {
							"post": [0, 0, 10],
							"lerp_mode": "catmullrom"
						},
						"1.5": {
							"post": [0, 0, 7.5],
							"lerp_mode": "catmullrom"
						}
					}
				},
				"head": {
					"rotation": {
						"0.0": {
							"post": [0, 0, 0],
							"lerp_mode": "catmullrom"
						},
						"0.25": {
							"post": [1, 0, 0],
							"lerp_mode": "catmullrom"
						},
						"1.0": {
							"post": [-1, 0, 0],
							"lerp_mode": "catmullrom"
						},
						"1.5": {
							"post": [0, 0, 0],
							"lerp_mode": "catmullrom"
						}
					}
				},
				"hairext": {
					"rotation": {
						"0.0": {
							"post": [0, 0, 0],
							"lerp_mode": "catmullrom"
						},
						"0.5": {
							"post": [1, 0, 0],
							"lerp_mode": "catmullrom"
						},
						"1.25": {
							"post": [-0.1, 0, 0],
							"lerp_mode": "catmullrom"
						},
						"1.5": {
							"post": [0, 0, 0],
							"lerp_mode": "catmullrom"
						}
					}
				},
				"skirt7": {
					"rotation": {
						"0.0": {
							"post": [0, 0, 0],
							"lerp_mode": "catmullrom"
						},
						"0.625": {
							"post": [-1, 0, 0],
							"lerp_mode": "catmullrom"
						},
						"1.5": {
							"post": [0, 0, 0],
							"lerp_mode": "catmullrom"
						}
					}
				},
				"skirtadd7": {
					"rotation": {
						"0.0": {
							"post": [0, 0, 0],
							"lerp_mode": "catmullrom"
						},
						"0.25": {
							"post": [1.5, 0, 0],
							"lerp_mode": "catmullrom"
						},
						"1.0": {
							"post": [-2, 0, 0],
							"lerp_mode": "catmullrom"
						},
						"1.5": {
							"post": [0, 0, 0],
							"lerp_mode": "catmullrom"
						}
					}
				},
				"skirt6": {
					"rotation": {
						"0.0": {
							"post": [0, 0, 0],
							"lerp_mode": "catmullrom"
						},
						"0.5": {
							"post": [1, 0, 0],
							"lerp_mode": "catmullrom"
						},
						"1.5": {
							"post": [0, 0, 0],
							"lerp_mode": "catmullrom"
						}
					}
				},
				"skirtadd6": {
					"rotation": {
						"0.0": {
							"post": [0, 0, 0],
							"lerp_mode": "catmullrom"
						},
						"0.875": {
							"post": [5, 0, 0],
							"lerp_mode": "catmullrom"
						},
						"1.5": {
							"post": [0, 0, 0],
							"lerp_mode": "catmullrom"
						}
					}
				}
			}
		},
		"animation.hariyama.ground_walk": {
			"loop": true,
			"animation_length": 1,
			"bones": {
				"body": {
					"position": {
						"0.0": {
							"post": [0, 0, 0],
							"lerp_mode": "catmullrom"
						},
						"0.25": {
							"post": [0, 0.5, 0],
							"lerp_mode": "catmullrom"
						},
						"0.5": {
							"post": [0, 0, 0],
							"lerp_mode": "catmullrom"
						},
						"0.75": {
							"post": [0, 0.5, 0],
							"lerp_mode": "catmullrom"
						},
						"1.0": {
							"post": [0, 0, 0],
							"lerp_mode": "catmullrom"
						}
					}
				},
				"rightfoot": {
					"rotation": {
						"0.0": {
							"post": [-10, -15, 0],
							"lerp_mode": "catmullrom"
						},
						"0.1667": {
							"post": [0, -15, 0],
							"lerp_mode": "catmullrom"
						},
						"0.375": {
							"post": [0, -15, 0],
							"lerp_mode": "catmullrom"
						},
						"0.5": {
							"post": [7.5, -15, 0],
							"lerp_mode": "catmullrom"
						},
						"0.75": {
							"post": [10, -15, 0],
							"lerp_mode": "catmullrom"
						},
						"1.0": {
							"post": [-10, -15, 0],
							"lerp_mode": "catmullrom"
						}
					},
					"position": {
						"0.0": {
							"post": [0, 0, -5],
							"lerp_mode": "catmullrom"
						},
						"0.1667": {
							"post": [0, -0.5, -4],
							"lerp_mode": "catmullrom"
						},
						"0.375": {
							"post": [0, -0.3, 0.88],
							"lerp_mode": "catmullrom"
						},
						"0.5": {
							"post": [0, 0.7, 3],
							"lerp_mode": "catmullrom"
						},
						"0.75": {
							"post": [0, 1.5, -0.5],
							"lerp_mode": "catmullrom"
						},
						"1.0": {
							"post": [0, 0, -5],
							"lerp_mode": "catmullrom"
						}
					}
				},
				"leftfoot": {
					"rotation": {
						"0.0": {
							"post": [7.5, 15, 0],
							"lerp_mode": "catmullrom"
						},
						"0.25": {
							"post": [10, 15, 0],
							"lerp_mode": "catmullrom"
						},
						"0.5": {
							"post": [-10, 15, 0],
							"lerp_mode": "catmullrom"
						},
						"0.6667": {
							"post": [0, 15, 0],
							"lerp_mode": "catmullrom"
						},
						"0.875": {
							"post": [0, 15, 0],
							"lerp_mode": "catmullrom"
						},
						"1.0": {
							"post": [7.5, 15, 0],
							"lerp_mode": "catmullrom"
						}
					},
					"position": {
						"0.0": {
							"post": [0, 0.7, 3],
							"lerp_mode": "catmullrom"
						},
						"0.25": {
							"post": [0, 1.5, -0.5],
							"lerp_mode": "catmullrom"
						},
						"0.5": {
							"post": [0, 0, -5],
							"lerp_mode": "catmullrom"
						},
						"0.6667": {
							"post": [0, -0.5, -4],
							"lerp_mode": "catmullrom"
						},
						"0.875": {
							"post": [0, -0.3, 0.88],
							"lerp_mode": "catmullrom"
						},
						"1.0": {
							"post": [0, 0.7, 3],
							"lerp_mode": "catmullrom"
						}
					}
				},
				"rightArm": {
					"rotation": {
						"0.0": {
							"post": [5, -35, -37.5],
							"lerp_mode": "catmullrom"
						},
						"0.5": {
							"post": [0, 15, -32.5],
							"lerp_mode": "catmullrom"
						},
						"0.75": {
							"post": [1, 0, -30],
							"lerp_mode": "catmullrom"
						},
						"1.0": {
							"post": [5, -35, -37.5],
							"lerp_mode": "catmullrom"
						}
					}
				},
				"rightHand2": {
					"rotation": {
						"0.0": {
							"post": [0, -7.5, -5],
							"lerp_mode": "catmullrom"
						},
						"1.0": {
							"post": [0, -7.5, -5],
							"lerp_mode": "catmullrom"
						}
					}
				},
				"leftArm": {
					"rotation": {
						"0.0": {
							"post": [0, -15, 32.5],
							"lerp_mode": "catmullrom"
						},
						"0.25": {
							"post": [1, 0, 30],
							"lerp_mode": "catmullrom"
						},
						"0.5": {
							"post": [5, 35, 37.5],
							"lerp_mode": "catmullrom"
						},
						"1.0": {
							"post": [0, -15, 32.5],
							"lerp_mode": "catmullrom"
						}
					}
				},
				"leftHand2": {
					"rotation": {
						"0.0": {
							"post": [0, 7.5, 5],
							"lerp_mode": "catmullrom"
						},
						"1.0": {
							"post": [0, 7.5, 5],
							"lerp_mode": "catmullrom"
						}
					}
				},
				"head": {
					"rotation": {
						"0.0": {
							"post": [0, -1, 0],
							"lerp_mode": "catmullrom"
						},
						"0.5": {
							"post": [0, 1, 0],
							"lerp_mode": "catmullrom"
						},
						"1.0": {
							"post": [0, -1, 0],
							"lerp_mode": "catmullrom"
						}
					}
				}
			}
		},
		"animation.hariyama.faint": {
			"loop": "hold_on_last_frame"
		}
	}
}