{
	"format_version": "1.12.0",
	"minecraft:geometry": [
		{
			"description": {
				"identifier": "geometry.staravia",
				"texture_width": 64,
				"texture_height": 64,
				"visible_bounds_width": 3,
				"visible_bounds_height": 3.5,
				"visible_bounds_offset": [0, 1.25, 0]
			},
			"bones": [
				{
					"name": "staravia",
					"pivot": [0, 0, 0]
				},
				{
					"name": "body",
					"parent": "staravia",
					"pivot": [0, 8, -2.15],
					"cubes": [
						{"origin": [-3.5, 3.35952, -5.44305], "size": [7, 7, 8], "pivot": [0, 6.85952, -0.94305], "rotation": [-5, 0, 0], "uv": [0, 0]}
					]
				},
				{
					"name": "tail",
					"parent": "body",
					"pivot": [0, 6.7, 2.6],
					"cubes": [
						{"origin": [-3, 2.40428, 1.47781], "size": [6, 6, 6], "pivot": [0, 7.4979, 7.77577], "rotation": [-13, 0, 0], "uv": [0, 27]}
					]
				},
				{
					"name": "tail_feathers",
					"parent": "tail",
					"pivot": [0, 6.4, 7.4],
					"cubes": [
						{"origin": [-0.28395, 6.6096, 4.34709], "size": [4, 0, 11], "pivot": [1.5, 6.9979, 7.77577], "rotation": [39.27951, 9.84721, 31.89425], "uv": [10, 15], "mirror": true},
						{"origin": [-3.71605, 6.6096, 4.34709], "size": [4, 0, 11], "pivot": [-1.5, 6.9979, 7.77577], "rotation": [39.27951, -9.84721, -31.89425], "uv": [10, 15]},
						{"origin": [-2.5, 7.35532, 6.17955], "size": [5, 0, 11], "pivot": [0, 7.4979, 7.77577], "rotation": [36.5, 0, 0], "uv": [0, 15]}
					]
				},
				{
					"name": "head",
					"parent": "body",
					"pivot": [0, 10.5, -1.9],
					"cubes": [
						{"origin": [-3, 9.66704, -5.03553], "size": [6, 7, 6], "uv": [23, 20]},
						{"origin": [0.95, 14.86704, -5.0655], "size": [2, 1, 0], "inflate": 0.004, "pivot": [2.4, 13.86704, -5.03553], "rotation": [0, 0, -5], "uv": [6, 17]},
						{"origin": [-2.95, 14.86704, -5.0655], "size": [2, 1, 0], "inflate": 0.004, "pivot": [-2.4, 13.86704, -5.03553], "rotation": [0, 0, 5], "uv": [6, 17], "mirror": true},
						{"origin": [-0.5, 12.9441, -9.30183], "size": [1, 1, 5], "pivot": [0, 12.878, -6.42198], "rotation": [18, 0, 0], "uv": [0, 21]},
						{"origin": [-1, 12.552, -8.59457], "size": [2, 1, 4], "inflate": 0.001, "pivot": [0, 12.878, -6.42198], "rotation": [9, 0, 0], "uv": [38, 38]}
					]
				},
				{
					"name": "beak",
					"parent": "head",
					"pivot": [0, 12.5, -4.9],
					"cubes": [
						{"origin": [-0.5, 11.812, -7.80657], "size": [1, 1, 4], "pivot": [0, 12.878, -6.42198], "rotation": [9, 0, 0], "uv": [0, 15]}
					]
				},
				{
					"name": "feather",
					"parent": "head",
					"pivot": [0, 16, -0.3],
					"cubes": [
						{"origin": [-2, 14.26704, -2.23553], "size": [4, 4, 3], "inflate": 0.002, "pivot": [0, 15.26704, -0.73553], "rotation": [-32.5, 0, 0], "uv": [22, 0]}
					]
				},
				{
					"name": "feather2",
					"parent": "feather",
					"pivot": [0, 17.5, 0.6],
					"cubes": [
						{"origin": [0, 16.26704, -4.23553], "size": [0, 6, 7], "inflate": 0.002, "pivot": [0, 19.26704, -0.73553], "rotation": [-32.5, -17, 0], "uv": [24, 31]}
					]
				},
				{
					"name": "eyes",
					"parent": "head",
					"pivot": [0, 0, -0.1],
					"cubes": [
						{"origin": [0.9, 13.36704, -5.0455], "size": [2, 2, 0], "inflate": 0.001, "pivot": [1.9, 14.36704, -5.03553], "rotation": [0, 0, -5], "uv": [0, 16]},
						{"origin": [-2.9, 13.36704, -5.0455], "size": [2, 2, 0], "inflate": 0.001, "pivot": [-1.9, 14.36704, -5.03553], "rotation": [0, 0, 5], "uv": [0, 16], "mirror": true}
					]
				},
				{
					"name": "eyelids",
					"parent": "eyes",
					"pivot": [0, 0, 1.9],
					"cubes": [
						{"origin": [-2.9, 13.36704, -4.03553], "size": [2, 2, 0], "inflate": 0.003, "pivot": [-1.9, 14.36704, -4.03553], "rotation": [0, 0, 5], "uv": [6, 15], "mirror": true},
						{"origin": [0.9, 13.36704, -4.03553], "size": [2, 2, 0], "inflate": 0.003, "pivot": [1.9, 14.36704, -4.03553], "rotation": [0, 0, -5], "uv": [6, 15]}
					]
				},
				{
					"name": "pupils",
					"parent": "eyes",
					"pivot": [0, 0, -0.1],
					"cubes": [
						{"origin": [-2.3, 14.06704, -5.0555], "size": [1, 1, 0], "inflate": 0.002, "pivot": [-2.4, 13.86704, -5.03553], "rotation": [0, 0, 5], "uv": [0, 0], "mirror": true},
						{"origin": [1.3, 14.06704, -5.0555], "size": [1, 1, 0], "inflate": 0.002, "pivot": [2.4, 13.86704, -5.03553], "rotation": [0, 0, -5], "uv": [0, 0]}
					]
				},
				{
					"name": "right_wing",
					"parent": "body",
					"pivot": [-3.45, 9.2, -3.4],
					"cubes": [
						{"origin": [-5.1, 0.84, -3.15857], "size": [2, 9, 7], "pivot": [-4.44, 6.06, -1.19857], "rotation": [62, 0, 0], "uv": [30, 0]}
					]
				},
				{
					"name": "right_feathers",
					"parent": "right_wing",
					"pivot": [-4.25, 6, 2.2],
					"cubes": [
						{"origin": [-4.236, 3.056, -0.47857], "size": [0, 5, 10], "pivot": [-5.476, 5.476, 3.08143], "rotation": [31.03333, 2.62358, 1.45545], "uv": [24, 23]}
					]
				},
				{
					"name": "left_wing",
					"parent": "body",
					"pivot": [3.45, 9.2, -3.4],
					"cubes": [
						{"origin": [3.1, 0.84, -3.15857], "size": [2, 9, 7], "pivot": [4.44, 6.06, -1.19857], "rotation": [62, 0, 0], "uv": [30, 0], "mirror": true}
					]
				},
				{
					"name": "left_feathers",
					"parent": "left_wing",
					"pivot": [4.25, 6, 2.2],
					"cubes": [
						{"origin": [4.236, 3.056, -0.47857], "size": [0, 5, 10], "pivot": [5.476, 5.476, 3.08143], "rotation": [31.03333, -2.62358, -1.45545], "uv": [24, 23], "mirror": true}
					]
				},
				{
					"name": "left_leg",
					"parent": "body",
					"pivot": [1.9, 3.25, 1.8],
					"cubes": [
						{"origin": [1.4, 4.95952, 1.45695], "size": [1, 1, 3], "pivot": [-0.6, 3.9, 3.2], "rotation": [125.5, 0, 0], "uv": [0, 0], "mirror": true}
					]
				},
				{
					"name": "left_leg2",
					"parent": "left_leg",
					"pivot": [1.9, 1.8, 3.1],
					"cubes": [
						{"origin": [1.4, 1.45952, 3.15695], "size": [1, 1, 2], "pivot": [-0.6, 0.4, 3.9], "rotation": [70.5, 0, 0], "uv": [0, 5], "mirror": true}
					]
				},
				{
					"name": "left_foot",
					"parent": "left_leg2",
					"pivot": [1.9, 0.9, 2.5],
					"cubes": [
						{"origin": [0.85, -0.04048, 0.15695], "size": [2, 1, 3], "uv": [29, 16], "mirror": true},
						{"origin": [2.75, -0.04048, -1.44305], "size": [0, 1, 2], "uv": [0, 13], "mirror": true},
						{"origin": [1.85, -0.04048, -2.14305], "size": [0, 1, 3], "uv": [0, 1], "mirror": true},
						{"origin": [1.85, -0.04048, 2.35695], "size": [0, 1, 2], "uv": [4, 4], "mirror": true},
						{"origin": [0.95, -0.04048, -1.44305], "size": [0, 1, 2], "uv": [4, 3], "mirror": true}
					]
				},
				{
					"name": "right_leg",
					"parent": "body",
					"pivot": [-1.9, 3.25, 1.8],
					"cubes": [
						{"origin": [-2.4, 4.95952, 1.45695], "size": [1, 1, 3], "pivot": [0.6, 3.9, 3.2], "rotation": [125.5, 0, 0], "uv": [0, 0]}
					]
				},
				{
					"name": "right_leg2",
					"parent": "right_leg",
					"pivot": [-1.9, 1.8, 3.1],
					"cubes": [
						{"origin": [-2.4, 1.45952, 3.15695], "size": [1, 1, 2], "pivot": [0.6, 0.4, 3.9], "rotation": [70.5, 0, 0], "uv": [0, 5]}
					]
				},
				{
					"name": "right_foot",
					"parent": "right_leg2",
					"pivot": [-1.9, 0.9, 2.5],
					"cubes": [
						{"origin": [-2.85, -0.04048, 0.15695], "size": [2, 1, 3], "uv": [29, 16]},
						{"origin": [-2.75, -0.04048, -1.44305], "size": [0, 1, 2], "uv": [0, 13]},
						{"origin": [-1.85, -0.04048, -2.14305], "size": [0, 1, 3], "uv": [0, 1]},
						{"origin": [-1.85, -0.04048, 2.35695], "size": [0, 1, 2], "uv": [4, 4]},
						{"origin": [-0.95, -0.04048, -1.44305], "size": [0, 1, 2], "uv": [4, 3]}
					]
				}
			]
		}
	]
}