{
    "enabled": true,
    "neededInstalledMods": [],
    "neededUninstalledMods": [],
    "spawns": [
        {
            "id": "masquerain-1",
            "pokemon": "masquerain",
            "presets": [
                "natural",
                "freshwater"
            ],
            "type": "pokemon",
            "context": "grounded",
            "bucket": "common",
            "level": "22-45",
            "weight": 7.0,
            "condition": {
                "canSeeSky": true,
                "biomes": [
                    "#cobblemon:is_forest",
                    "#cobblemon:is_plains",
                    "#cobblemon:is_river"
                ],
                "isRaining": false,
                "neededNearbyBlocks":[
                    "minecraft:water"
                ]
            }
        }
    ]
}