{
    "enabled": "true",
    "neededInstalledMods": [],
    "neededUninstalledMods": [],
    "spawns": [
        {
            "id": "staravia-1",
            "pokemon": "staravia",
            "presets": [
                "natural"
            ],
            "type": "pokemon",
            "context": "grounded",
            "bucket": "uncommon",
            "level": "14-34",
            "weight": 6.0,
            "condition": {
                "canSeeSky": true,
                "biomes": [
                    "#cobblemon:is_sky",
                    "#cobblemon:is_taiga",
                    "#cobblemon:is_forest"
                ],
                "timeRange": "day",
                "isRaining": false
            }
        }
    ]
}