{
    "enabled": "true",
    "neededInstalledMods": [],
    "neededUninstalledMods": [],
    "spawns": [
        {
            "id": "tatsugiri-curly2",
            "pokemon": "tatsugiri tatsugiri-texture=curly",
            "presets": [
                "natural"
            ],
            "type": "pokemon",
            "context": "grounded",
            "bucket": "uncommon",
            "level": "10-25",
            "weight": 5.0,
            "condition": {
                "biomes": [
                    "#cobblemon:is_swamp"
                ]
            }
        },
        {
            "id": "tatsugiri-stretchy-2",
            "pokemon": "tatsugiri tatsugiri-texture=stretchy",
            "presets": [
                "natural"
            ],
            "type": "pokemon",
            "context": "grounded",
            "bucket": "uncommon",
            "level": "10-25",
            "weight": 5.0,
            "condition": {
                "biomes": [
                    "#cobblemon:is_swamp"
                ]
            }
        },
        {
            "id": "tatsugiri-droopy-2",
            "pokemon": "tatsugiri tatsugiri-texture=droopy",
            "presets": [
                "natural"
            ],
            "type": "pokemon",
            "context": "grounded",
            "bucket": "uncommon",
            "level": "10-25",
            "weight": 5.0,
            "condition": {
                "biomes": [
                    "#cobblemon:is_swamp"
                ]
            }
        }
    ]
}