{
    "enabled": true,
    "neededInstalledMods": [],
    "neededUninstalledMods": [],
    "spawns": [
        {
            "id": "gallade-1",
            "pokemon": "gallade",
            "type": "pokemon",
            "context": "grounded",
            "bucket": "uncommon",
            "level": "30-60",
            "weight": 0.081,
            "condition": {
                "canSeeSky": true,
                "biomes": [
                    "#cobblemon:is_floral",
					"#cobblemon:is_snowy"
                ]
            }
        }
    ]
}