{
  "enabled": true,
  "neededInstalledMods": [],
  "neededUninstalledMods": [],
  "spawns": [
    {
      "id": "ironhands_1",
      "pokemon": "ironhands",
      "presets": [ "natural" ],
      "type": "pokemon",
      "context": "grounded",
      "bucket": "rare",
      "level": "30-50",
      "weight": 2,
      "condition": {
        "canSeeSky": true,
        "biomes": [ "#cobblemon:is_mountain" ]
      }
    },
    {
      "id": "ironhands_2",
      "pokemon": "ironhands",
      "presets": [ "natural" ],
      "type": "pokemon",
      "context": "grounded",
      "bucket": "rare",
      "level": "30-50",
      "weight": 2,
      "condition": {
        "canSeeSky": false,
        "biomes": [ "#cobblemon:is_end" ]
      }
    }
  ]
}