{
    "enabled": true,
    "neededInstalledMods": [],
    "neededUninstalledMods": [],
    "spawns": [
        {
            "id": "metang-1",
            "pokemon": "metang",
            "type": "pokemon",
            "context": "grounded",
            "bucket": "rare",
            "level": "20-44",
            "weight": 0.54,
            "condition": {
                "canSeeSky": true,
                "biomes": [
                    "#cobblemon:is_mountain",
					"#cobblemon:is_snowy"
                ]
            }
        }
    ]
}