{
	"format_version": "1.8.0",
	"animations": {
		"animation.gardevoir.faint": {
			"loop": true,
			"animation_length": 2.885,
			"bones": {
				"upper_body": {
					"rotation": {
						"0.0": {
							"post": [0, 0, 0],
							"lerp_mode": "catmullrom"
						},
						"0.84": {
							"post": [-2.5, 0, 0],
							"lerp_mode": "catmullrom"
						},
						"1.16": {
							"post": [-10, 0, 0],
							"lerp_mode": "catmullrom"
						}
					},
					"position": {
						"0.0": {
							"post": [0, 0, 0],
							"lerp_mode": "catmullrom"
						}
					}
				},
				"head": {
					"rotation": {
						"0.0": {
							"post": [0, 0, 0],
							"lerp_mode": "catmullrom"
						},
						"0.68": {
							"post": [5, 0, 0],
							"lerp_mode": "catmullrom"
						},
						"1.08": {
							"post": [12.5, 0, 0],
							"lerp_mode": "catmullrom"
						},
						"1.4": {
							"post": [-12.5, 0, 0],
							"lerp_mode": "catmullrom"
						},
						"1.88": {
							"post": [2.5, 0, 0],
							"lerp_mode": "catmullrom"
						},
						"2.24": {
							"post": [12.5, 0, 0],
							"lerp_mode": "catmullrom"
						},
						"2.56": {
							"post": [22.5, 0, 0],
							"lerp_mode": "catmullrom"
						}
					}
				},
				"arm_left": {
					"rotation": {
						"0.0": {
							"post": [-90, 0, 60],
							"lerp_mode": "catmullrom"
						},
						"0.36": {
							"post": [-105.24689, 56.1582, 41.83159],
							"lerp_mode": "catmullrom"
						},
						"0.6": {
							"post": [-102.86759, 48.88063, 44.82355],
							"lerp_mode": "catmullrom"
						},
						"0.84": {
							"post": [-100.51588, 36.63543, 48.26722],
							"lerp_mode": "catmullrom"
						},
						"1.48": {
							"post": [-100.52, 36.64, 48.27],
							"lerp_mode": "catmullrom"
						},
						"1.96": {
							"post": [-98.97868, -20.16413, 57.71144],
							"lerp_mode": "catmullrom"
						},
						"2.44": {
							"post": [-99.1329, -22.63298, 58.13403],
							"lerp_mode": "catmullrom"
						}
					}
				},
				"forearm_left": {
					"rotation": {
						"0.0": {
							"post": [0, 15, 0],
							"lerp_mode": "catmullrom"
						},
						"0.32": {
							"post": [-5.77509, -8.17773, 35.41318],
							"lerp_mode": "catmullrom"
						},
						"0.56": {
							"post": [-43.64992, -13.16155, 87.98255],
							"lerp_mode": "catmullrom"
						},
						"0.84": {
							"post": [-99.31542, -9.43543, 138.90876],
							"lerp_mode": "catmullrom"
						},
						"1.32": {
							"post": [-99.31542, -9.43543, 138.90876],
							"lerp_mode": "catmullrom"
						},
						"1.96": {
							"post": [-82.17864, -10.70315, 57.40451],
							"lerp_mode": "catmullrom"
						},
						"2.44": {
							"post": [-77.68232, -4.86389, 25.11314],
							"lerp_mode": "catmullrom"
						}
					}
				},
				"arm_right": {
					"rotation": {
						"0.0": {
							"post": [-90, 0, -60],
							"lerp_mode": "catmullrom"
						},
						"0.84": {
							"post": [-90, -5, -60],
							"lerp_mode": "catmullrom"
						},
						"1.12": {
							"post": [-90, -37.5, -60],
							"lerp_mode": "catmullrom"
						},
						"1.72": {
							"post": [-90, -70, -60],
							"lerp_mode": "catmullrom"
						},
						"2.24": {
							"post": [-90, -35, -60],
							"lerp_mode": "catmullrom"
						},
						"2.52": {
							"post": [-90, 12.5, -60],
							"lerp_mode": "catmullrom"
						}
					}
				},
				"forearm_right": {
					"rotation": {
						"0.0": {
							"post": [0, -15, 0],
							"lerp_mode": "catmullrom"
						},
						"0.84": {
							"post": [1.3378, -14.94159, -5.17544],
							"lerp_mode": "catmullrom"
						},
						"1.12": {
							"post": [8.73739, -12.2403, -35.93866],
							"lerp_mode": "catmullrom"
						},
						"1.72": {
							"post": [3.21526, 2.83561, -11.92758],
							"lerp_mode": "catmullrom"
						},
						"2.12": {
							"post": [3.08859, 2.97309, -14.42701],
							"lerp_mode": "catmullrom"
						},
						"2.4": {
							"post": [3.08859, 2.97309, -14.42701],
							"lerp_mode": "catmullrom"
						}
					}
				},
				"dress_top": {
					"rotation": {
						"0.0": {
							"post": [0, 0, 0],
							"lerp_mode": "catmullrom"
						},
						"0.84": {
							"post": [-2.5, 0, 0],
							"lerp_mode": "catmullrom"
						},
						"1.4": {
							"post": [-17.5, 0, 0],
							"lerp_mode": "catmullrom"
						},
						"2.0": {
							"post": [-27.33, 0, 0],
							"lerp_mode": "catmullrom"
						},
						"2.52": {
							"post": [-9.83, 0, 0],
							"lerp_mode": "catmullrom"
						},
						"2.88": {
							"post": [-4.83, 0, 0],
							"lerp_mode": "catmullrom"
						}
					},
					"position": {
						"0.0": {
							"post": [0, 0, 0],
							"lerp_mode": "catmullrom"
						}
					}
				},
				"dress_middle": {
					"rotation": {
						"0.0": {
							"post": [0, 0, 0],
							"lerp_mode": "catmullrom"
						},
						"0.88": {
							"post": [-5, 0, 0],
							"lerp_mode": "catmullrom"
						},
						"1.44": {
							"post": [0, 0, 0],
							"lerp_mode": "catmullrom"
						},
						"2.04": {
							"post": [12.5, 0, 0],
							"lerp_mode": "catmullrom"
						},
						"2.56": {
							"post": [-5, 0, 0],
							"lerp_mode": "catmullrom"
						}
					},
					"position": {
						"0.0": {
							"post": [0, 0, 0],
							"lerp_mode": "catmullrom"
						},
						"0.88": {
							"post": [0, 0.3, 0],
							"lerp_mode": "catmullrom"
						},
						"2.04": {
							"post": [0, 0.5, 0],
							"lerp_mode": "catmullrom"
						}
					}
				},
				"dress_bottom": {
					"rotation": {
						"0.0": {
							"post": [0, 0, 0],
							"lerp_mode": "catmullrom"
						},
						"0.92": {
							"post": [0, 0, 0],
							"lerp_mode": "catmullrom"
						},
						"1.48": {
							"post": [7.5, 0, 0],
							"lerp_mode": "catmullrom"
						},
						"2.08": {
							"post": [-4.38, 0, 0],
							"lerp_mode": "catmullrom"
						},
						"2.6": {
							"post": [-15, 0, 0],
							"lerp_mode": "catmullrom"
						},
						"2.88": {
							"post": [-7.5, 0, 0],
							"lerp_mode": "catmullrom"
						}
					},
					"position": {
						"0.0": {
							"post": [0, 0, 0],
							"lerp_mode": "catmullrom"
						},
						"1.48": {
							"post": [0, 0.5, -0.1],
							"lerp_mode": "catmullrom"
						},
						"2.08": {
							"post": [0, 0.8, -0.1],
							"lerp_mode": "catmullrom"
						}
					}
				},
				"leg_right": {
					"rotation": {
						"0.0": {
							"post": [0, 0, 0],
							"lerp_mode": "catmullrom"
						},
						"0.84": {
							"post": [0, 0, 0],
							"lerp_mode": "catmullrom"
						},
						"1.4": {
							"post": [-30, 0, 0],
							"lerp_mode": "catmullrom"
						},
						"2.04": {
							"post": [-52.5, 0, 0],
							"lerp_mode": "catmullrom"
						},
						"2.44": {
							"post": [-40, 0, 0],
							"lerp_mode": "catmullrom"
						}
					},
					"position": {
						"0.0": {
							"post": [0, 0, 0],
							"lerp_mode": "catmullrom"
						}
					}
				},
				"foreleg_right": {
					"rotation": {
						"0.84": {
							"pre": [0, 0, 0],
							"post": [0, 0, 0],
							"lerp_mode": "catmullrom"
						},
						"1.4": {
							"post": [-5, 0, 0],
							"lerp_mode": "catmullrom"
						},
						"2.04": {
							"post": [87.5, 0, 0],
							"lerp_mode": "catmullrom"
						},
						"2.44": {
							"post": [97.5, 0, 0],
							"lerp_mode": "catmullrom"
						}
					}
				},
				"all": {
					"rotation": {
						"0.0": {
							"post": [0, 0, 0],
							"lerp_mode": "catmullrom"
						},
						"0.84": {
							"post": [-2.5, 0, 0],
							"lerp_mode": "catmullrom"
						},
						"1.2": {
							"post": [-17.5, 0, 0],
							"lerp_mode": "catmullrom"
						},
						"1.6": {
							"post": [-50, 0, 0],
							"lerp_mode": "catmullrom"
						},
						"1.88": {
							"post": [-67.5, 0, 0],
							"lerp_mode": "catmullrom"
						},
						"2.24": {
							"post": [-82.5, 0, 0],
							"lerp_mode": "catmullrom"
						},
						"2.52": {
							"post": [-85, 0, 0],
							"lerp_mode": "catmullrom"
						}
					}
				},
				"eye_left": {
					"position": {
						"0.84": [0, 0, 0],
						"0.88": [1, 0, -1]
					}
				},
				"eye_right": {
					"position": {
						"0.84": [0, 0, 0],
						"0.88": [-1, 0, -1]
					}
				}
			}
		},
		"animation.gardevoir.ground_idle": {
			"loop": true,
			"animation_length": 2.12,
			"bones": {
				"head": {
					"rotation": {
						"0.0": {
							"post": [0, 0, 0],
							"lerp_mode": "catmullrom"
						},
						"1.04": {
							"post": [-2, 0, 0],
							"lerp_mode": "catmullrom"
						},
						"2.12": {
							"post": [0, 0, 0],
							"lerp_mode": "catmullrom"
						}
					}
				},
				"arm_left": {
					"rotation": {
						"0.0": {
							"post": [-90, -22.5, 60],
							"lerp_mode": "catmullrom"
						},
						"1.04": {
							"post": [-92.06754, -22.40972, 65.40961],
							"lerp_mode": "catmullrom"
						},
						"2.12": {
							"post": [-90, -22.5, 60],
							"lerp_mode": "catmullrom"
						}
					}
				},
				"forearm_left": {
					"rotation": {
						"0.0": {
							"post": [0, 22.5, 0],
							"lerp_mode": "catmullrom"
						},
						"1.04": {
							"post": [0, 17.5, 0],
							"lerp_mode": "catmullrom"
						},
						"2.12": {
							"post": [0, 22.5, 0],
							"lerp_mode": "catmullrom"
						}
					}
				},
				"arm_right": {
					"rotation": {
						"0.0": {
							"post": [-90, 22.5, -60],
							"lerp_mode": "catmullrom"
						},
						"1.04": {
							"post": [-92.06754, 22.40972, -65.40961],
							"lerp_mode": "catmullrom"
						},
						"2.12": {
							"post": [-90, 22.5, -60],
							"lerp_mode": "catmullrom"
						}
					}
				},
				"forearm_right": {
					"rotation": {
						"0.0": {
							"post": [0, -20, 0],
							"lerp_mode": "catmullrom"
						},
						"1.04": {
							"post": [0, -15, 0],
							"lerp_mode": "catmullrom"
						},
						"2.12": {
							"post": [0, -20, 0],
							"lerp_mode": "catmullrom"
						}
					}
				},
				"lower_body": {
					"rotation": {
						"0.0": {
							"post": [5, 0, 0],
							"lerp_mode": "catmullrom"
						},
						"2.12": {
							"post": [5, 0, 0],
							"lerp_mode": "catmullrom"
						}
					}
				},
				"dress_top": {
					"rotation": {
						"0.0": {
							"post": [2.5, 0, 0],
							"lerp_mode": "catmullrom"
						},
						"1.04": {
							"post": [7.5, 0, 0],
							"lerp_mode": "catmullrom"
						},
						"2.12": {
							"post": [2.5, 0, 0],
							"lerp_mode": "catmullrom"
						}
					}
				},
				"dress_middle": {
					"rotation": {
						"0.0": {
							"post": [2.5, 0, 0],
							"lerp_mode": "catmullrom"
						},
						"1.04": {
							"post": [5, 0, 0],
							"lerp_mode": "catmullrom"
						},
						"2.12": {
							"post": [2.5, 0, 0],
							"lerp_mode": "catmullrom"
						}
					},
					"position": {
						"0.0": {
							"post": [0, 0.1, 0],
							"lerp_mode": "catmullrom"
						},
						"1.04": {
							"post": [0, 0.2, 0],
							"lerp_mode": "catmullrom"
						},
						"2.12": {
							"post": [0, 0.1, 0],
							"lerp_mode": "catmullrom"
						}
					}
				},
				"dress_bottom": {
					"rotation": {
						"0.0": {
							"post": [2.5, 0, 0],
							"lerp_mode": "catmullrom"
						},
						"1.04": {
							"post": [5, 0, 0],
							"lerp_mode": "catmullrom"
						},
						"2.12": {
							"post": [2.5, 0, 0],
							"lerp_mode": "catmullrom"
						}
					},
					"position": {
						"0.0": {
							"post": [0, 0.2, 0],
							"lerp_mode": "catmullrom"
						},
						"1.04": {
							"post": [0, 0.4, -0.1],
							"lerp_mode": "catmullrom"
						},
						"2.12": {
							"post": [0, 0.2, 0],
							"lerp_mode": "catmullrom"
						}
					}
				},
				"leg_right": {
					"rotation": {
						"0.0": {
							"post": [-7.5, 0, 0],
							"lerp_mode": "catmullrom"
						},
						"2.12": {
							"post": [-7.5, 0, 0],
							"lerp_mode": "catmullrom"
						}
					}
				},
				"all": {
					"rotation": {
						"0.0": {
							"post": [0, 0, 0],
							"lerp_mode": "catmullrom"
						},
						"1.04": {
							"post": [1.5, 0, 0],
							"lerp_mode": "catmullrom"
						},
						"2.12": {
							"post": [0, 0, 0],
							"lerp_mode": "catmullrom"
						}
					}
				}
			}
		},
		"animation.gardevoir.ground_walk": {
			"loop": true,
			"animation_length": 1.28,
			"bones": {
				"upper_body": {
					"rotation": {
						"0.0": {
							"post": [0, 0, 0],
							"lerp_mode": "catmullrom"
						},
						"0.64": {
							"post": [2.5, 0, 0],
							"lerp_mode": "catmullrom"
						},
						"1.28": {
							"post": [0, 0, 0],
							"lerp_mode": "catmullrom"
						}
					},
					"position": {
						"0.0": {
							"post": [0, 0, 0],
							"lerp_mode": "catmullrom"
						}
					}
				},
				"head": {
					"rotation": {
						"0.0": {
							"post": [0, 0, 0],
							"lerp_mode": "catmullrom"
						},
						"0.64": {
							"post": [-2, 0, 0],
							"lerp_mode": "catmullrom"
						},
						"1.28": {
							"post": [0, 0, 0],
							"lerp_mode": "catmullrom"
						}
					}
				},
				"arm_left": {
					"rotation": {
						"0.0": {
							"post": [-90, -30, 70],
							"lerp_mode": "catmullrom"
						},
						"0.64": {
							"post": [-90, -35, 70],
							"lerp_mode": "catmullrom"
						},
						"1.28": {
							"post": [-90, -30, 70],
							"lerp_mode": "catmullrom"
						}
					}
				},
				"forearm_left": {
					"rotation": [0, 20, 0]
				},
				"arm_right": {
					"rotation": {
						"0.0": {
							"post": [-90, 30, -70],
							"lerp_mode": "catmullrom"
						},
						"0.64": {
							"post": [-90, 35, -70],
							"lerp_mode": "catmullrom"
						},
						"1.28": {
							"post": [-90, 30, -70],
							"lerp_mode": "catmullrom"
						}
					}
				},
				"forearm_right": {
					"rotation": [0, -20, 0]
				},
				"lower_body": {
					"rotation": [5, 0, 0]
				},
				"dress_top": {
					"rotation": {
						"0.0": {
							"post": [10, 0, 0],
							"lerp_mode": "catmullrom"
						},
						"0.64": {
							"post": [12.5, 0, 0],
							"lerp_mode": "catmullrom"
						},
						"1.28": {
							"post": [10, 0, 0],
							"lerp_mode": "catmullrom"
						}
					}
				},
				"dress_middle": {
					"rotation": {
						"0.0": {
							"post": [12.5, 0, 0],
							"lerp_mode": "catmullrom"
						},
						"0.64": {
							"post": [15, 0, 0],
							"lerp_mode": "catmullrom"
						},
						"1.28": {
							"post": [12.5, 0, 0],
							"lerp_mode": "catmullrom"
						}
					},
					"position": {
						"0.0": {
							"post": [0, 0.5, 0],
							"lerp_mode": "catmullrom"
						},
						"0.64": {
							"post": [0, 0.6, 0],
							"lerp_mode": "catmullrom"
						},
						"1.28": {
							"post": [0, 0.5, 0],
							"lerp_mode": "catmullrom"
						}
					}
				},
				"dress_bottom": {
					"rotation": {
						"0.0": {
							"post": [15, 0, 0],
							"lerp_mode": "catmullrom"
						},
						"0.64": {
							"post": [17.5, 0, 0],
							"lerp_mode": "catmullrom"
						},
						"1.28": {
							"post": [15, 0, 0],
							"lerp_mode": "catmullrom"
						}
					},
					"position": {
						"0.0": {
							"post": [0, 1.1, -0.2],
							"lerp_mode": "catmullrom"
						},
						"0.64": {
							"post": [0, 1.2, -0.2],
							"lerp_mode": "catmullrom"
						},
						"1.28": {
							"post": [0, 1.1, -0.2],
							"lerp_mode": "catmullrom"
						}
					}
				},
				"leg_right": {
					"rotation": {
						"0.0": {
							"post": [7.5, 0, 0],
							"lerp_mode": "catmullrom"
						},
						"0.64": {
							"post": [12.5, 0, 0],
							"lerp_mode": "catmullrom"
						},
						"1.28": {
							"post": [7.5, 0, 0],
							"lerp_mode": "catmullrom"
						}
					}
				},
				"foreleg_right": {
					"rotation": {
						"0.0": {
							"post": [52.5, 0, 0],
							"lerp_mode": "catmullrom"
						},
						"0.64": {
							"post": [67.5, 0, 0],
							"lerp_mode": "catmullrom"
						},
						"1.28": {
							"post": [52.5, 0, 0],
							"lerp_mode": "catmullrom"
						}
					}
				},
				"leg_left": {
					"rotation": {
						"0.0": {
							"post": [12.5, 0, 0],
							"lerp_mode": "catmullrom"
						},
						"0.64": {
							"post": [17.5, 0, 0],
							"lerp_mode": "catmullrom"
						},
						"1.28": {
							"post": [12.5, 0, 0],
							"lerp_mode": "catmullrom"
						}
					}
				},
				"foreleg_left": {
					"rotation": {
						"0.0": {
							"post": [22.5, 0, 0],
							"lerp_mode": "catmullrom"
						},
						"0.64": {
							"post": [32.5, 0, 0],
							"lerp_mode": "catmullrom"
						},
						"1.28": {
							"post": [22.5, 0, 0],
							"lerp_mode": "catmullrom"
						}
					}
				},
				"all": {
					"rotation": {
						"0.0": {
							"post": [0, 0, 0],
							"lerp_mode": "catmullrom"
						},
						"0.64": {
							"post": [0.5, 0, 0],
							"lerp_mode": "catmullrom"
						},
						"1.28": {
							"post": [0, 0, 0],
							"lerp_mode": "catmullrom"
						}
					},
					"position": {
						"0.0": {
							"post": [0, 0, 0],
							"lerp_mode": "catmullrom"
						},
						"0.64": {
							"post": [0, -1, 0],
							"lerp_mode": "catmullrom"
						},
						"1.28": {
							"post": [0, 0, 0],
							"lerp_mode": "catmullrom"
						}
					}
				}
			}
		},
		"animation.gardevoir.sleep": {
			"loop": true,
			"animation_length": 1.24,
			"bones": {
				"upper_body": {
					"rotation": {
						"0.0": {
							"post": [-5, 0, -3],
							"lerp_mode": "catmullrom"
						},
						"0.6": {
							"post": [-4.99527, 0.21782, -0.5095],
							"lerp_mode": "catmullrom"
						},
						"1.24": {
							"post": [-5, 0, -3],
							"lerp_mode": "catmullrom"
						}
					}
				},
				"head": {
					"rotation": {
						"0.0": {
							"post": [0, 0, 10.5],
							"lerp_mode": "catmullrom"
						},
						"0.52": {
							"post": [0, 0, 8],
							"lerp_mode": "catmullrom"
						},
						"1.24": {
							"post": [0, 0, 10.5],
							"lerp_mode": "catmullrom"
						}
					},
					"position": {
						"0.0": {
							"post": [1, -0.25, 0],
							"lerp_mode": "catmullrom"
						},
						"0.52": {
							"post": [0.8, -0.25, 0],
							"lerp_mode": "catmullrom"
						},
						"1.24": {
							"post": [1, -0.25, 0],
							"lerp_mode": "catmullrom"
						}
					}
				},
				"arm_left": {
					"rotation": {
						"0.0": {
							"post": [-94.77897, 37.09553, 77.86084],
							"lerp_mode": "catmullrom"
						}
					}
				},
				"forearm_left": {
					"rotation": {
						"0.0": {
							"post": [-31.65683, -51.52916, 98.0595],
							"lerp_mode": "catmullrom"
						}
					}
				},
				"arm_right": {
					"rotation": {
						"0.0": {
							"post": [-93.88581, -49.93505, -87.02424],
							"lerp_mode": "catmullrom"
						}
					}
				},
				"forearm_right": {
					"rotation": {
						"0.0": {
							"post": [0, 2.5, -135],
							"lerp_mode": "catmullrom"
						},
						"0.6": {
							"post": [0, 0, -135],
							"lerp_mode": "catmullrom"
						},
						"1.24": {
							"post": [0, 2.5, -135],
							"lerp_mode": "catmullrom"
						}
					}
				},
				"lower_body": {
					"rotation": {
						"0.0": {
							"post": [7.38733, -1.29876, 9.91615],
							"lerp_mode": "catmullrom"
						}
					}
				},
				"dress_top": {
					"rotation": {
						"0.0": {
							"post": [-28.92944, -73.45342, 21.78846],
							"lerp_mode": "catmullrom"
						}
					}
				},
				"dress_middle": {
					"rotation": {
						"0.0": {
							"post": [2.5, 0, 0],
							"lerp_mode": "catmullrom"
						}
					},
					"position": {
						"0.0": {
							"post": [0, 0.5, 0],
							"lerp_mode": "catmullrom"
						}
					}
				},
				"dress_bottom": {
					"rotation": {
						"0.0": {
							"post": [-2.5, 0, 0],
							"lerp_mode": "catmullrom"
						}
					},
					"position": {
						"0.0": {
							"post": [0, 0.25, -0.25],
							"lerp_mode": "catmullrom"
						}
					}
				},
				"leg_right": {
					"rotation": {
						"0.0": {
							"post": [0, 0, -7],
							"lerp_mode": "catmullrom"
						}
					}
				},
				"leg_left": {
					"rotation": {
						"0.0": {
							"post": [-9.99963, 0.08682, 0.4924],
							"lerp_mode": "catmullrom"
						}
					}
				},
				"foreleg_left": {
					"rotation": {
						"0.0": {
							"post": [9.99851, 0.17364, -0.98481],
							"lerp_mode": "catmullrom"
						}
					}
				},
				"all": {
					"rotation": {
						"0.0": {
							"post": [-87.5, 0, -90],
							"lerp_mode": "catmullrom"
						}
					},
					"position": {
						"0.0": {
							"post": [0, 3.3, -20],
							"lerp_mode": "catmullrom"
						}
					}
				},
				"eye_left": {
					"position": [1, 0, -1]
				},
				"eye_right": {
					"position": [-1, 0, -1]
				}
			}
		}
	},
	"geckolib_format_version": 2
}