{
	"format_version": "1.12.0",
	"minecraft:geometry": [
		{
			"description": {
				"identifier": "geometry.metagross",
				"texture_width": 256,
				"texture_height": 256,
				"visible_bounds_width": 5,
				"visible_bounds_height": 3.5,
				"visible_bounds_offset": [0, 1.25, 0]
			},
			"bones": [
				{
					"name": "all",
					"pivot": [0, 0, 0]
				},
				{
					"name": "body",
					"parent": "all",
					"pivot": [0, 20.6065, -2.8548],
					"cubes": [
						{"origin": [-11.5, 17, -11.5], "size": [23, 4, 23], "uv": [0, 0]},
						{"origin": [-9.5, 21, -9.5], "size": [19, 4, 19], "uv": [0, 27]},
						{"origin": [-8.5, 13.90979, -11.72455], "size": [17, 16, 0], "pivot": [0, 21, -11.51922], "rotation": [-17.5, 0, 0], "uv": [93, 15]},
						{"origin": [-8.5, 25, -9.5], "size": [17, 3, 19], "uv": [0, 50]}
					]
				},
				{
					"name": "jaw",
					"parent": "body",
					"pivot": [0, 17, 0],
					"cubes": [
						{"origin": [-8.5, 14, -8.5], "size": [17, 5, 17], "uv": [55, 55]}
					]
				},
				{
					"name": "eye_right",
					"parent": "body",
					"pivot": [0, 0, 0],
					"cubes": [
						{"origin": [-6, 22.5, -9.51], "size": [2, 2, 0], "uv": [123, 141]},
						{"origin": [-5.5, 23, -9.52], "size": [1, 1, 0], "uv": [127, 141]}
					]
				},
				{
					"name": "eye_left",
					"parent": "body",
					"pivot": [5, 23.5, -9.515],
					"cubes": [
						{"origin": [4.5, 23, -9.52], "size": [1, 1, 0], "uv": [127, 141]},
						{"origin": [4, 22.5, -9.51], "size": [2, 2, 0], "uv": [123, 141]}
					]
				},
				{
					"name": "head",
					"parent": "body",
					"pivot": [0, 20.6065, -2.8548],
					"cubes": [
						{"origin": [-1, 19.6065, -3.8548], "size": [2, 2, 2], "uv": [40, 85]}
					]
				},
				{
					"name": "leg_front_left",
					"parent": "all",
					"pivot": [9.5, 24, -6.5],
					"cubes": [
						{"origin": [7.5, 22, -8.5], "size": [4, 4, 4], "uv": [48, 125]},
						{"origin": [11.5, 23, -7.5], "size": [5, 2, 2], "uv": [0, 19]}
					]
				},
				{
					"name": "foot_front_left",
					"parent": "leg_front_left",
					"pivot": [16.5, 24, -6.5],
					"cubes": [
						{"origin": [16.5, 23, -10.5], "size": [6, 2, 8], "uv": [124, 23]},
						{"origin": [15.5, 6, -10.5], "size": [7, 17, 8], "uv": [76, 84]},
						{"origin": [20.5, 29, -10.5], "size": [2, 2, 8], "uv": [12, 132]},
						{"origin": [15.5, 25, -10.5], "size": [7, 4, 8], "uv": [68, 42]},
						{"origin": [14.5, 6, -12.5], "size": [7, 15, 5], "uv": [105, 31]},
						{"origin": [22.5, 6, -9.5], "size": [2, 13, 6], "uv": [0, 0]},
						{"origin": [13.5, 3, -12.5], "size": [12, 3, 12], "uv": [57, 27]},
						{"origin": [14.5, 6, -5.5], "size": [7, 15, 5], "uv": [106, 51]}
					]
				},
				{
					"name": "claws_front_left",
					"parent": "foot_front_left",
					"pivot": [22.71716, 1.5, -3.21716],
					"cubes": [
						{"origin": [16.4, 0, -5], "size": [0, 3, 3], "pivot": [16, 1.5, -3.5], "rotation": [0, -45, 0], "uv": [0, 129]},
						{"origin": [19.5, 0, -11], "size": [0, 3, 3], "pivot": [19.5, 1.5, -9.5], "rotation": [0, 180, 0], "uv": [0, 129]},
						{"origin": [22.71716, 0, -4.71716], "size": [0, 3, 3], "pivot": [22.71716, 1.5, -3.21716], "rotation": [0, 45, 0], "uv": [0, 129]}
					]
				},
				{
					"name": "leg_back_left",
					"parent": "all",
					"pivot": [9.5, 24, 6.5],
					"cubes": [
						{"origin": [11.5, 23, 5.5], "size": [5, 2, 2], "uv": [0, 19]},
						{"origin": [7.5, 22, 4.5], "size": [4, 4, 4], "uv": [48, 125]}
					]
				},
				{
					"name": "foot_back_left",
					"parent": "leg_back_left",
					"pivot": [16.5, 24, 6.5],
					"cubes": [
						{"origin": [22.5, 6, 3.5], "size": [2, 13, 6], "uv": [0, 0]},
						{"origin": [15.5, 6, 2.5], "size": [7, 17, 8], "uv": [76, 84]},
						{"origin": [15.5, 25, 2.5], "size": [7, 4, 8], "uv": [68, 42]},
						{"origin": [16.5, 23, 2.5], "size": [6, 2, 8], "uv": [124, 23]},
						{"origin": [20.5, 29, 2.5], "size": [2, 2, 8], "uv": [12, 132]},
						{"origin": [14.5, 6, 7.5], "size": [7, 15, 5], "uv": [106, 51]},
						{"origin": [14.5, 6, 0.5], "size": [7, 15, 5], "uv": [105, 31]},
						{"origin": [13.5, 3, 0.5], "size": [12, 3, 12], "uv": [57, 27]}
					]
				},
				{
					"name": "claws_back_left",
					"parent": "foot_back_left",
					"pivot": [19.5, 3, 5.43856],
					"rotation": [0, 180, 0],
					"cubes": [
						{"origin": [22.71716, 0, 6.03284], "size": [0, 3, 3], "pivot": [22.71716, 1.5, 7.53284], "rotation": [0, 45, 0], "uv": [0, 129]},
						{"origin": [19.5, 0, -0.25], "size": [0, 3, 3], "pivot": [19.5, 1.5, 1.25], "rotation": [0, 180, 0], "uv": [0, 129]},
						{"origin": [16.4, 0, 5.75], "size": [0, 3, 3], "pivot": [16, 1.5, 7.25], "rotation": [0, -45, 0], "uv": [0, 129]}
					]
				},
				{
					"name": "leg_back_right",
					"parent": "all",
					"pivot": [-9.5, 24, 6.5],
					"cubes": [
						{"origin": [-11.5, 22, 4.5], "size": [4, 4, 4], "uv": [69, 15]},
						{"origin": [-16.5, 23, 5.5], "size": [5, 2, 2], "uv": [36, 72]}
					]
				},
				{
					"name": "foot_back_right",
					"parent": "leg_back_right",
					"pivot": [-16.5, 24, 6.5],
					"cubes": [
						{"origin": [-21.5, 6, 7.5], "size": [7, 15, 5], "uv": [123, 121]},
						{"origin": [-22.5, 25, 2.5], "size": [7, 4, 8], "uv": [120, 97]},
						{"origin": [-22.5, 29, 2.5], "size": [2, 2, 8], "uv": [40, 133]},
						{"origin": [-24.5, 6, 3.5], "size": [2, 13, 6], "uv": [53, 50]},
						{"origin": [-25.5, 3, 0.5], "size": [12, 3, 12], "uv": [36, 77]},
						{"origin": [-21.5, 6, 0.5], "size": [7, 15, 5], "uv": [79, 124]},
						{"origin": [-22.5, 23, 2.5], "size": [6, 2, 8], "uv": [128, 109]},
						{"origin": [-22.5, 6, 2.5], "size": [7, 17, 8], "uv": [30, 92]}
					]
				},
				{
					"name": "claws_back_right",
					"parent": "foot_back_right",
					"pivot": [-19.5, 3, 5.43856],
					"rotation": [0, 180, 0],
					"cubes": [
						{"origin": [-16.28284, 0, 6.03284], "size": [0, 3, 3], "pivot": [-16.28284, 1.5, 7.53284], "rotation": [0, 45, 0], "uv": [0, 129]},
						{"origin": [-22.6, 0, 5.75], "size": [0, 3, 3], "pivot": [-23, 1.5, 7.25], "rotation": [0, -45, 0], "uv": [0, 129]},
						{"origin": [-19.5, 0, -0.25], "size": [0, 3, 3], "pivot": [-19.5, 1.5, 1.25], "rotation": [0, 180, 0], "uv": [0, 129]}
					]
				},
				{
					"name": "leg_front_right",
					"parent": "all",
					"pivot": [-9.5, 24, -6.5],
					"cubes": [
						{"origin": [-16.5, 23, -7.5], "size": [5, 2, 2], "uv": [36, 72]},
						{"origin": [-11.5, 22, -8.5], "size": [4, 4, 4], "uv": [69, 15]}
					]
				},
				{
					"name": "foot_front_right",
					"parent": "leg_front_right",
					"pivot": [-16.5, 24, -6.5],
					"cubes": [
						{"origin": [-22.5, 25, -10.5], "size": [7, 4, 8], "uv": [120, 97]},
						{"origin": [-22.5, 29, -10.5], "size": [2, 2, 8], "uv": [40, 133]},
						{"origin": [-22.5, 23, -10.5], "size": [6, 2, 8], "uv": [128, 109]},
						{"origin": [-22.5, 6, -10.5], "size": [7, 17, 8], "uv": [30, 92]},
						{"origin": [-21.5, 6, -12.5], "size": [7, 15, 5], "uv": [79, 124]},
						{"origin": [-24.5, 6, -9.5], "size": [2, 13, 6], "uv": [53, 50]},
						{"origin": [-21.5, 6, -5.5], "size": [7, 15, 5], "uv": [123, 121]},
						{"origin": [-25.5, 3, -12.5], "size": [12, 3, 12], "uv": [36, 77]}
					]
				},
				{
					"name": "claws_front_right",
					"parent": "foot_front_right",
					"pivot": [-16.28284, 1.5, -3.21716],
					"cubes": [
						{"origin": [-19.5, 0, -11], "size": [0, 3, 3], "pivot": [-19.5, 1.5, -9.5], "rotation": [0, 180, 0], "uv": [0, 129]},
						{"origin": [-22.6, 0, -5], "size": [0, 3, 3], "pivot": [-23, 1.5, -3.5], "rotation": [0, -45, 0], "uv": [0, 129]},
						{"origin": [-16.28284, 0, -4.71716], "size": [0, 3, 3], "pivot": [-16.28284, 1.5, -3.21716], "rotation": [0, 45, 0], "uv": [0, 129]}
					]
				}
			]
		}
	]
}