{
	"format_version": "1.8.0",
	"animations": {
		"animation.beldum.ground_idle": {
			"loop": true,
			"animation_length": 1.28,
			"bones": {
				"head": {
					"rotation": {
						"0.0": {
							"post": [10, 0, 0],
							"lerp_mode": "catmullrom"
						},
						"0.64": {
							"post": [12.5, 0, 0],
							"lerp_mode": "catmullrom"
						},
						"1.28": {
							"post": [10, 0, 0],
							"lerp_mode": "catmullrom"
						}
					}
				},
				"body": {
					"rotation": {
						"0.0": {
							"post": [-7.5, 0, 0],
							"lerp_mode": "catmullrom"
						},
						"0.64": {
							"post": [-10, 0, 0],
							"lerp_mode": "catmullrom"
						},
						"1.28": {
							"post": [-7.5, 0, 0],
							"lerp_mode": "catmullrom"
						}
					}
				},
				"all": {
					"position": {
						"0.0": {
							"post": [0, 1, 0],
							"lerp_mode": "catmullrom"
						},
						"0.64": {
							"post": [0, 0.5, 0],
							"lerp_mode": "catmullrom"
						},
						"1.28": {
							"post": [0, 1, 0],
							"lerp_mode": "catmullrom"
						}
					}
				}
			}
		},
		"animation.beldum.air_idle": {
			"loop": true,
			"animation_length": 1.28,
			"bones": {
				"head": {
					"rotation": {
						"0.0": {
							"post": [10, 0, 0],
							"lerp_mode": "catmullrom"
						},
						"0.64": {
							"post": [12.5, 0, 0],
							"lerp_mode": "catmullrom"
						},
						"1.28": {
							"post": [10, 0, 0],
							"lerp_mode": "catmullrom"
						}
					}
				},
				"body": {
					"rotation": {
						"0.0": {
							"post": [-7.5, 0, 0],
							"lerp_mode": "catmullrom"
						},
						"0.64": {
							"post": [-10, 0, 0],
							"lerp_mode": "catmullrom"
						},
						"1.28": {
							"post": [-7.5, 0, 0],
							"lerp_mode": "catmullrom"
						}
					}
				},
				"all": {
					"position": {
						"0.0": {
							"post": [0, 1, 0],
							"lerp_mode": "catmullrom"
						},
						"0.64": {
							"post": [0, 0.5, 0],
							"lerp_mode": "catmullrom"
						},
						"1.28": {
							"post": [0, 1, 0],
							"lerp_mode": "catmullrom"
						}
					}
				}
			}
		},
		"animation.beldum.ground_walk": {
			"loop": true,
			"animation_length": 0.76,
			"bones": {
				"head": {
					"rotation": {
						"0.0": {
							"post": [2.5, 0, 0],
							"lerp_mode": "catmullrom"
						}
					}
				},
				"body": {
					"rotation": {
						"0.0": {
							"post": [-2.5, 0, 0],
							"lerp_mode": "catmullrom"
						},
						"0.36": {
							"post": [-5, 0, 0],
							"lerp_mode": "catmullrom"
						},
						"0.76": {
							"post": [-2.5, 0, 0],
							"lerp_mode": "catmullrom"
						}
					}
				},
				"claws": {
					"rotation": {
						"0.0": [0, 0, 0],
						"0.36": [0, 0, -180],
						"0.76": [-2.5, 0, -360]
					}
				},
				"all": {
					"position": {
						"0.0": {
							"post": [0, 1, 0],
							"lerp_mode": "catmullrom"
						},
						"0.36": {
							"post": [0, 0.5, 0],
							"lerp_mode": "catmullrom"
						},
						"0.76": {
							"post": [0, 1, 0],
							"lerp_mode": "catmullrom"
						}
					}
				}
			}
		},
		"animation.beldum.air_fly": {
			"loop": true,
			"animation_length": 0.76,
			"bones": {
				"head": {
					"rotation": {
						"0.0": {
							"post": [2.5, 0, 0],
							"lerp_mode": "catmullrom"
						}
					}
				},
				"body": {
					"rotation": {
						"0.0": {
							"post": [-2.5, 0, 0],
							"lerp_mode": "catmullrom"
						},
						"0.36": {
							"post": [-5, 0, 0],
							"lerp_mode": "catmullrom"
						},
						"0.76": {
							"post": [-2.5, 0, 0],
							"lerp_mode": "catmullrom"
						}
					}
				},
				"claws": {
					"rotation": {
						"0.0": [0, 0, 0],
						"0.36": [0, 0, -180],
						"0.76": [-2.5, 0, -360]
					}
				},
				"all": {
					"position": {
						"0.0": {
							"post": [0, 1, 0],
							"lerp_mode": "catmullrom"
						},
						"0.36": {
							"post": [0, 0.5, 0],
							"lerp_mode": "catmullrom"
						},
						"0.76": {
							"post": [0, 1, 0],
							"lerp_mode": "catmullrom"
						}
					}
				}
			}
		},
		"animation.beldum.faint": {
			"animation_length": 2.885,
			"bones": {
				"head": {
					"rotation": {
						"0.0": {
							"post": [10, 0, 0],
							"lerp_mode": "catmullrom"
						},
						"0.12": {
							"post": [25, 0, 0],
							"lerp_mode": "catmullrom"
						},
						"0.24": [45, 0, 0],
						"0.36": [172.5, 0, 0],
						"0.48": [287.5, 0, 0],
						"0.6": [417.5, 0, 0],
						"0.72": [450, 0, 0],
						"0.8": [445, 0, 0],
						"0.88": [450, 0, 0],
						"2.88": [450, 0, 0]
					},
					"position": {
						"0.0": {
							"post": [0, 0, 0],
							"lerp_mode": "catmullrom"
						},
						"0.12": {
							"post": [0, 1, 0],
							"lerp_mode": "catmullrom"
						},
						"0.24": {
							"post": [0, 2, -2],
							"lerp_mode": "catmullrom"
						},
						"0.36": [0, -2.5, -4],
						"0.48": [0, -0.5, -4],
						"0.6": [0, 1.5, -4],
						"0.72": {
							"pre": [0, -3, -4],
							"post": [0, -3, -4],
							"lerp_mode": "catmullrom"
						}
					}
				},
				"body": {
					"rotation": {
						"0.0": {
							"post": [-7.5, 0, 0],
							"lerp_mode": "catmullrom"
						},
						"0.28": {
							"post": [-22.5, 0, 0],
							"lerp_mode": "catmullrom"
						},
						"0.52": [-30, 0, 0],
						"0.84": [30, 0, 0],
						"0.92": {
							"pre": [22.5, 0, 0],
							"post": [22.5, 0, 0],
							"lerp_mode": "catmullrom"
						},
						"0.96": {
							"post": [30, 0, 0],
							"lerp_mode": "catmullrom"
						}
					},
					"position": {
						"0.0": {
							"post": [0, 0, 0],
							"lerp_mode": "catmullrom"
						},
						"0.28": {
							"post": [0, 0.5, 0.75],
							"lerp_mode": "catmullrom"
						},
						"0.52": [0, 0.17, 0.79],
						"0.6": [0, -0.5, 0.78],
						"0.68": [0, -1.75, 0.77],
						"0.84": [0, -3.5, 0.75],
						"0.92": [0, -3, 0.75],
						"0.96": [0, -3.5, 0.75]
					}
				},
				"claws": {
					"rotation": [0, 0, 0]
				},
				"eye": {
					"position": {
						"0.16": [0, 0, 0],
						"0.2": [0, 0, 1]
					}
				},
				"all": {
					"position": {
						"0.0": {
							"post": [0, 1, 0],
							"lerp_mode": "catmullrom"
						}
					}
				}
			}
		},
		"animation.beldum.sleep": {
			"loop": true,
			"animation_length": 1.48,
			"bones": {
				"head": {
					"rotation": {
						"0.0": {
							"post": [30, -25, 0],
							"lerp_mode": "catmullrom"
						},
						"0.24": {
							"post": [30, -25, 0],
							"lerp_mode": "catmullrom"
						},
						"0.96": {
							"post": [35, -25, 0],
							"lerp_mode": "catmullrom"
						},
						"1.48": {
							"post": [30, -25, 0],
							"lerp_mode": "catmullrom"
						}
					},
					"position": {
						"0.0": {
							"post": [0.5, -0.5, 0],
							"lerp_mode": "catmullrom"
						},
						"1.48": {
							"post": [0.5, -0.5, 0],
							"lerp_mode": "catmullrom"
						}
					}
				},
				"body": {
					"rotation": {
						"0.0": {
							"post": [-5, 40, 0],
							"lerp_mode": "catmullrom"
						},
						"0.24": {
							"post": [-5, 40, 0],
							"lerp_mode": "catmullrom"
						},
						"0.96": {
							"post": [-7.5, 40, 0],
							"lerp_mode": "catmullrom"
						},
						"1.48": {
							"post": [-5, 40, 0],
							"lerp_mode": "catmullrom"
						}
					},
					"position": {
						"0.0": {
							"post": [0.5, 0, 0],
							"lerp_mode": "catmullrom"
						},
						"1.48": {
							"post": [0.5, 0, 0],
							"lerp_mode": "catmullrom"
						}
					}
				},
				"claws": {
					"rotation": {
						"0.0": [0, 0, 0],
						"0.72": [0, 0, -180],
						"1.48": [0, 0, -360]
					}
				},
				"eye": {
					"position": [0, 0, 1]
				},
				"all": {
					"position": {
						"0.0": {
							"post": [0, 0.5, 0],
							"lerp_mode": "catmullrom"
						},
						"0.72": {
							"post": [0, 1, 0],
							"lerp_mode": "catmullrom"
						},
						"1.48": {
							"post": [0, 0.5, 0],
							"lerp_mode": "catmullrom"
						}
					}
				}
			}
		},
		"animation.beldum.physical_attack": {
			"animation_length": 0.68,
			"bones": {
				"head": {
					"rotation": {
						"0.0": {
							"post": [10, 0, 0],
							"lerp_mode": "catmullrom"
						},
						"0.28": {
							"post": [15, 0, 0],
							"lerp_mode": "catmullrom"
						},
						"0.48": {
							"post": [15, 0, 0],
							"lerp_mode": "catmullrom"
						},
						"0.56": {
							"post": [5, 0, 0],
							"lerp_mode": "catmullrom"
						},
						"0.68": {
							"post": [10, 0, 0],
							"lerp_mode": "catmullrom"
						}
					},
					"position": {
						"0.0": {
							"post": [0, 0, 0],
							"lerp_mode": "catmullrom"
						},
						"0.28": {
							"post": [0, 0, 1.5],
							"lerp_mode": "catmullrom"
						},
						"0.4": {
							"post": [0, 0, 2],
							"lerp_mode": "catmullrom"
						},
						"0.48": {
							"post": [0, 0, 1],
							"lerp_mode": "catmullrom"
						},
						"0.56": {
							"post": [0, 0, -3],
							"lerp_mode": "catmullrom"
						},
						"0.68": {
							"post": [0, 0, 0],
							"lerp_mode": "catmullrom"
						}
					}
				},
				"body": {
					"rotation": {
						"0.0": {
							"post": [-7.5, 0, 0],
							"lerp_mode": "catmullrom"
						},
						"0.48": {
							"post": [-7.5, 0, 0],
							"lerp_mode": "catmullrom"
						},
						"0.56": {
							"post": [-5, 0, 0],
							"lerp_mode": "catmullrom"
						},
						"0.68": {
							"post": [-7.5, 0, 0],
							"lerp_mode": "catmullrom"
						}
					},
					"position": {
						"0.0": {
							"post": [0, 0, 0],
							"lerp_mode": "catmullrom"
						},
						"0.28": {
							"post": [0, 0, 1],
							"lerp_mode": "catmullrom"
						},
						"0.36": {
							"post": [0, 0, 1.5],
							"lerp_mode": "catmullrom"
						},
						"0.48": {
							"post": [0, 0, 1.5],
							"lerp_mode": "catmullrom"
						},
						"0.56": {
							"post": [0, 0, -0.5],
							"lerp_mode": "catmullrom"
						},
						"0.68": {
							"post": [0, 0, 0],
							"lerp_mode": "catmullrom"
						}
					}
				},
				"all": {
					"position": {
						"0.0": {
							"post": [0, 1, 0],
							"lerp_mode": "catmullrom"
						},
						"0.28": {
							"post": [0, 1, 2],
							"lerp_mode": "catmullrom"
						},
						"0.68": {
							"post": [0, 1, 0],
							"lerp_mode": "catmullrom"
						}
					}
				}
			}
		},
		"animation.beldum.special_attack": {
			"loop": "hold_on_last_frame",
			"animation_length": 1.24,
			"bones": {
				"head": {
					"rotation": {
						"0.0": {
							"post": [10, 0, 0],
							"lerp_mode": "catmullrom"
						},
						"0.12": {
							"post": [22.5, 0, 0],
							"lerp_mode": "catmullrom"
						},
						"0.24": {
							"post": [27.5, 0, 0],
							"lerp_mode": "catmullrom"
						},
						"0.36": {
							"post": [27.5, 0, 0],
							"lerp_mode": "catmullrom"
						},
						"0.44": {
							"post": [-25, 0, 0],
							"lerp_mode": "catmullrom"
						},
						"0.6": {
							"post": [-2.87066, -24.59477, -101.00966],
							"lerp_mode": "catmullrom"
						},
						"0.76": {
							"post": [-3.1183, 24.09293, -253.52973],
							"lerp_mode": "catmullrom"
						},
						"0.88": {
							"post": [-25, 0, -360],
							"lerp_mode": "catmullrom"
						},
						"1.04": {
							"post": [9.76758, -2.15393, 12.31594],
							"lerp_mode": "catmullrom"
						},
						"1.24": {
							"post": [10, 0, 0],
							"lerp_mode": "catmullrom"
						}
					},
					"position": {
						"0.0": {
							"post": [0, 0, 0],
							"lerp_mode": "catmullrom"
						},
						"0.12": {
							"post": [0, -0.75, 0],
							"lerp_mode": "catmullrom"
						},
						"0.36": {
							"post": [0, -0.75, 0],
							"lerp_mode": "catmullrom"
						},
						"0.44": {
							"post": [0, 1, 0],
							"lerp_mode": "catmullrom"
						},
						"0.6": {
							"post": [-0.75, 1, 0],
							"lerp_mode": "catmullrom"
						},
						"0.76": {
							"post": [0.25, 1, 0],
							"lerp_mode": "catmullrom"
						},
						"1.04": {
							"post": [0, 0, 0],
							"lerp_mode": "catmullrom"
						}
					}
				},
				"body": {
					"rotation": {
						"0.0": {
							"post": [-7.5, 0, 0],
							"lerp_mode": "catmullrom"
						},
						"0.12": {
							"post": [0, 0, 0],
							"lerp_mode": "catmullrom"
						},
						"0.24": {
							"post": [2.5, 0, 0],
							"lerp_mode": "catmullrom"
						},
						"0.36": {
							"post": [2.5, 0, 0],
							"lerp_mode": "catmullrom"
						},
						"0.44": {
							"post": [-12.5, 0, 0],
							"lerp_mode": "catmullrom"
						},
						"0.6": {
							"post": [-12.60443, 7.32123, -1.63219],
							"lerp_mode": "catmullrom"
						},
						"0.76": {
							"post": [-12.54624, -4.88119, 1.08482],
							"lerp_mode": "catmullrom"
						},
						"0.88": {
							"post": [-12.5, 0, 0],
							"lerp_mode": "catmullrom"
						},
						"1.04": {
							"post": [-7.5, 0, 0],
							"lerp_mode": "catmullrom"
						}
					},
					"position": {
						"0.0": {
							"post": [0, 0, 0],
							"lerp_mode": "catmullrom"
						},
						"0.12": {
							"post": [0, -0.5, 0],
							"lerp_mode": "catmullrom"
						},
						"0.36": {
							"post": [0, -0.5, 0],
							"lerp_mode": "catmullrom"
						},
						"0.44": {
							"post": [0, -0.25, 0],
							"lerp_mode": "catmullrom"
						},
						"0.6": {
							"post": [-0.5, -0.25, 0],
							"lerp_mode": "catmullrom"
						},
						"0.76": {
							"post": [0.5, -0.25, 0],
							"lerp_mode": "catmullrom"
						},
						"0.88": {
							"post": [0, -0.25, 0],
							"lerp_mode": "catmullrom"
						},
						"1.04": {
							"post": [0, 0, 0],
							"lerp_mode": "catmullrom"
						}
					}
				},
				"eye": {
					"rotation": {
						"0.0": {
							"post": [0, 0, 0],
							"lerp_mode": "catmullrom"
						},
						"1.04": {
							"post": [0, 0, 0],
							"lerp_mode": "catmullrom"
						}
					},
					"position": {
						"0.0": {
							"post": [0, 0, 0],
							"lerp_mode": "catmullrom"
						},
						"1.04": {
							"post": [0, 0, 0],
							"lerp_mode": "catmullrom"
						}
					}
				},
				"all": {
					"position": {
						"0.0": {
							"post": [0, 1, 0],
							"lerp_mode": "catmullrom"
						},
						"1.04": {
							"post": [0, 1.25, 0],
							"lerp_mode": "catmullrom"
						},
						"1.24": {
							"post": [0, 1, 0],
							"lerp_mode": "catmullrom"
						}
					}
				}
			}
		}
	},
	"geckolib_format_version": 2
}