{
	"format_version": "1.12.0",
	"minecraft:geometry": [
		{
			"description": {
				"identifier": "geometry.celebi",
				"texture_width": 64,
				"texture_height": 64,
				"visible_bounds_width": 4,
				"visible_bounds_height": 3.5,
				"visible_bounds_offset": [0, 1.25, 0]
			},
			"bones": [
				{
					"name": "celebi",
					"pivot": [0, 0, 0]
				},
				{
					"name": "body",
					"parent": "celebi",
					"pivot": [0, 10, 2],
					"cubes": [
						{"origin": [-3.5, 4, -0.9], "size": [7, 9, 7], "pivot": [-0.5, 9, 0.6], "rotation": [18, 0, 0], "uv": [0, 20]}
					]
				},
				{
					"name": "head",
					"parent": "body",
					"pivot": [0, 13, 1],
					"cubes": [
						{"origin": [-4.32833, 13, -5.5], "size": [10, 10, 10], "pivot": [-0.32833, 18, -1], "rotation": [16.74406, -43.3, -11.75425], "uv": [0, 0]}
					]
				},
				{
					"name": "right_antennae",
					"parent": "head",
					"pivot": [-3.4, 22, -4.4],
					"cubes": [
						{"origin": [-3.90549, 20.59221, -4.32582], "size": [1, 6, 0], "uv": [31, 20]}
					]
				},
				{
					"name": "right_antennae2",
					"parent": "right_antennae",
					"pivot": [-3.4, 26.65, -4.35],
					"cubes": [
						{"origin": [-3.90549, 26.59221, -4.32582], "size": [1, 3, 0], "uv": [2, 2]}
					]
				},
				{
					"name": "right_antennae3",
					"parent": "right_antennae2",
					"pivot": [-3.4, 29.6, -4.35],
					"cubes": [
						{"origin": [-3.90549, 29.59221, -4.32582], "size": [1, 3, 0], "uv": [0, 2]}
					]
				},
				{
					"name": "left_antennae",
					"parent": "head",
					"pivot": [3.4, 22, -4.4],
					"cubes": [
						{"origin": [2.90549, 20.59221, -4.32582], "size": [1, 6, 0], "uv": [31, 20], "mirror": true}
					]
				},
				{
					"name": "left_antennae2",
					"parent": "left_antennae",
					"pivot": [3.4, 26.65, -4.35],
					"cubes": [
						{"origin": [2.90549, 26.59221, -4.32582], "size": [1, 3, 0], "uv": [2, 2], "mirror": true}
					]
				},
				{
					"name": "left_antennae3",
					"parent": "left_antennae2",
					"pivot": [3.4, 29.6, -4.35],
					"cubes": [
						{"origin": [2.90549, 29.59221, -4.32582], "size": [1, 3, 0], "uv": [0, 2], "mirror": true}
					]
				},
				{
					"name": "head2",
					"parent": "head",
					"pivot": [0, 20.25, 4],
					"cubes": [
						{"origin": [-4, 16.75157, 1.47288], "size": [8, 8, 6], "pivot": [0, 20.45157, 4.47288], "rotation": [37, 0, 0], "uv": [28, 20]}
					]
				},
				{
					"name": "head3",
					"parent": "head2",
					"pivot": [0, 22.5, 6.5],
					"cubes": [
						{"origin": [-3, 23.20137, 4.38324], "size": [6, 6, 7], "pivot": [-1, 24.70137, 9.38324], "rotation": [61.52548, -0.34782, -0.06906], "uv": [21, 34]}
					]
				},
				{
					"name": "head4",
					"parent": "head3",
					"pivot": [0, 27, 8.75],
					"cubes": [
						{"origin": [0, 23.20137, 10.38324], "size": [0, 6, 7], "pivot": [-1, 24.70137, 9.38324], "rotation": [84.02548, -0.34782, -0.06906], "uv": [0, 38]}
					]
				},
				{
					"name": "eyes",
					"parent": "head",
					"pivot": [0, 0, 0],
					"cubes": [
						{"origin": [3.66232, 15.5015, -5.47163], "size": [0, 4, 3], "inflate": 0.003, "pivot": [3.65232, 17.51228, -3.42127], "rotation": [26.89427, 44.10992, 11.70094], "uv": [0, 17], "mirror": true},
						{"origin": [3.65232, 15.5015, -5.47163], "size": [0, 4, 5], "inflate": 0.002, "pivot": [3.65232, 17.51228, -3.42127], "rotation": [26.89427, 44.10992, 11.70094], "uv": [21, 15], "mirror": true},
						{"origin": [3.64232, 14.52306, -6.37092], "size": [0, 6, 7], "inflate": 0.001, "pivot": [3.65232, 17.51228, -3.42127], "rotation": [26.89427, 44.10992, 11.70094], "uv": [0, 32], "mirror": true},
						{"origin": [-3.66232, 15.5015, -5.47163], "size": [0, 4, 3], "inflate": 0.003, "pivot": [-3.65232, 17.51228, -3.42127], "rotation": [26.89427, -44.10992, -11.70094], "uv": [0, 17]},
						{"origin": [-3.65232, 15.5015, -5.47163], "size": [0, 4, 5], "inflate": 0.002, "pivot": [-3.65232, 17.51228, -3.42127], "rotation": [26.89427, -44.10992, -11.70094], "uv": [21, 15]},
						{"origin": [-3.64232, 14.52306, -6.37092], "size": [0, 6, 7], "inflate": 0.001, "pivot": [-3.65232, 17.51228, -3.42127], "rotation": [26.89427, -44.10992, -11.70094], "uv": [0, 32]}
					]
				},
				{
					"name": "right_lid",
					"parent": "eyes",
					"pivot": [2, 0, 0],
					"cubes": [
						{"origin": [-2.67, 15.5015, -5.47163], "size": [0, 4, 5], "inflate": 0.002, "pivot": [-2.65232, 17.51228, -3.42127], "rotation": [26.89427, -44.10992, -11.70094], "uv": [0, 0]}
					]
				},
				{
					"name": "left_lid",
					"parent": "eyes",
					"pivot": [-1, 0, 0],
					"cubes": [
						{"origin": [2.67, 15.5015, -5.47163], "size": [0, 4, 5], "inflate": 0.002, "pivot": [2.65232, 17.51228, -3.42127], "rotation": [26.89427, 44.10992, 11.70094], "uv": [0, 0], "mirror": true}
					]
				},
				{
					"name": "right_arm",
					"parent": "body",
					"pivot": [-3.5, 12.3, 1.8],
					"cubes": [
						{"origin": [-8.5, 11, 2.1], "size": [5, 2, 2], "pivot": [-6.5, 8, 0.6], "rotation": [18, 0, 0], "uv": [40, 12]}
					]
				},
				{
					"name": "right_forearm",
					"parent": "right_arm",
					"pivot": [-8.5, 12.5, 0],
					"cubes": [
						{"origin": [-14.5, 10.1, 2.1], "size": [6, 3, 2], "pivot": [-11.5, 8.1, 0.6], "rotation": [18, 0, 0], "uv": [40, 7]}
					]
				},
				{
					"name": "right_hand",
					"parent": "right_forearm",
					"pivot": [-14.5, 12, 0],
					"cubes": [
						{"origin": [-14.7, 9.2, 6.2], "size": [2, 1, 0], "pivot": [-17.5, 8.7, 4.3], "rotation": [61.387, 22.2035, -19.73546], "uv": [0, 0]},
						{"origin": [-16.2, 12.3, 8.3], "size": [2, 1, 0], "pivot": [-17.2, 9.6, 5.5], "rotation": [92, 0, 0], "uv": [0, 1]},
						{"origin": [-17, 15, 6.9], "size": [2, 1, 0], "pivot": [-17.5, 9.6, 6.4], "rotation": [70.98089, -12.5808, -1.74913], "uv": [0, 0]}
					]
				},
				{
					"name": "left_arm",
					"parent": "body",
					"pivot": [3.5, 12.3, 1.8],
					"cubes": [
						{"origin": [3.5, 11, 2.1], "size": [5, 2, 2], "pivot": [6.5, 8, 0.6], "rotation": [18, 0, 0], "uv": [40, 12], "mirror": true}
					]
				},
				{
					"name": "left_forearm",
					"parent": "left_arm",
					"pivot": [8.5, 12.5, 0],
					"cubes": [
						{"origin": [8.5, 10.1, 2.1], "size": [6, 3, 2], "pivot": [11.5, 8.1, 0.6], "rotation": [18, 0, 0], "uv": [40, 7], "mirror": true}
					]
				},
				{
					"name": "left_hand",
					"parent": "left_forearm",
					"pivot": [14.5, 12, 0],
					"cubes": [
						{"origin": [14.2, 12.3, 8.3], "size": [2, 1, 0], "pivot": [17.2, 9.6, 5.5], "rotation": [92, 0, 0], "uv": [0, 1], "mirror": true},
						{"origin": [12.7, 9.2, 6.2], "size": [2, 1, 0], "pivot": [17.5, 8.7, 4.3], "rotation": [61.387, -22.2035, 19.73546], "uv": [0, 0], "mirror": true},
						{"origin": [15, 15, 6.9], "size": [2, 1, 0], "pivot": [17.5, 9.6, 6.4], "rotation": [70.98089, 12.5808, 1.74913], "uv": [0, 0], "mirror": true}
					]
				},
				{
					"name": "right_wing",
					"parent": "body",
					"pivot": [0, 12.1, 5.2],
					"cubes": [
						{"origin": [-1.6, 9.3, 4.2], "size": [0, 3, 11], "pivot": [0.4, 9.3, 1.7], "rotation": [18, 0, 0], "uv": [0, 25]}
					]
				},
				{
					"name": "left_wing",
					"parent": "body",
					"pivot": [0, 12.1, 5.2],
					"cubes": [
						{"origin": [1.6, 9.3, 4.2], "size": [0, 3, 11], "pivot": [-0.4, 9.3, 1.7], "rotation": [18, 0, 0], "uv": [0, 25], "mirror": true}
					]
				},
				{
					"name": "right_leg",
					"parent": "body",
					"pivot": [-2, 5, 4.4],
					"cubes": [
						{"origin": [-3, 2, 4.8], "size": [2, 4, 2], "pivot": [-0.5, 1, 4.5], "rotation": [18, 0, 0], "uv": [14, 45]}
					]
				},
				{
					"name": "right_calf",
					"parent": "right_leg",
					"pivot": [-2, 2.5, 5.3],
					"cubes": [
						{"origin": [-3.01, -2, 5], "size": [2, 4, 2], "pivot": [-0.5, 1, 4.7], "rotation": [35.5, 0, 0], "uv": [40, 34]}
					]
				},
				{
					"name": "right_foot",
					"parent": "right_calf",
					"pivot": [-2, 0.6, 6.6],
					"cubes": [
						{"origin": [-3.6, -2.7, 2.2], "size": [3, 2, 5], "pivot": [-0.5, 0.3, 4.9], "rotation": [48, 0, 0], "uv": [30, 0]}
					]
				},
				{
					"name": "left_leg",
					"parent": "body",
					"pivot": [2, 5, 4.4],
					"cubes": [
						{"origin": [1, 2, 4.8], "size": [2, 4, 2], "pivot": [0.5, 1, 4.5], "rotation": [18, 0, 0], "uv": [14, 45], "mirror": true}
					]
				},
				{
					"name": "left_calf",
					"parent": "left_leg",
					"pivot": [2, 2.5, 5.3],
					"cubes": [
						{"origin": [1.01, -2, 5], "size": [2, 4, 2], "pivot": [0.5, 1, 4.7], "rotation": [35.5, 0, 0], "uv": [40, 34], "mirror": true}
					]
				},
				{
					"name": "left_foot",
					"parent": "left_calf",
					"pivot": [2, 0.6, 6.6],
					"cubes": [
						{"origin": [0.6, -2.7, 2.2], "size": [3, 2, 5], "pivot": [0.5, 0.3, 4.9], "rotation": [48, 0, 0], "uv": [30, 0], "mirror": true}
					]
				}
			]
		}
	]
}