{
	"format_version": "1.8.0",
	"animations": {
		"animation.starly.ground_idle": {
			"loop": true,
			"bones": {
				"body": {
					"rotation": ["math.cos(((query.anim_time) - (0.5/4)) * 90 * 4) * (-5 * 1)", 0, 0],
					"position": [0, "math.cos(((query.anim_time) - (0.5/4)) * 90 * 4) * (1 * 1)", 0]
				},
				"tail_feathers": {
					"rotation": ["math.sin(((query.anim_time) - (0.5/4)) * 90 * 4) * (5 * 1)", 0, 0]
				},
				"head": {
					"rotation": ["math.sin(((query.anim_time) - (0.5/4)) * 90 * 4) * (-3 * 1)", 0, 0]
				},
				"feather": {
					"rotation": ["math.sin(((query.anim_time) - (0.5/4)) * 90 * 4) * (-5 * 1)", 0, 0]
				},
				"right_wing": {
					"rotation": ["math.sin(((query.anim_time) - (0.5/4)) * 90 * 4) * (4 * 1)", 0, "14.4731+math.sin(((query.anim_time) - (0.5/4)) * 90 * 4) * (6 * 1)"]
				},
				"right_feathers": {
					"rotation": ["math.sin(((query.anim_time) - (0.5/4)) * 90 * 4) * (4 * 1)", 0, 0]
				},
				"right_leg": {
					"rotation": ["math.cos(((query.anim_time) - (0.5/4)) * 90 * 4) * (5 * 1)", 0, 0]
				},
				"right_foot": {
					"rotation": ["math.cos(((query.anim_time) - (0.5/4)) * 90 * 4) * (7 * 1)", 0, 0]
				},
				"left_leg": {
					"rotation": ["math.cos(((query.anim_time) - (0.5/4)) * 90 * 4) * (5 * 1)", 0, 0]
				},
				"left_foot": {
					"rotation": ["math.cos(((query.anim_time) - (0.5/4)) * 90 * 4) * (7 * 1)", 0, 0]
				},
				"left_wing": {
					"rotation": ["math.sin(((query.anim_time) - (0.5/4)) * 90 * 4) * (4 * 1)", 0, "-14.4731+math.sin(((query.anim_time) - (0.5/4)) * 90 * 4) * (-6 * 1)"]
				}
			}
		},
		"animation.starly.air_idle": {
			"loop": true,
			"bones": {
				"body": {
					"rotation": ["1+math.cos(((query.anim_time) - (0.5/4)) * 90 * 6) * (-4 * 1)", 0, 0]
				},
				"tail": {
					"rotation": ["math.sin(((query.anim_time) - (0.5/4)) * 90 * 6) * (-6 * 1)", 0, 0]
				},
				"tail_feathers": {
					"rotation": ["-22.5+math.sin(((query.anim_time) - (0.5/4)) * 90 * 6) * (-6 * 1)", 0, 0]
				},
				"head": {
					"rotation": ["-4.5+math.sin(((query.anim_time) - (0.5/4)) * 90 * 6) * (-6 * 1)", 0, 0]
				},
				"feather": {
					"rotation": ["math.sin(((query.anim_time) - (0.5/4)) * 90 * 6) * (-12 * 1)", 0, 0]
				},
				"right_wing": {
					"rotation": [-45.7856, "math.cos(((query.anim_time) - (0.5/4)) * 90 * 6) * (30 * 1)", "104.87+math.sin(((query.anim_time) - (0.5/4)) * 90 * 6) * (50 * 1)"],
					"position": [0, 0, 1]
				},
				"right_feathers": {
					"rotation": ["math.cos(((query.anim_time) - (0.5/4)) * 90 * 6) * (30 * 1)", 0, "math.cos(((query.anim_time) - (0.5/4)) * 90 * 6) * (15 * 1)"]
				},
				"right_leg": {
					"rotation": ["22.5+math.sin(((query.anim_time) - (0.5/4)) * 90 * 3) * (-6 * 1)", 0, 0]
				},
				"left_leg": {
					"rotation": ["22.5+math.sin(((query.anim_time) - (0.5/4)) * 90 * 3) * (-6 * 1)", 0, 0]
				},
				"left_wing": {
					"rotation": [-45.7856, "math.cos(((query.anim_time) - (0.5/4)) * 90 * 6) * (-30 * 1)", "-104.87+math.sin(((query.anim_time) - (0.5/4)) * 90 * 6) * (-50 * 1)"]
				},
				"left_feathers": {
					"rotation": ["math.cos(((query.anim_time) - (0.5/4)) * 90 * 6) * (30 * 1)", 0, "math.cos(((query.anim_time) - (0.5/4)) * 90 * 6) * (15 * 1)"]
				}
			}
		},
		"animation.starly.left_shoulder": {
			"loop": true,
			"bones": {
				"body": {
					"rotation": ["math.cos(((query.anim_time) - (0.5/4)) * 90 * 4) * (-5 * 1)", 0, 0],
					"position": [-4.92554, "0+math.cos(((query.anim_time) - (0.5/4)) * 90 * 4) * (1 * 1)", 1.17431]
				},
				"tail_feathers": {
					"rotation": ["math.sin(((query.anim_time) - (0.5/4)) * 90 * 4) * (5 * 1)", 0, 0]
				},
				"head": {
					"rotation": ["math.sin(((query.anim_time) - (0.5/4)) * 90 * 4) * (-3 * 1)", 0, 0]
				},
				"feather": {
					"rotation": ["math.sin(((query.anim_time) - (0.5/4)) * 90 * 4) * (-5 * 1)", 0, 0]
				},
				"right_wing": {
					"rotation": ["math.sin(((query.anim_time) - (0.5/4)) * 90 * 4) * (4 * 1)", 0, "14.4731+math.sin(((query.anim_time) - (0.5/4)) * 90 * 4) * (6 * 1)"]
				},
				"right_feathers": {
					"rotation": ["math.sin(((query.anim_time) - (0.5/4)) * 90 * 4) * (4 * 1)", 0, 0]
				},
				"right_leg": {
					"rotation": ["math.cos(((query.anim_time) - (0.5/4)) * 90 * 4) * (5 * 1)", 0, 0]
				},
				"right_foot": {
					"rotation": ["math.cos(((query.anim_time) - (0.5/4)) * 90 * 4) * (7 * 1)", 0, 0]
				},
				"left_leg": {
					"rotation": ["math.cos(((query.anim_time) - (0.5/4)) * 90 * 4) * (5 * 1)", 0, 0]
				},
				"left_foot": {
					"rotation": ["math.cos(((query.anim_time) - (0.5/4)) * 90 * 4) * (7 * 1)", 0, 0]
				},
				"left_wing": {
					"rotation": ["math.sin(((query.anim_time) - (0.5/4)) * 90 * 4) * (4 * 1)", 0, "-14.4731+math.sin(((query.anim_time) - (0.5/4)) * 90 * 4) * (-6 * 1)"]
				},
				"starly": {
					"rotation": [0, -22.5, 0],
					"position": [9, 0, 1]
				}
			}
		},
		"animation.starly.right_shoulder": {
			"loop": true,
			"bones": {
				"body": {
					"rotation": ["math.cos(((query.anim_time) - (0.5/4)) * 90 * 4) * (-5 * 1)", 0, 0],
					"position": [3.99623, "0+math.cos(((query.anim_time) - (0.5/4)) * 90 * 4) * (1 * 1)", 1.17431]
				},
				"tail_feathers": {
					"rotation": ["math.sin(((query.anim_time) - (0.5/4)) * 90 * 4) * (5 * 1)", 0, 0]
				},
				"head": {
					"rotation": ["math.sin(((query.anim_time) - (0.5/4)) * 90 * 4) * (-3 * 1)", 0, 0]
				},
				"feather": {
					"rotation": ["math.sin(((query.anim_time) - (0.5/4)) * 90 * 4) * (-5 * 1)", 0, 0]
				},
				"right_wing": {
					"rotation": ["math.sin(((query.anim_time) - (0.5/4)) * 90 * 4) * (4 * 1)", 0, "14.4731+math.sin(((query.anim_time) - (0.5/4)) * 90 * 4) * (6 * 1)"]
				},
				"right_feathers": {
					"rotation": ["math.sin(((query.anim_time) - (0.5/4)) * 90 * 4) * (4 * 1)", 0, 0]
				},
				"right_leg": {
					"rotation": ["math.cos(((query.anim_time) - (0.5/4)) * 90 * 4) * (5 * 1)", 0, 0]
				},
				"right_foot": {
					"rotation": ["math.cos(((query.anim_time) - (0.5/4)) * 90 * 4) * (7 * 1)", 0, 0]
				},
				"left_leg": {
					"rotation": ["math.cos(((query.anim_time) - (0.5/4)) * 90 * 4) * (5 * 1)", 0, 0]
				},
				"left_foot": {
					"rotation": ["math.cos(((query.anim_time) - (0.5/4)) * 90 * 4) * (7 * 1)", 0, 0]
				},
				"left_wing": {
					"rotation": ["math.sin(((query.anim_time) - (0.5/4)) * 90 * 4) * (4 * 1)", 0, "-14.4731+math.sin(((query.anim_time) - (0.5/4)) * 90 * 4) * (-6 * 1)"]
				},
				"starly": {
					"rotation": [0, 22.5, 0],
					"position": [-9, 0, 1]
				}
			}
		},
		"animation.starly.ground_walk": {
			"loop": true,
			"bones": {
				"body": {
					"rotation": [
						"math.cos(((query.anim_time) - (0.5/4)) * 90 * 8) * (3 * 1)",
						"math.cos(((query.anim_time) - (0.5/4)) * 90 * 4) * (3 * 1)",
						"math.cos(((query.anim_time) - (0.5/4)) * 90 * 4) * (3 * 1)"
					],
					"position": [0, "0.9+math.cos(((query.anim_time) - (0.5/4)) * 90 * 8) * (0.5 * 1)", 0]
				},
				"tail": {
					"rotation": ["math.sin(((query.anim_time) - (0.5/4)) * 90 * 8) * (10 * 1)", "math.cos(((query.anim_time) - (0.5/4)) * 90 * 4) * (10 * 1)", 0]
				},
				"head": {
					"rotation": ["math.cos(((query.anim_time) - (0.5/4)) * 90 * 8) * (5 * 1)", 0, 0]
				},
				"feather": {
					"rotation": ["math.sin(((query.anim_time) - (0.5/4)) * 90 * 8) * (8 * 1)", 0, 0]
				},
				"right_wing": {
					"rotation": ["math.cos(((query.anim_time) - (0.5/4)) * 90 * 4) * (6 * 1)", 0, "22.5+math.cos(((query.anim_time) - (0.5/4)) * 90 * 8) * (-6 * 1)"]
				},
				"right_feathers": {
					"rotation": ["math.sin(((query.anim_time) - (0.5/4)) * 90 * 8) * (6 * 1)", 0, 0]
				},
				"left_wing": {
					"rotation": ["math.cos(((query.anim_time) - (0.5/4)) * 90 * 4) * (6 * 1)", 0, "-22.5+math.cos(((query.anim_time) - (0.5/4)) * 90 * 8) * (6 * 1)"]
				},
				"left_feathers": {
					"rotation": ["math.sin(((query.anim_time) - (0.5/4)) * 90 * 8) * (6 * 1)", 0, 0]
				},
				"right_leg": {
					"rotation": ["math.cos(((query.anim_time) - (0.5/4)) * 90 * 4) * (20 * 1)", 0, 0]
				},
				"left_leg": {
					"rotation": ["math.cos(((query.anim_time) - (0.5/4)) * 90 * 4) * (-20 * 1)", 0, 0]
				},
				"left_foot": {
					"rotation": ["math.cos(((query.anim_time) - (0.5/4)) * 90 * 4) * (-10 * 1)", 0, 0]
				}
			}
		},
		"animation.starly.sleep": {
			"loop": true,
			"bones": {
				"body": {
					"rotation": ["math.cos(((query.anim_time) - (0.5/4)) * 90 * 1) * (-1 * 1)", 0, 0]
				},
				"tail": {
					"position": [0, 0, -0.75]
				},
				"tail_feathers": {
					"rotation": ["-27+math.sin(((query.anim_time) - (0.5/4)) * 90 * 1) * (-4 * 1)", 0, 0]
				},
				"head": {
					"rotation": ["18+math.cos(((query.anim_time) - (0.5/4)) * 90 * 1) * (-3 * 1)", 0, 0],
					"position": [0, -0.8, -0.5]
				},
				"feather": {
					"rotation": ["math.sin(((query.anim_time) - (0.5/4)) * 90 * 1) * (-5 * 1)", 0, 0]
				},
				"eyelids": {
					"position": [0, 0, -1.04]
				},
				"right_wing": {
					"rotation": [0, -15, "math.cos(((query.anim_time) - (0.5/4)) * 90 * 1) * (1 * 1)"],
					"position": [0.1, 0, -2.6]
				},
				"right_feathers": {
					"rotation": [0, 16, 0],
					"position": [0.25882, 0, 0.96593]
				},
				"right_leg": {
					"rotation": ["math.cos(((query.anim_time) - (0.5/4)) * 90 * 1) * (1 * 1)", 0, 0]
				},
				"right_foot": {
					"rotation": ["math.cos(((query.anim_time) - (0.5/4)) * 90 * 1) * (-1 * 1)", 0, 0]
				},
				"left_leg": {
					"rotation": ["math.cos(((query.anim_time) - (0.5/4)) * 90 * 1) * (1 * 1)", 0, 0]
				},
				"left_foot": {
					"rotation": ["math.cos(((query.anim_time) - (0.5/4)) * 90 * 1) * (-1 * 1)", 0, 0]
				},
				"left_wing": {
					"rotation": [0, 15, "math.cos(((query.anim_time) - (0.5/4)) * 90 * 1) * (-1 * 1)"],
					"position": [-0.1, 0, -2.6]
				},
				"left_feathers": {
					"rotation": [0, -16, 0]
				}
			}
		},
		"animation.starly.faint": {
			"animation_length": 3,
			"bones": {
				"body": {
					"rotation": {
						"0.0": {
							"post": [0, 0, 0],
							"lerp_mode": "catmullrom"
						},
						"0.25": {
							"post": [16, 0, 0],
							"lerp_mode": "catmullrom"
						},
						"0.5833": {
							"post": [-16.18905, -8.64863, 2.49976],
							"lerp_mode": "catmullrom"
						},
						"0.875": {
							"post": [27.81095, -8.64863, 2.49976],
							"lerp_mode": "catmullrom"
						},
						"1.0417": {
							"post": [44, 0, 0],
							"lerp_mode": "catmullrom"
						},
						"1.2917": {
							"post": [44, 0, 0],
							"lerp_mode": "catmullrom"
						},
						"1.4583": {
							"post": [31.5, 0, 0],
							"lerp_mode": "catmullrom"
						},
						"1.5417": [44, 0, 0]
					},
					"position": {
						"0.0": {
							"post": [0, 0, 0],
							"lerp_mode": "catmullrom"
						},
						"0.25": {
							"post": [0, -1, 0],
							"lerp_mode": "catmullrom"
						},
						"0.5833": {
							"post": [0, 1.5, 0],
							"lerp_mode": "catmullrom"
						},
						"0.875": {
							"post": [0, 0.7, -3.1],
							"lerp_mode": "catmullrom"
						},
						"1.0417": {
							"post": [0, -3.3, -7],
							"lerp_mode": "catmullrom"
						},
						"1.1667": {
							"post": [0, -3.3, -7.6],
							"lerp_mode": "catmullrom"
						},
						"1.2917": {
							"post": [0, -1.9, -8],
							"lerp_mode": "catmullrom"
						},
						"1.5417": [0, -3.3, -9.6]
					}
				},
				"tail": {
					"rotation": {
						"0.0": {
							"post": [0, 0, 0],
							"lerp_mode": "catmullrom"
						},
						"0.25": {
							"post": [-18, 0, 0],
							"lerp_mode": "catmullrom"
						},
						"0.5833": {
							"post": [0, 10, 0],
							"lerp_mode": "catmullrom"
						},
						"0.875": {
							"post": [0, 3, 0],
							"lerp_mode": "catmullrom"
						},
						"1.0833": {
							"post": [-29, 0, 0],
							"lerp_mode": "catmullrom"
						},
						"1.1667": {
							"post": [-39, 0, 0],
							"lerp_mode": "catmullrom"
						},
						"1.2917": {
							"post": [-11.14844, -0.07031, 0],
							"lerp_mode": "catmullrom"
						},
						"1.5417": [-39, 0, 0]
					}
				},
				"tail_feathers": {
					"rotation": {
						"0.0": {
							"post": [0, 0, 0],
							"lerp_mode": "catmullrom"
						},
						"0.25": {
							"post": [-19, 0, 0],
							"lerp_mode": "catmullrom"
						},
						"0.5833": {
							"post": [0, 21, 0],
							"lerp_mode": "catmullrom"
						},
						"0.875": {
							"post": [-37, 21, 0],
							"lerp_mode": "catmullrom"
						},
						"1.0833": {
							"post": [-19, 0, 0],
							"lerp_mode": "catmullrom"
						},
						"1.1667": {
							"post": [-45, 0, 0],
							"lerp_mode": "catmullrom"
						},
						"1.2917": {
							"post": [-28.5, 0, 0],
							"lerp_mode": "catmullrom"
						},
						"1.5417": [-45.5, 0, 0]
					}
				},
				"head": {
					"rotation": {
						"0.0": {
							"post": [0, 0, 0],
							"lerp_mode": "catmullrom"
						},
						"0.25": {
							"post": [20, 0, 0],
							"lerp_mode": "catmullrom"
						},
						"0.5833": {
							"post": [-25.35171, -18.207, 8.42091],
							"lerp_mode": "catmullrom"
						},
						"0.875": {
							"post": [-60.85171, -18.207, 8.42091],
							"lerp_mode": "catmullrom"
						},
						"1.1667": {
							"post": [46.46077, -45.94895, -57.31965],
							"lerp_mode": "catmullrom"
						},
						"1.2917": {
							"post": [-6.98173, -56.62483, 5.17157],
							"lerp_mode": "catmullrom"
						},
						"1.5417": [46.46077, -45.94895, -57.31965]
					},
					"position": {
						"0.0": {
							"post": [0, 0, 0],
							"lerp_mode": "catmullrom"
						},
						"0.25": {
							"post": [0, 0, 0],
							"lerp_mode": "catmullrom"
						},
						"0.5833": {
							"post": [0, 0, 0],
							"lerp_mode": "catmullrom"
						},
						"0.875": {
							"post": [0, 0.7, 0.9],
							"lerp_mode": "catmullrom"
						},
						"1.1667": {
							"post": [-0.4, 0.3, -1.5],
							"lerp_mode": "catmullrom"
						},
						"1.2917": {
							"post": [-0.38, 1.63, -1.06],
							"lerp_mode": "catmullrom"
						},
						"1.5417": [-0.4, 0.3, -1.5]
					}
				},
				"beak": {
					"rotation": {
						"0.0": {
							"post": [0, 0, 0],
							"lerp_mode": "catmullrom"
						},
						"0.25": {
							"post": [14, 0, 0],
							"lerp_mode": "catmullrom"
						},
						"0.5833": {
							"post": [38, 0, 0],
							"lerp_mode": "catmullrom"
						},
						"0.875": {
							"post": [38, 0, 0],
							"lerp_mode": "catmullrom"
						},
						"1.1667": {
							"post": [28, 0, 0],
							"lerp_mode": "catmullrom"
						},
						"1.2917": {
							"post": [28, 0, 0],
							"lerp_mode": "catmullrom"
						},
						"1.5417": [28, 0, 0]
					}
				},
				"feather": {
					"rotation": {
						"0.0": {
							"post": [0, 0, 0],
							"lerp_mode": "catmullrom"
						},
						"0.25": {
							"post": [37, 0, 0],
							"lerp_mode": "catmullrom"
						},
						"0.5833": {
							"post": [-25, 0, 0],
							"lerp_mode": "catmullrom"
						},
						"0.875": {
							"post": [-25, 0, 0],
							"lerp_mode": "catmullrom"
						},
						"1.0833": {
							"post": [31, 0, 34],
							"lerp_mode": "catmullrom"
						},
						"1.1667": {
							"post": [49.24823, 27.82568, -27.45336],
							"lerp_mode": "catmullrom"
						},
						"1.2917": {
							"post": [31, 0, 34],
							"lerp_mode": "catmullrom"
						},
						"1.4583": {
							"post": [31, 0, 34],
							"lerp_mode": "catmullrom"
						},
						"1.5417": [43.00649, 27.18367, -24.72923]
					}
				},
				"eyelids": {
					"position": {
						"0.0": {
							"post": [0, 0, 0],
							"lerp_mode": "catmullrom"
						},
						"0.25": {
							"post": [0, 0, -1.04],
							"lerp_mode": "catmullrom"
						}
					}
				},
				"right_wing": {
					"rotation": {
						"0.0": {
							"post": [0, 0, 0],
							"lerp_mode": "catmullrom"
						},
						"0.25": {
							"post": [-37.17229, -31.14095, 55.70608],
							"lerp_mode": "catmullrom"
						},
						"0.5833": {
							"post": [-49.2525, 22.77953, 108.44826],
							"lerp_mode": "catmullrom"
						},
						"0.875": {
							"post": [12.12686, 24.31188, 158.74381],
							"lerp_mode": "catmullrom"
						},
						"1.0833": {
							"post": [-132.464, 51.41194, 60.57466],
							"lerp_mode": "catmullrom"
						},
						"1.1667": {
							"post": [-127.90818, 26.11652, 45.5443],
							"lerp_mode": "catmullrom"
						},
						"1.2917": {
							"post": [-96.78675, 47.43619, 97.7349],
							"lerp_mode": "catmullrom"
						},
						"1.5417": [-105.72093, 42.61067, 83.48907]
					},
					"position": {
						"0.0": {
							"post": [0, 0, 0],
							"lerp_mode": "catmullrom"
						},
						"1.1667": {
							"post": [0, 1.5, 0],
							"lerp_mode": "catmullrom"
						},
						"1.2917": {
							"post": [0, 0.5, 0],
							"lerp_mode": "catmullrom"
						},
						"1.5417": [0, 1.5, 0]
					}
				},
				"right_feathers": {
					"rotation": {
						"0.25": {
							"pre": [0, 0, 0],
							"post": [0, 0, 0],
							"lerp_mode": "catmullrom"
						},
						"0.5833": {
							"post": [10, 0, 0],
							"lerp_mode": "catmullrom"
						},
						"0.875": {
							"post": [10, 0, 0],
							"lerp_mode": "catmullrom"
						},
						"1.1667": {
							"post": [10.34768, -7.54611, -1.41891],
							"lerp_mode": "catmullrom"
						},
						"1.2917": {
							"post": [11.24314, -27.0478, -5.16524],
							"lerp_mode": "catmullrom"
						},
						"1.5417": [10.00933, 2.462, 0.43439]
					}
				},
				"right_leg": {
					"rotation": {
						"0.0": {
							"post": [0, 0, 0],
							"lerp_mode": "catmullrom"
						},
						"0.25": {
							"post": [-20, 0, 0],
							"lerp_mode": "catmullrom"
						},
						"0.5833": {
							"post": [29.83285, 19.31479, 10.74021],
							"lerp_mode": "catmullrom"
						},
						"0.875": {
							"post": [29.83285, 19.31479, 10.74021],
							"lerp_mode": "catmullrom"
						}
					}
				},
				"right_foot": {
					"rotation": {
						"0.0": {
							"post": [0, 0, 0],
							"lerp_mode": "catmullrom"
						},
						"0.875": {
							"post": [0, 0, 0],
							"lerp_mode": "catmullrom"
						},
						"1.1667": {
							"post": [90, 0, 0],
							"lerp_mode": "catmullrom"
						},
						"1.2917": {
							"post": [90, 0, 0],
							"lerp_mode": "catmullrom"
						},
						"1.5417": [90, 0, 0]
					}
				},
				"left_wing": {
					"rotation": {
						"0.0": {
							"post": [0, 0, 0],
							"lerp_mode": "catmullrom"
						},
						"0.25": {
							"post": [-37.11855, 44.00175, -47.45074],
							"lerp_mode": "catmullrom"
						},
						"0.5833": {
							"post": [-26.18729, -4.45998, -107.32774],
							"lerp_mode": "catmullrom"
						},
						"0.875": {
							"post": [-16.40071, -41.13068, -150.22234],
							"lerp_mode": "catmullrom"
						},
						"1.0833": {
							"post": [-64.43873, -30.9291, -109.88871],
							"lerp_mode": "catmullrom"
						},
						"1.1667": {
							"post": [-101.76495, -37.77228, -48.16932],
							"lerp_mode": "catmullrom"
						},
						"1.2917": {
							"post": [-72.08652, -34.31093, -97.29018],
							"lerp_mode": "catmullrom"
						},
						"1.5417": [-79.75444, -38.15103, -83.25799]
					},
					"position": {
						"0.0": {
							"post": [0, 0, 0],
							"lerp_mode": "catmullrom"
						},
						"1.1667": {
							"post": [0, 0.5, -0.5],
							"lerp_mode": "catmullrom"
						},
						"1.2917": {
							"post": [0, 0.5, -0.5],
							"lerp_mode": "catmullrom"
						},
						"1.5417": [0, 0.5, -0.5]
					}
				},
				"left_feathers": {
					"rotation": {
						"1.2917": {
							"pre": [0, 17.5, 0],
							"post": [0, 17.5, 0],
							"lerp_mode": "catmullrom"
						}
					}
				}
			}
		},
		"animation.starly.blink": {
			"animation_length": 0.1667,
			"bones": {
				"eyelids": {
					"position": {
						"0.0": [0, 0, -1.04],
						"0.125": [0, 0, -1.04],
						"0.1667": [0, 0, 0]
					}
				}
			}
		},
		"animation.starly.air_fly": {
			"loop": true,
			"bones": {
				"body": {
					"rotation": ["18+math.cos(((query.anim_time) - (0.5/4)) * 90 * 6) * (-4 * 1)", 0, 0]
				},
				"tail": {
					"rotation": ["math.sin(((query.anim_time) - (0.5/4)) * 90 * 6) * (-6 * 1)", 0, 0]
				},
				"tail_feathers": {
					"rotation": ["-22.5+math.sin(((query.anim_time) - (0.5/4)) * 90 * 6) * (-6 * 1)", 0, 0]
				},
				"head": {
					"rotation": ["-18+math.sin(((query.anim_time) - (0.5/4)) * 90 * 6) * (-6 * 1)", 0, 0]
				},
				"feather": {
					"rotation": ["math.sin(((query.anim_time) - (0.5/4)) * 90 * 6) * (-12 * 1)", 0, 0]
				},
				"right_wing": {
					"rotation": [-45.7856, "math.cos(((query.anim_time) - (0.5/4)) * 90 * 6) * (30 * 1)", "104.87+math.sin(((query.anim_time) - (0.5/4)) * 90 * 6) * (50 * 1)"]
				},
				"right_feathers": {
					"rotation": ["math.cos(((query.anim_time) - (0.5/4)) * 90 * 6) * (30 * 1)", 0, "math.cos(((query.anim_time) - (0.5/4)) * 90 * 6) * (15 * 1)"]
				},
				"right_leg": {
					"rotation": ["22.5+math.sin(((query.anim_time) - (0.5/4)) * 90 * 3) * (-6 * 1)", 0, 0]
				},
				"left_leg": {
					"rotation": ["22.5+math.sin(((query.anim_time) - (0.5/4)) * 90 * 3) * (-6 * 1)", 0, 0]
				},
				"left_wing": {
					"rotation": [-45.7856, "math.cos(((query.anim_time) - (0.5/4)) * 90 * 6) * (-30 * 1)", "-104.87+math.sin(((query.anim_time) - (0.5/4)) * 90 * 6) * (-50 * 1)"]
				},
				"left_feathers": {
					"rotation": ["math.cos(((query.anim_time) - (0.5/4)) * 90 * 6) * (30 * 1)", 0, "math.cos(((query.anim_time) - (0.5/4)) * 90 * 6) * (15 * 1)"]
				}
			}
		}
	}
}