{
	"format_version": "1.12.0",
	"minecraft:geometry": [
		{
			"description": {
				"identifier": "geometry.masquerain",
				"texture_width": 48,
				"texture_height": 48,
				"visible_bounds_width": 4,
				"visible_bounds_height": 3.5,
				"visible_bounds_offset": [0, 1.25, 0]
			},
			"bones": [
				{
					"name": "masquerain",
					"pivot": [0, 0, 0]
				},
				{
					"name": "body",
					"parent": "masquerain",
					"pivot": [0, 13.25, 0.5],
					"cubes": [
						{"origin": [-2.5, 3.75, 0], "size": [5, 5, 5], "pivot": [0, 8.25, -1.5], "rotation": [55, 0, 0], "uv": [0, 21]}
					]
				},
				{
					"name": "head",
					"parent": "body",
					"pivot": [-0.5, 12, -1.5],
					"cubes": [
						{"origin": [-1, 14, -3], "size": [2, 2, 2], "uv": [0, 0]},
						{"origin": [-3.5, 12, -5], "size": [7, 6, 7], "uv": [0, 0]}
					]
				},
				{
					"name": "stem",
					"parent": "head",
					"pivot": [0, 18, -1.25],
					"cubes": [
						{"origin": [-2, 17, -3], "size": [4, 4, 4], "uv": [20, 21]}
					]
				},
				{
					"name": "stem2",
					"parent": "stem",
					"pivot": [0, 21, -1],
					"cubes": [
						{"origin": [0, 20, -2.5], "size": [0, 6, 4], "pivot": [0, 23, -0.5], "rotation": [0, -26, 0], "uv": [20, 25]}
					]
				},
				{
					"name": "right_fan",
					"parent": "head",
					"pivot": [-3.5, 14.5, -1],
					"rotation": [0, 0, 35],
					"cubes": [
						{"origin": [-18.93018, 8.61436, -1], "size": [15, 8, 0], "uv": [0, 13], "mirror": true}
					]
				},
				{
					"name": "left_fan",
					"parent": "head",
					"pivot": [3.5, 14.5, -1],
					"rotation": [0, 0, -35],
					"cubes": [
						{"origin": [3.93018, 8.61436, -1], "size": [15, 8, 0], "uv": [0, 13]}
					]
				},
				{
					"name": "eye",
					"parent": "head",
					"pivot": [-0.5, -2, -1],
					"cubes": [
						{"origin": [-4, 14, -5], "size": [3, 2, 0], "inflate": 0.01, "uv": [0, 0], "mirror": true},
						{"origin": [1, 14, -5], "size": [3, 2, 0], "inflate": 0.01, "uv": [0, 0]},
						{"origin": [1.5, 14.5, -5], "size": [1, 1, 0], "inflate": 0.02, "uv": [0, 4]},
						{"origin": [-2.5, 14.5, -5], "size": [1, 1, 0], "inflate": 0.02, "uv": [0, 4], "mirror": true}
					]
				},
				{
					"name": "eyelid",
					"parent": "eye",
					"pivot": [-0.5, -2, 0],
					"cubes": [
						{"origin": [1, 14, -4], "size": [2, 2, 0], "inflate": 0.05, "uv": [0, 2]},
						{"origin": [-3, 14, -4], "size": [2, 2, 0], "inflate": 0.05, "uv": [0, 2], "mirror": true}
					]
				},
				{
					"name": "right_wing1",
					"parent": "body",
					"pivot": [-2.5, 11, 3],
					"cubes": [
						{"origin": [-11, 6.19115, 2.63546], "size": [11, 6, 0], "pivot": [-1.5, 8.69115, 0.13546], "rotation": [54.58682, -8.17773, 5.77509], "uv": [21, 0]}
					]
				},
				{
					"name": "right_wing2",
					"parent": "body",
					"pivot": [-2.25, 9.25, 3.25],
					"cubes": [
						{"origin": [-10.5, 5.19115, 3.88546], "size": [11, 6, 0], "pivot": [-1, 7.69115, 1.38546], "rotation": [45.28089, 35.39626, -29.83757], "uv": [21, 0]}
					]
				},
				{
					"name": "left_wing1",
					"parent": "body",
					"pivot": [2.5, 11, 3],
					"cubes": [
						{"origin": [0, 6.19115, 2.63546], "size": [11, 6, 0], "pivot": [1.5, 8.69115, 0.13546], "rotation": [54.58682, 8.17773, -5.77509], "uv": [21, 0], "mirror": true}
					]
				},
				{
					"name": "left_wing2",
					"parent": "body",
					"pivot": [2.25, 9.25, 3.25],
					"cubes": [
						{"origin": [-0.5, 5.19115, 4.88546], "size": [11, 6, 0], "pivot": [1, 7.69115, 2.38546], "rotation": [45.28089, -35.39626, 29.83757], "uv": [21, 0], "mirror": true}
					]
				}
			]
		}
	]
}