{
	"format_version": "1.8.0",
	"animations": {
		"animation.annihilape.ground_idle": {
			"loop": true,
			"bones": {
				"body": {
					"rotation": ["2 * math.cos((query.anim_time - 0.4) * 60 )", 0, -5],
					"position": [0, "0.5 * math.cos((query.anim_time - 0.4) * 60 )", 0]
				},
				"leg_left": {
					"rotation": ["math.cos((query.anim_time - 0.4) * 60 ) -58.5603", -58.0454, -1.97053]
				},
				"leg_right": {
					"rotation": ["math.cos((query.anim_time - 0.4) * 60 ) -58.5603", 58.0454, 1.97053]
				},
				"arm_left": {
					"rotation": [0, 0, 30]
				},
				"forearm_left": {
					"rotation": [10.82777, "-5 * math.cos(query.anim_time * 120 ) + 20", 29.39942]
				},
				"hair_left": {
					"rotation": ["5 * math.cos((query.anim_time - 0.4) * 240 ) - 17.5", -55, 0]
				},
				"hair_right": {
					"rotation": ["5 * math.cos((query.anim_time - 0.2) * 240 ) - 17.5", 55, 0]
				},
				"thumb_left": {
					"rotation": [45, 0, 0]
				},
				"fingers_left": {
					"rotation": [0, 0, 25]
				},
				"leg_2_left": {
					"rotation": ["-math.cos((query.anim_time - 0.4) * 60 ) + 67.5", 0, 0]
				},
				"foot_left": {
					"rotation": [-7.49294, 0.32621, 2.47864]
				},
				"leg_2_right": {
					"rotation": ["-math.cos((query.anim_time - 0.4) * 60 ) + 67.5", 0, 0]
				},
				"foot_right": {
					"rotation": [-7.49294, -0.32621, -2.47864]
				},
				"arm_right": {
					"rotation": [-4.30963, -29.7174, -3.85612]
				},
				"forearm_right": {
					"rotation": [-4.26992, "-5 * math.cos(query.anim_time * 120 ) -12.9086", -46.41668]
				},
				"hand_right": {
					"rotation": [0, 0, -17.5]
				},
				"fingers_right": {
					"rotation": [0, 0, -65]
				},
				"thumb_right": {
					"rotation": [68.19367, 5.68422, 13.9042]
				},
				"hair_tuff_middle": {
					"rotation": ["5 * math.cos((query.anim_time - 0.4) * 120 ) + 12.5", 0, 0]
				},
				"hair_tuff_back": {
					"rotation": ["5 * math.cos(query.anim_time * 120 ) -8", 0, 0]
				},
				"hair_tuff_2_right": {
					"rotation": ["5 * math.cos((query.anim_time - 0.2) * 120 ) - 17.5", -0.75155, -2.38443]
				},
				"hair_tuff_3_right": {
					"rotation": ["5 * math.cos(query.anim_time * 120 )", 0, -30]
				},
				"hair_tuff_2_left": {
					"rotation": ["5 * math.cos((query.anim_time - 0.2) * 120 ) - 17.5", 0.75155, 2.38443]
				},
				"hair_tuff_3_left": {
					"rotation": ["5 * math.cos(query.anim_time * 120 )", 0, 30]
				},
				"all": {
					"position": [0, -1.65, 0]
				},
				"hair_strand_3_left": {
					"rotation": ["8 * math.cos((query.anim_time - 0.2) * 120 )", 0, 0]
				},
				"hair_strand_3_right": {
					"rotation": [20, 0, 0]
				},
				"hair_strand_2_right": {
					"rotation": ["8 * math.cos((query.anim_time - 0.4) * 120 ) + 12.5", 0, 0]
				},
				"floating_hair_right": {
					"rotation": ["8 * math.cos((query.anim_time - 0.4) * 240 ) + 47.5", 0, 0],
					"position": [0, 10, -3]
				},
				"hair_strand_2_left": {
					"rotation": ["8 * math.cos((query.anim_time - 0.4) * 120 ) + 12.5", 0, 0]
				},
				"floating_hair_left": {
					"rotation": ["8 * math.cos((query.anim_time - 0.4) * 240 ) + 47.5", 0, 0],
					"position": [0, 10, -3]
				},
				"hair_strand_middle": {
					"rotation": ["10 * math.cos((query.anim_time - 0.6) * 120 ) + 12.5", 0, 0]
				},
				"floating_hair_middle": {
					"rotation": ["8 * math.cos((query.anim_time - 0.8) * 240 ) + 20", 0, 0],
					"position": [0, 4, -2]
				},
				"hair_strand_back": {
					"rotation": ["8 * math.cos((query.anim_time - 0.4) * 120 ) + 12.5", 0, 0]
				}
			}
		},
		"animation.annihilape.ground_walk": {
			"loop": true,
			"animation_length": 1.08,
			"bones": {
				"body": {
					"rotation": {
						"0.0": {
							"post": [7.5, 0, 0],
							"lerp_mode": "catmullrom"
						},
						"0.24": {
							"post": [2.5, 0, 0],
							"lerp_mode": "catmullrom"
						},
						"0.52": {
							"post": [12.5, 0, 0],
							"lerp_mode": "catmullrom"
						},
						"0.8": {
							"post": [10, 0, 0],
							"lerp_mode": "catmullrom"
						},
						"1.08": {
							"post": [7.5, 0, 0],
							"lerp_mode": "catmullrom"
						}
					}
				},
				"leg_left": {
					"rotation": {
						"0.0": {
							"post": [24.78507, 12.31064, -24.78507],
							"lerp_mode": "catmullrom"
						},
						"0.24": {
							"post": [-35, 0, 0],
							"lerp_mode": "catmullrom"
						},
						"0.52": {
							"post": [-59.61874, -8.64917, -5.03837],
							"lerp_mode": "catmullrom"
						},
						"0.8": {
							"post": [-24.78507, -12.31064, -24.78507],
							"lerp_mode": "catmullrom"
						},
						"1.08": {
							"post": [24.78507, 12.31064, -24.78507],
							"lerp_mode": "catmullrom"
						}
					},
					"position": {
						"0.0": {
							"post": [0, 0, 0],
							"lerp_mode": "catmullrom"
						},
						"0.24": {
							"post": [0, 2, 0],
							"lerp_mode": "catmullrom"
						},
						"0.52": {
							"post": [0, 0, 0],
							"lerp_mode": "catmullrom"
						},
						"1.08": {
							"post": [0, 0, 0],
							"lerp_mode": "catmullrom"
						}
					}
				},
				"leg_right": {
					"rotation": {
						"0.0": {
							"post": [24.78507, -12.31064, 24.78507],
							"lerp_mode": "catmullrom"
						},
						"0.24": {
							"post": [-35, 0, 0],
							"lerp_mode": "catmullrom"
						},
						"0.52": {
							"post": [-59.61874, 8.64917, 5.03837],
							"lerp_mode": "catmullrom"
						},
						"0.8": {
							"post": [-24.78507, 12.31064, 24.78507],
							"lerp_mode": "catmullrom"
						},
						"1.08": {
							"post": [24.78507, -12.31064, 24.78507],
							"lerp_mode": "catmullrom"
						}
					},
					"position": {
						"0.0": {
							"post": [0, 0, 0],
							"lerp_mode": "catmullrom"
						},
						"0.24": {
							"post": [0, 2, 0],
							"lerp_mode": "catmullrom"
						},
						"0.52": {
							"post": [0, 0, 0],
							"lerp_mode": "catmullrom"
						},
						"1.08": {
							"post": [0, 0, 0],
							"lerp_mode": "catmullrom"
						}
					}
				},
				"arm_left": {
					"rotation": {
						"0.0": {
							"post": [4.50432, 19.50645, 30.77463],
							"lerp_mode": "catmullrom"
						},
						"0.24": {
							"post": [2.71994, 19.82169, 25.47532],
							"lerp_mode": "catmullrom"
						},
						"0.52": {
							"post": [17.90468, -29.69752, 30.76778],
							"lerp_mode": "catmullrom"
						},
						"0.8": {
							"post": [27.85354, 14.06707, -18.58374],
							"lerp_mode": "catmullrom"
						},
						"1.08": {
							"post": [4.50432, 19.50645, 30.77463],
							"lerp_mode": "catmullrom"
						}
					}
				},
				"forearm_left": {
					"rotation": {
						"0.0": {
							"post": [69.7141, 33.80552, 47.40373],
							"lerp_mode": "catmullrom"
						},
						"0.24": {
							"post": [73.14911, -0.44845, 64.38243],
							"lerp_mode": "catmullrom"
						},
						"0.52": {
							"post": [95.06381, 21.38105, 51.79481],
							"lerp_mode": "catmullrom"
						},
						"0.8": {
							"post": [71.67435, 29.43991, 67.98045],
							"lerp_mode": "catmullrom"
						},
						"1.08": {
							"post": [69.7141, 33.80552, 47.40373],
							"lerp_mode": "catmullrom"
						}
					}
				},
				"hair_left": {
					"rotation": {
						"0.0": {
							"post": [-20, -60, 0],
							"lerp_mode": "catmullrom"
						},
						"0.52": {
							"post": [11.70271, -61.32634, -36.07971],
							"lerp_mode": "catmullrom"
						},
						"1.08": {
							"post": [-20, -60, 0],
							"lerp_mode": "catmullrom"
						}
					}
				},
				"hair_right": {
					"rotation": {
						"0.0": {
							"post": [-20, 60, 0],
							"lerp_mode": "catmullrom"
						},
						"0.52": {
							"post": [11.70271, 61.32634, 36.07971],
							"lerp_mode": "catmullrom"
						},
						"1.08": {
							"post": [-20, 60, 0],
							"lerp_mode": "catmullrom"
						}
					}
				},
				"hand_left": {
					"rotation": {
						"0.0": {
							"post": [-12.5, 0, 0],
							"lerp_mode": "catmullrom"
						}
					}
				},
				"thumb_left": {
					"rotation": {
						"0.0": {
							"post": [47.5, 0, 0],
							"lerp_mode": "catmullrom"
						}
					}
				},
				"fingers_left": {
					"rotation": {
						"0.0": {
							"post": [-4.95744, 0.65182, 107.47178],
							"lerp_mode": "catmullrom"
						}
					}
				},
				"leg_2_left": {
					"rotation": {
						"0.0": {
							"post": [23.6834, -7.83123, 21.10827],
							"lerp_mode": "catmullrom"
						},
						"0.24": {
							"post": [81.59007, 20.84612, 3.75082],
							"lerp_mode": "catmullrom"
						},
						"0.52": {
							"post": [37.10123, 3.8284, 1.97658],
							"lerp_mode": "catmullrom"
						},
						"0.8": {
							"post": [85.91456, 11.65362, 27.06478],
							"lerp_mode": "catmullrom"
						},
						"1.08": {
							"post": [23.6834, -7.83123, 21.10827],
							"lerp_mode": "catmullrom"
						}
					}
				},
				"foot_left": {
					"rotation": {
						"0.0": {
							"post": [-41.6336, -3.02243, 15.77907],
							"lerp_mode": "catmullrom"
						},
						"0.24": {
							"post": [-68.36586, -16.4664, 26.73136],
							"lerp_mode": "catmullrom"
						},
						"0.52": {
							"post": [26.21224, -8.30846, 6.43655],
							"lerp_mode": "catmullrom"
						},
						"0.8": {
							"post": [-44.0373, -9.96414, 23.32223],
							"lerp_mode": "catmullrom"
						},
						"1.08": {
							"post": [-41.6336, -3.02243, 15.77907],
							"lerp_mode": "catmullrom"
						}
					},
					"position": {
						"0.52": {
							"pre": [0, 0, 0],
							"post": [0, 0, 0],
							"lerp_mode": "catmullrom"
						},
						"0.68": {
							"post": [0, 0.5, 0],
							"lerp_mode": "catmullrom"
						},
						"0.8": {
							"post": [0, 0, 0],
							"lerp_mode": "catmullrom"
						}
					}
				},
				"leg_2_right": {
					"rotation": {
						"0.0": {
							"post": [23.6834, 7.83123, -21.10827],
							"lerp_mode": "catmullrom"
						},
						"0.24": {
							"post": [81.59007, -20.84612, -3.75082],
							"lerp_mode": "catmullrom"
						},
						"0.52": {
							"post": [37.10123, -3.8284, -1.97658],
							"lerp_mode": "catmullrom"
						},
						"0.8": {
							"post": [85.91456, -11.65362, -27.06478],
							"lerp_mode": "catmullrom"
						},
						"1.08": {
							"post": [23.6834, 7.83123, -21.10827],
							"lerp_mode": "catmullrom"
						}
					}
				},
				"foot_right": {
					"rotation": {
						"0.0": {
							"post": [-41.6336, 3.02243, -15.77907],
							"lerp_mode": "catmullrom"
						},
						"0.24": {
							"post": [-68.36586, 16.4664, -26.73136],
							"lerp_mode": "catmullrom"
						},
						"0.52": {
							"post": [26.21224, 8.30846, -6.43655],
							"lerp_mode": "catmullrom"
						},
						"0.8": {
							"post": [-44.0373, 9.96414, -23.32223],
							"lerp_mode": "catmullrom"
						},
						"1.08": {
							"post": [-41.6336, 3.02243, -15.77907],
							"lerp_mode": "catmullrom"
						}
					},
					"position": {
						"0.52": {
							"pre": [0, 0, 0],
							"post": [0, 0, 0],
							"lerp_mode": "catmullrom"
						},
						"0.68": {
							"post": [0, 0.5, 0],
							"lerp_mode": "catmullrom"
						},
						"0.8": {
							"post": [0, 0, 0],
							"lerp_mode": "catmullrom"
						}
					}
				},
				"beard_front": {
					"rotation": {
						"0.0": {
							"post": [0, 0, 0],
							"lerp_mode": "catmullrom"
						},
						"0.24": {
							"post": [7.5, 0, 0],
							"lerp_mode": "catmullrom"
						},
						"0.52": {
							"post": [20, 0, 0],
							"lerp_mode": "catmullrom"
						},
						"0.8": {
							"post": [-7.5, 0, 0],
							"lerp_mode": "catmullrom"
						},
						"1.08": {
							"post": [0, 0, 0],
							"lerp_mode": "catmullrom"
						}
					},
					"position": {
						"0.0": {
							"post": [0, 0, 0],
							"lerp_mode": "catmullrom"
						},
						"1.08": {
							"post": [0, 0, 0],
							"lerp_mode": "catmullrom"
						}
					}
				},
				"beard_back": {
					"rotation": {
						"0.0": {
							"post": [30, 0, 0],
							"lerp_mode": "catmullrom"
						},
						"0.52": {
							"post": [52.5, 0, 0],
							"lerp_mode": "catmullrom"
						},
						"1.08": {
							"post": [30, 0, 0],
							"lerp_mode": "catmullrom"
						}
					}
				},
				"beard_2_front": {
					"rotation": {
						"0.0": {
							"post": [0, 0, 0],
							"lerp_mode": "catmullrom"
						},
						"0.24": {
							"post": [5, 0, 0],
							"lerp_mode": "catmullrom"
						},
						"0.52": {
							"post": [7.5, 0, 0],
							"lerp_mode": "catmullrom"
						},
						"0.8": {
							"post": [-12.5, 0, 0],
							"lerp_mode": "catmullrom"
						},
						"1.08": {
							"post": [0, 0, 0],
							"lerp_mode": "catmullrom"
						}
					},
					"position": {
						"0.0": {
							"post": [0, 0, 0],
							"lerp_mode": "catmullrom"
						},
						"1.08": {
							"post": [0, 0, 0],
							"lerp_mode": "catmullrom"
						}
					}
				},
				"beard_2_back": {
					"rotation": {
						"0.0": {
							"post": [37.5, 0, 0],
							"lerp_mode": "catmullrom"
						},
						"0.52": {
							"post": [50, 0, 0],
							"lerp_mode": "catmullrom"
						},
						"1.08": {
							"post": [37.5, 0, 0],
							"lerp_mode": "catmullrom"
						}
					}
				},
				"arm_right": {
					"rotation": {
						"0.0": {
							"post": [4.50432, -19.50645, -30.77463],
							"lerp_mode": "catmullrom"
						},
						"0.24": {
							"post": [2.71994, -19.82169, -25.47532],
							"lerp_mode": "catmullrom"
						},
						"0.52": {
							"post": [17.90468, 29.69752, -30.76778],
							"lerp_mode": "catmullrom"
						},
						"0.8": {
							"post": [27.85354, -14.06707, 18.58374],
							"lerp_mode": "catmullrom"
						},
						"1.08": {
							"post": [4.50432, -19.50645, -30.77463],
							"lerp_mode": "catmullrom"
						}
					}
				},
				"forearm_right": {
					"rotation": {
						"0.0": {
							"post": [69.7141, -33.80552, -47.40373],
							"lerp_mode": "catmullrom"
						},
						"0.24": {
							"post": [73.14911, 0.44845, -64.38243],
							"lerp_mode": "catmullrom"
						},
						"0.52": {
							"post": [95.06381, -21.38105, -51.79481],
							"lerp_mode": "catmullrom"
						},
						"0.8": {
							"post": [71.67435, -29.43991, -67.98045],
							"lerp_mode": "catmullrom"
						},
						"1.08": {
							"post": [69.7141, -33.80552, -47.40373],
							"lerp_mode": "catmullrom"
						}
					}
				},
				"hand_right": {
					"rotation": {
						"0.0": {
							"post": [-12.5, 0, 0],
							"lerp_mode": "catmullrom"
						}
					}
				},
				"fingers_right": {
					"rotation": {
						"0.0": {
							"post": [-4.95744, -0.65182, -107.47178],
							"lerp_mode": "catmullrom"
						}
					}
				},
				"thumb_right": {
					"rotation": {
						"0.0": {
							"post": [47.5, 0, 0],
							"lerp_mode": "catmullrom"
						}
					}
				},
				"hair_tuff_middle": {
					"rotation": {
						"0.0": {
							"post": [17.5, 0, 0],
							"lerp_mode": "catmullrom"
						},
						"0.52": {
							"post": [7.5, 0, 0],
							"lerp_mode": "catmullrom"
						},
						"1.08": {
							"post": [17.5, 0, 0],
							"lerp_mode": "catmullrom"
						}
					}
				},
				"hair_tuff_back": {
					"rotation": {
						"0.0": {
							"post": [-15, 0, 0],
							"lerp_mode": "catmullrom"
						},
						"0.52": {
							"post": [-22.5, 0, 0],
							"lerp_mode": "catmullrom"
						},
						"1.08": {
							"post": [-15, 0, 0],
							"lerp_mode": "catmullrom"
						}
					}
				},
				"hair_tuff_2_right": {
					"rotation": {
						"0.0": {
							"post": [-12.5, 0, 0],
							"lerp_mode": "catmullrom"
						},
						"0.52": {
							"post": [-27.5, 0, 0],
							"lerp_mode": "catmullrom"
						},
						"1.08": {
							"post": [-12.5, 0, 0],
							"lerp_mode": "catmullrom"
						}
					}
				},
				"hair_tuff_3_right": {
					"rotation": {
						"0.0": {
							"post": [-25.25766, -11.2531, -22.47096],
							"lerp_mode": "catmullrom"
						},
						"0.52": {
							"post": [-35.25766, -11.2531, -22.47096],
							"lerp_mode": "catmullrom"
						},
						"1.08": {
							"post": [-25.25766, -11.2531, -22.47096],
							"lerp_mode": "catmullrom"
						}
					}
				},
				"hair_tuff_2_left": {
					"rotation": {
						"0.0": {
							"post": [-12.5, 0, 0],
							"lerp_mode": "catmullrom"
						},
						"0.52": {
							"post": [-27.5, 0, 0],
							"lerp_mode": "catmullrom"
						},
						"1.08": {
							"post": [-12.5, 0, 0],
							"lerp_mode": "catmullrom"
						}
					}
				},
				"hair_tuff_3_left": {
					"rotation": {
						"0.0": {
							"post": [-25.25766, 11.2531, 22.47096],
							"lerp_mode": "catmullrom"
						},
						"0.52": {
							"post": [-35.25766, 11.2531, 22.47096],
							"lerp_mode": "catmullrom"
						},
						"1.08": {
							"post": [-25.25766, 11.2531, 22.47096],
							"lerp_mode": "catmullrom"
						}
					}
				},
				"all": {
					"position": {
						"0.08": {
							"pre": [0, -2.5, 0],
							"post": [0, -2.5, 0],
							"lerp_mode": "catmullrom"
						},
						"0.32": {
							"post": [0, -1.5, 0],
							"lerp_mode": "catmullrom"
						},
						"0.6": {
							"post": [0, -2.5, 0],
							"lerp_mode": "catmullrom"
						}
					}
				},
				"hair_strand_3_left": {
					"rotation": {
						"0.0": {
							"post": [22.5, 0, 0],
							"lerp_mode": "catmullrom"
						},
						"0.52": {
							"post": [12.5, 0, 0],
							"lerp_mode": "catmullrom"
						},
						"1.08": {
							"post": [22.5, 0, 0],
							"lerp_mode": "catmullrom"
						}
					}
				},
				"hair_strand_2_right": {
					"rotation": {
						"0.0": {
							"post": [12.5, 0, 0],
							"lerp_mode": "catmullrom"
						},
						"0.52": {
							"post": [7.5, 0, 0],
							"lerp_mode": "catmullrom"
						},
						"1.08": {
							"post": [12.5, 0, 0],
							"lerp_mode": "catmullrom"
						}
					}
				},
				"floating_hair_right": {
					"rotation": {
						"0.0": {
							"post": [-25, 0, 0],
							"lerp_mode": "catmullrom"
						},
						"0.28": {
							"post": [7.5, 0, 0],
							"lerp_mode": "catmullrom"
						},
						"0.52": {
							"post": [-25, 0, 0],
							"lerp_mode": "catmullrom"
						},
						"0.8": {
							"post": [7.5, 0, 0],
							"lerp_mode": "catmullrom"
						},
						"1.08": {
							"post": [-25, 0, 0],
							"lerp_mode": "catmullrom"
						}
					}
				},
				"hair_strand_2_left": {
					"rotation": {
						"0.0": {
							"post": [12.5, 0, 0],
							"lerp_mode": "catmullrom"
						},
						"0.52": {
							"post": [7.5, 0, 0],
							"lerp_mode": "catmullrom"
						},
						"1.08": {
							"post": [12.5, 0, 0],
							"lerp_mode": "catmullrom"
						}
					}
				},
				"floating_hair_left": {
					"rotation": {
						"0.0": {
							"post": [-25, 0, 0],
							"lerp_mode": "catmullrom"
						},
						"0.28": {
							"post": [7.5, 0, 0],
							"lerp_mode": "catmullrom"
						},
						"0.52": {
							"post": [-25, 0, 0],
							"lerp_mode": "catmullrom"
						},
						"0.8": {
							"post": [7.5, 0, 0],
							"lerp_mode": "catmullrom"
						},
						"1.08": {
							"post": [-25, 0, 0],
							"lerp_mode": "catmullrom"
						}
					}
				},
				"hair_strand_middle": {
					"rotation": {
						"0.0": {
							"post": [-22.5, 0, 0],
							"lerp_mode": "catmullrom"
						},
						"0.52": {
							"post": [-30, 0, 0],
							"lerp_mode": "catmullrom"
						},
						"1.08": {
							"post": [-22.5, 0, 0],
							"lerp_mode": "catmullrom"
						}
					}
				},
				"floating_hair_middle": {
					"rotation": {
						"0.0": {
							"post": [-25, 0, 0],
							"lerp_mode": "catmullrom"
						},
						"0.28": {
							"post": [7.5, 0, 0],
							"lerp_mode": "catmullrom"
						},
						"0.52": {
							"post": [-25, 0, 0],
							"lerp_mode": "catmullrom"
						},
						"0.8": {
							"post": [7.5, 0, 0],
							"lerp_mode": "catmullrom"
						},
						"1.08": {
							"post": [-25, 0, 0],
							"lerp_mode": "catmullrom"
						}
					}
				},
				"hair_strand_back": {
					"rotation": {
						"0.0": {
							"post": [-32.5, 0, 0],
							"lerp_mode": "catmullrom"
						},
						"0.52": {
							"post": [-42.5, 0, 0],
							"lerp_mode": "catmullrom"
						},
						"1.08": {
							"post": [-32.5, 0, 0],
							"lerp_mode": "catmullrom"
						}
					}
				}
			}
		},
		"animation.annihilape.sleep": {
			"loop": true,
			"bones": {
				"leg_left": {
					"rotation": [-32.49858, -21.46902, -41.87573]
				},
				"leg_right": {
					"rotation": [-32.49858, 21.46902, 41.87573]
				},
				"arm_left": {
					"rotation": [33.02402, 43.7263, 48.90653]
				},
				"forearm_left": {
					"rotation": [105.49183, 57.28452, 92.67102],
					"position": [1, 1, -1]
				},
				"hair_left": {
					"rotation": ["8 * math.cos((query.anim_time - 0.2) * 60 ) - 20.4", -52.83839, -25.70466]
				},
				"hair_right": {
					"rotation": ["8 * math.cos((query.anim_time - 0.2) * 60 ) - 20.4", 52.83839, 25.70466]
				},
				"hand_left": {
					"rotation": [-8.43432, 19.7426, -66.94213]
				},
				"thumb_left": {
					"rotation": [162.5, 0, 0]
				},
				"fingers_left": {
					"rotation": [-6.50446, -3.74196, -29.78729]
				},
				"leg_2_left": {
					"rotation": [0, 0, 92.5]
				},
				"foot_left": {
					"rotation": [71.18391, -33.77155, 0.39117]
				},
				"leg_2_right": {
					"rotation": [0, 0, -92.5]
				},
				"foot_right": {
					"rotation": [109.71783, -1.15408, -22.52234]
				},
				"beard_front": {
					"rotation": [15, 0, 0]
				},
				"beard_back": {
					"rotation": ["8 * math.cos((query.anim_time - 0.8) * 120 ) + 12.5", 0, 0]
				},
				"beard_2_front": {
					"rotation": [27.5, 0, 0]
				},
				"beard_2_back": {
					"rotation": ["8 * math.cos((query.anim_time - 0.4) * 120 ) + 12.5", 0, 0]
				},
				"arm_right": {
					"rotation": [33.02402, -43.7263, -48.90653]
				},
				"forearm_right": {
					"rotation": [105.49183, -57.28452, -92.67102],
					"position": [-1, 1, -1]
				},
				"hand_right": {
					"rotation": [-8.43432, -19.7426, 66.94213]
				},
				"fingers_right": {
					"rotation": [-6.50446, 3.74196, 29.78729]
				},
				"thumb_right": {
					"rotation": [162.5, 0, 0]
				},
				"hair_tuff_middle": {
					"rotation": ["5 * math.cos((query.anim_time - 0.4) * 120 ) + 12.5", 0, 0]
				},
				"hair_tuff_back": {
					"rotation": ["5 * math.cos(query.anim_time * 120 ) -8", 0, 0]
				},
				"hair_tuff_2_right": {
					"rotation": ["5 * math.cos((query.anim_time - 0.2) * 120 ) - 17.5", -0.75155, -2.38443]
				},
				"hair_tuff_3_right": {
					"rotation": ["5 * math.cos(query.anim_time * 120 )", 0, -30]
				},
				"hair_tuff_2_left": {
					"rotation": ["5 * math.cos((query.anim_time - 0.2) * 120 ) - 17.5", 0.75155, 2.38443]
				},
				"hair_tuff_3_left": {
					"rotation": ["5 * math.cos(query.anim_time * 120 )", 0, 30]
				},
				"eye_right": {
					"position": [0, 0, 1]
				},
				"eye_left": {
					"position": [0, 0, 1]
				},
				"all": {
					"position": [0, "1 * math.cos((query.anim_time - 0.4) * 60 ) +1.5", 0]
				},
				"hair_strand_3_left": {
					"rotation": ["8 * math.cos((query.anim_time - 0.2) * 120 )", 0, 0]
				},
				"hair_strand_3_right": {
					"rotation": [20, 0, 0]
				},
				"hair_strand_2_right": {
					"rotation": ["8 * math.cos((query.anim_time - 0.4) * 120 ) + 12.5", 0, 0]
				},
				"floating_hair_right": {
					"rotation": ["8 * math.cos((query.anim_time - 0.4) * 240 ) + 47.5", 0, 0],
					"position": [0, 10, -3]
				},
				"hair_strand_2_left": {
					"rotation": ["8 * math.cos((query.anim_time - 0.4) * 120 ) + 12.5", 0, 0]
				},
				"floating_hair_left": {
					"rotation": ["8 * math.cos((query.anim_time - 0.4) * 240 ) + 47.5", 0, 0],
					"position": [0, 10, -3]
				},
				"hair_strand_middle": {
					"rotation": ["10 * math.cos((query.anim_time - 0.6) * 120 ) + 12.5", 0, 0]
				},
				"floating_hair_middle": {
					"rotation": ["8 * math.cos((query.anim_time - 0.8) * 240 ) + 20", 0, 0],
					"position": [0, 4, -2]
				},
				"hair_strand_back": {
					"rotation": ["8 * math.cos((query.anim_time - 0.4) * 120 ) + 12.5", 0, 0]
				}
			}
		},
		"animation.annihilape.faint": {
			"animation_length": 2.885,
			"bones": {
				"body": {
					"rotation": {
						"0.0": {
							"post": [5, 0, 0],
							"lerp_mode": "catmullrom"
						},
						"0.4": {
							"post": [0, 0, 0],
							"lerp_mode": "catmullrom"
						},
						"0.88": {
							"post": [17.5, 0, 0],
							"lerp_mode": "catmullrom"
						},
						"2.76": {
							"post": [20, 0, 0],
							"lerp_mode": "catmullrom"
						}
					}
				},
				"leg_left": {
					"rotation": [-62.5, -45, 0],
					"position": [0.5, 0, 0]
				},
				"leg_right": {
					"rotation": [-62.5, 45, 0],
					"position": [-0.5, 0, 0]
				},
				"arm_left": {
					"rotation": {
						"0.0": {
							"post": [0, 0, 17.5],
							"lerp_mode": "catmullrom"
						},
						"0.48": {
							"post": [0, -7.5, 17.5],
							"lerp_mode": "catmullrom"
						},
						"0.84": {
							"post": [-13.46783, 32.61461, -6.4568],
							"lerp_mode": "catmullrom"
						},
						"1.0": {
							"post": [0, 35, 17.5],
							"lerp_mode": "catmullrom"
						}
					},
					"position": {
						"0.84": {
							"pre": [0, 0, 0],
							"post": [0, 0, 0],
							"lerp_mode": "catmullrom"
						}
					}
				},
				"forearm_left": {
					"rotation": {
						"0.0": {
							"post": [24.36194, 45.58441, 46.17244],
							"lerp_mode": "catmullrom"
						},
						"0.48": {
							"post": [21.0045, 36.35047, 41.07004],
							"lerp_mode": "catmullrom"
						},
						"1.0": {
							"post": [33.27364, 17.26892, 42.54618],
							"lerp_mode": "catmullrom"
						},
						"1.4": {
							"post": [33.27364, 17.26892, 42.54618],
							"lerp_mode": "catmullrom"
						}
					}
				},
				"hair_left": {
					"rotation": {
						"0.0": {
							"post": [-27.5, -55, 0],
							"lerp_mode": "catmullrom"
						},
						"0.44": {
							"post": [-40, -55, 0],
							"lerp_mode": "catmullrom"
						},
						"0.72": {
							"post": [-22.5, -55, 0],
							"lerp_mode": "catmullrom"
						},
						"1.12": {
							"post": [4.63764, -47.70652, -16.30641],
							"lerp_mode": "catmullrom"
						},
						"1.76": {
							"post": [12.26719, -21.05115, -7.92322],
							"lerp_mode": "catmullrom"
						},
						"2.72": {
							"post": [19.07571, -8.81847, -5.25587],
							"lerp_mode": "catmullrom"
						}
					}
				},
				"hair_right": {
					"rotation": {
						"0.0": {
							"post": [-27.5, 55, 0],
							"lerp_mode": "catmullrom"
						},
						"0.44": {
							"post": [-40, 55, 0],
							"lerp_mode": "catmullrom"
						},
						"0.72": {
							"post": [-22.5, 55, 0],
							"lerp_mode": "catmullrom"
						},
						"1.12": {
							"post": [4.63764, 47.70652, 16.30641],
							"lerp_mode": "catmullrom"
						},
						"1.76": {
							"post": [12.26719, 21.05115, 7.92322],
							"lerp_mode": "catmullrom"
						},
						"2.72": {
							"post": [19.07571, 8.81847, 5.25587],
							"lerp_mode": "catmullrom"
						}
					}
				},
				"hand_left": {
					"rotation": {
						"0.48": {
							"pre": [0, 0, 0],
							"post": [0, 0, 0],
							"lerp_mode": "catmullrom"
						},
						"0.84": {
							"post": [0, 0, 15],
							"lerp_mode": "catmullrom"
						}
					}
				},
				"thumb_left": {
					"rotation": {
						"0.0": {
							"post": [40, 0, 0],
							"lerp_mode": "catmullrom"
						},
						"0.48": {
							"post": [35, 0, 0],
							"lerp_mode": "catmullrom"
						},
						"0.84": {
							"post": [40, 0, 0],
							"lerp_mode": "catmullrom"
						},
						"1.0": {
							"post": [41.34198, -13.31791, -11.45696],
							"lerp_mode": "catmullrom"
						}
					}
				},
				"fingers_left": {
					"rotation": {
						"0.0": {
							"post": [0, 0, 37.5],
							"lerp_mode": "catmullrom"
						},
						"0.48": {
							"post": [0, 0, 32.5],
							"lerp_mode": "catmullrom"
						},
						"0.84": {
							"post": [0, 0, 42.5],
							"lerp_mode": "catmullrom"
						},
						"1.0": {
							"post": [0, 0, 72.5],
							"lerp_mode": "catmullrom"
						}
					}
				},
				"leg_2_left": {
					"rotation": [72.5, 0, 0]
				},
				"foot_left": {
					"rotation": [-10, 0, 0]
				},
				"leg_2_right": {
					"rotation": [72.5, 0, 0]
				},
				"foot_right": {
					"rotation": [-10, 0, 0]
				},
				"arm_right": {
					"rotation": {
						"0.0": {
							"post": [0, 0, -17.5],
							"lerp_mode": "catmullrom"
						},
						"0.28": {
							"post": [0, -37.5, -17.5],
							"lerp_mode": "catmullrom"
						},
						"0.96": {
							"post": [0, -37.5, -17.5],
							"lerp_mode": "catmullrom"
						}
					}
				},
				"forearm_right": {
					"rotation": {
						"0.0": {
							"post": [24.36194, -45.58441, -46.17244],
							"lerp_mode": "catmullrom"
						},
						"0.28": {
							"post": [33.33128, -50.64498, -79.00561],
							"lerp_mode": "catmullrom"
						},
						"0.56": {
							"post": [54.78544, -31.75518, -116.16402],
							"lerp_mode": "catmullrom"
						},
						"0.88": {
							"post": [54.79, -31.76, -116.16],
							"lerp_mode": "catmullrom"
						},
						"1.8": {
							"post": [48.74221, -33.65458, -114.22129],
							"lerp_mode": "catmullrom"
						}
					}
				},
				"hand_right": {
					"rotation": {
						"0.36": {
							"pre": [0, 0, 0],
							"post": [0, 0, 0],
							"lerp_mode": "catmullrom"
						},
						"0.56": {
							"post": [-15, 0, 0],
							"lerp_mode": "catmullrom"
						}
					}
				},
				"fingers_right": {
					"rotation": {
						"0.0": {
							"post": [0, 0, -37.5],
							"lerp_mode": "catmullrom"
						},
						"0.28": {
							"post": [0, 0, -27.5],
							"lerp_mode": "catmullrom"
						},
						"0.56": {
							"post": [0, 0, -17.5],
							"lerp_mode": "catmullrom"
						}
					}
				},
				"thumb_right": {
					"rotation": {
						"0.0": {
							"post": [40, 0, 0],
							"lerp_mode": "catmullrom"
						},
						"0.56": {
							"post": [2.5, 0, 0],
							"lerp_mode": "catmullrom"
						}
					}
				},
				"hair_tuff_middle": {
					"rotation": {
						"0.0": {
							"post": [15, 0, 0],
							"lerp_mode": "catmullrom"
						},
						"0.36": {
							"post": [22.5, 0, 0],
							"lerp_mode": "catmullrom"
						},
						"0.76": {
							"post": [7.5, 0, 0],
							"lerp_mode": "catmullrom"
						},
						"1.24": {
							"post": [17.5, 0, 0],
							"lerp_mode": "catmullrom"
						},
						"1.96": {
							"post": [22.5, 0, 0],
							"lerp_mode": "catmullrom"
						},
						"2.8": {
							"post": [25, 0, 0],
							"lerp_mode": "catmullrom"
						}
					}
				},
				"hair_tuff_back": {
					"rotation": {
						"0.0": {
							"post": [-22.5, 0, 0],
							"lerp_mode": "catmullrom"
						},
						"0.36": {
							"post": [-15, 0, 0],
							"lerp_mode": "catmullrom"
						},
						"0.76": {
							"post": [-27.5, 0, 0],
							"lerp_mode": "catmullrom"
						},
						"1.24": {
							"post": [-30, 0, 0],
							"lerp_mode": "catmullrom"
						},
						"1.96": {
							"post": [-32.5, 0, 0],
							"lerp_mode": "catmullrom"
						},
						"2.84": {
							"post": [-35, 0, 0],
							"lerp_mode": "catmullrom"
						}
					}
				},
				"hair_tuff_2_right": {
					"rotation": {
						"0.0": {
							"post": [-20, 0, 0],
							"lerp_mode": "catmullrom"
						},
						"0.44": {
							"post": [-7.5, 0, 0],
							"lerp_mode": "catmullrom"
						},
						"0.84": {
							"post": [-45, 0, 0],
							"lerp_mode": "catmullrom"
						},
						"1.32": {
							"post": [-32.5, 0, 0],
							"lerp_mode": "catmullrom"
						},
						"2.16": {
							"post": [-45, 0, 0],
							"lerp_mode": "catmullrom"
						},
						"2.76": {
							"post": [-57.5, 0, 0],
							"lerp_mode": "catmullrom"
						}
					}
				},
				"hair_tuff_3_right": {
					"rotation": {
						"0.0": {
							"post": [-6.11073, 4.59902, -27.14233],
							"lerp_mode": "catmullrom"
						},
						"0.44": {
							"post": [3.88927, 4.59902, -27.14233],
							"lerp_mode": "catmullrom"
						},
						"0.72": {
							"post": [-36.11073, 4.59902, -27.14233],
							"lerp_mode": "catmullrom"
						},
						"1.12": {
							"post": [-61.11073, 4.59902, -27.14233],
							"lerp_mode": "catmullrom"
						},
						"1.76": {
							"post": [-68.61073, 4.59902, -27.14233],
							"lerp_mode": "catmullrom"
						},
						"2.72": {
							"post": [-71.11073, 4.59902, -27.14233],
							"lerp_mode": "catmullrom"
						}
					}
				},
				"hair_tuff_2_left": {
					"rotation": {
						"0.0": {
							"post": [-20, 0, 0],
							"lerp_mode": "catmullrom"
						},
						"0.44": {
							"post": [-7.5, 0, 0],
							"lerp_mode": "catmullrom"
						},
						"0.84": {
							"post": [-45, 0, 0],
							"lerp_mode": "catmullrom"
						},
						"1.32": {
							"post": [-32.5, 0, 0],
							"lerp_mode": "catmullrom"
						},
						"2.16": {
							"post": [-45, 0, 0],
							"lerp_mode": "catmullrom"
						},
						"2.76": {
							"post": [-57.5, 0, 0],
							"lerp_mode": "catmullrom"
						}
					}
				},
				"hair_tuff_3_left": {
					"rotation": {
						"0.0": {
							"post": [-6.11073, -4.59902, 27.14233],
							"lerp_mode": "catmullrom"
						},
						"0.44": {
							"post": [3.88927, -4.59902, 27.14233],
							"lerp_mode": "catmullrom"
						},
						"0.72": {
							"post": [-36.11073, -4.59902, 27.14233],
							"lerp_mode": "catmullrom"
						},
						"1.12": {
							"post": [-61.11073, -4.59902, 27.14233],
							"lerp_mode": "catmullrom"
						},
						"1.76": {
							"post": [-68.61073, -4.59902, 27.14233],
							"lerp_mode": "catmullrom"
						},
						"2.72": {
							"post": [-71.11073, -4.59902, 27.14233],
							"lerp_mode": "catmullrom"
						}
					}
				},
				"eye_right": {
					"position": [0, 0, 1]
				},
				"eye_left": {
					"position": [0, 0, 1]
				},
				"all": {
					"position": [0, -1.75, 0]
				},
				"hair_strand_3_left": {
					"rotation": {
						"0.0": {
							"post": [7.5, 0, 0],
							"lerp_mode": "catmullrom"
						},
						"0.4": {
							"post": [-10, 0, 0],
							"lerp_mode": "catmullrom"
						},
						"0.72": {
							"post": [37.5, 0, 0],
							"lerp_mode": "catmullrom"
						},
						"1.24": {
							"post": [60, 0, 0],
							"lerp_mode": "catmullrom"
						},
						"2.0": {
							"post": [37.5, 0, 0],
							"lerp_mode": "catmullrom"
						},
						"2.76": {
							"post": [17.5, 0, 0],
							"lerp_mode": "catmullrom"
						}
					}
				},
				"hair_strand_3_right": {
					"rotation": {
						"0.0": {
							"post": [7.5, 0, 0],
							"lerp_mode": "catmullrom"
						},
						"0.4": {
							"post": [-10, 0, 0],
							"lerp_mode": "catmullrom"
						},
						"0.72": {
							"post": [37.5, 0, 0],
							"lerp_mode": "catmullrom"
						},
						"1.24": {
							"post": [60, 0, 0],
							"lerp_mode": "catmullrom"
						},
						"2.0": {
							"post": [37.5, 0, 0],
							"lerp_mode": "catmullrom"
						},
						"2.76": {
							"post": [17.5, 0, 0],
							"lerp_mode": "catmullrom"
						}
					}
				},
				"hair_strand_2_right": {
					"rotation": {
						"0.0": {
							"post": [27.5, 0, 0],
							"lerp_mode": "catmullrom"
						},
						"0.4": {
							"post": [15, 0, 0],
							"lerp_mode": "catmullrom"
						},
						"0.84": {
							"post": [57.5, 0, 0],
							"lerp_mode": "catmullrom"
						},
						"1.24": {
							"post": [40, 0, 0],
							"lerp_mode": "catmullrom"
						},
						"1.8": {
							"post": [57.5, 0, 0],
							"lerp_mode": "catmullrom"
						},
						"2.44": {
							"post": [25, 0, 0],
							"lerp_mode": "catmullrom"
						},
						"2.84": {
							"post": [20, 0, 0],
							"lerp_mode": "catmullrom"
						}
					}
				},
				"floating_hair_right": {
					"rotation": {
						"0.0": {
							"post": [0, 0, 0],
							"lerp_mode": "catmullrom"
						},
						"1.16": {
							"post": [-32.5, 0, 0],
							"lerp_mode": "catmullrom"
						},
						"2.12": {
							"post": [-52.5, 0, 0],
							"lerp_mode": "catmullrom"
						},
						"2.88": {
							"post": [-87.5, 0, 0],
							"lerp_mode": "catmullrom"
						}
					},
					"position": {
						"0.0": {
							"post": [0, 0, 0],
							"lerp_mode": "catmullrom"
						},
						"2.12": {
							"post": [0, -2, 2],
							"lerp_mode": "catmullrom"
						},
						"2.88": {
							"post": [0, -4, 5],
							"lerp_mode": "catmullrom"
						}
					}
				},
				"hair_strand_2_left": {
					"rotation": {
						"0.0": {
							"post": [27.5, 0, 0],
							"lerp_mode": "catmullrom"
						},
						"0.4": {
							"post": [15, 0, 0],
							"lerp_mode": "catmullrom"
						},
						"0.84": {
							"post": [57.5, 0, 0],
							"lerp_mode": "catmullrom"
						},
						"1.24": {
							"post": [40, 0, 0],
							"lerp_mode": "catmullrom"
						},
						"1.8": {
							"post": [57.5, 0, 0],
							"lerp_mode": "catmullrom"
						},
						"2.44": {
							"post": [25, 0, 0],
							"lerp_mode": "catmullrom"
						},
						"2.84": {
							"post": [20, 0, 0],
							"lerp_mode": "catmullrom"
						}
					}
				},
				"floating_hair_left": {
					"rotation": {
						"0.0": {
							"post": [0, 0, 0],
							"lerp_mode": "catmullrom"
						},
						"1.16": {
							"post": [-32.5, 0, 0],
							"lerp_mode": "catmullrom"
						},
						"2.12": {
							"post": [-52.5, 0, 0],
							"lerp_mode": "catmullrom"
						},
						"2.88": {
							"post": [-87.5, 0, 0],
							"lerp_mode": "catmullrom"
						}
					},
					"position": {
						"0.0": {
							"post": [0, 0, 0],
							"lerp_mode": "catmullrom"
						},
						"2.12": {
							"post": [0, -4, 3],
							"lerp_mode": "catmullrom"
						},
						"2.88": {
							"post": [0, -5, 6],
							"lerp_mode": "catmullrom"
						}
					}
				},
				"hair_strand_middle": {
					"rotation": {
						"0.0": {
							"post": [2.5, 0, 0],
							"lerp_mode": "catmullrom"
						},
						"0.44": {
							"post": [15, 0, 0],
							"lerp_mode": "catmullrom"
						},
						"0.92": {
							"post": [-5, 0, 0],
							"lerp_mode": "catmullrom"
						},
						"1.76": {
							"post": [12.5, 0, 0],
							"lerp_mode": "catmullrom"
						},
						"2.8": {
							"post": [17.5, 0, 0],
							"lerp_mode": "catmullrom"
						}
					}
				},
				"floating_hair_middle": {
					"rotation": {
						"0.0": {
							"post": [0, 0, 0],
							"lerp_mode": "catmullrom"
						},
						"1.16": {
							"post": [-32.5, 0, 0],
							"lerp_mode": "catmullrom"
						},
						"2.12": {
							"post": [-52.5, 0, 0],
							"lerp_mode": "catmullrom"
						},
						"2.88": {
							"post": [-87.5, 0, 0],
							"lerp_mode": "catmullrom"
						}
					},
					"position": {
						"0.0": {
							"post": [0, 0, 0],
							"lerp_mode": "catmullrom"
						},
						"2.12": {
							"post": [0, -4, -2],
							"lerp_mode": "catmullrom"
						},
						"2.88": {
							"post": [0, -9, -2],
							"lerp_mode": "catmullrom"
						}
					}
				},
				"hair_strand_back": {
					"rotation": {
						"0.0": {
							"post": [12.5, 0, 0],
							"lerp_mode": "catmullrom"
						},
						"0.36": {
							"post": [15, 0, 0],
							"lerp_mode": "catmullrom"
						},
						"0.88": {
							"post": [-2.5, 0, 0],
							"lerp_mode": "catmullrom"
						},
						"1.8": {
							"post": [-15, 0, 0],
							"lerp_mode": "catmullrom"
						},
						"2.8": {
							"post": [-17.5, 0, 0],
							"lerp_mode": "catmullrom"
						}
					}
				}
			}
		}
	},
	"geckolib_format_version": 2
}