{
	"format_version": "1.8.0",
	"animations": {
		"animation.pelipper.ground_idle": {
			"loop": true,
			"animation_length": 2,
			"bones": {
				"upperbody": {
					"rotation": {
						"0.0": {
							"post": [0, 0, 0],
							"lerp_mode": "catmullrom"
						},
						"1.0": {
							"post": [-2, 0, 0],
							"lerp_mode": "catmullrom"
						},
						"2.0": {
							"post": [0, 0, 0],
							"lerp_mode": "catmullrom"
						}
					}
				},
				"leftWing": {
					"rotation": {
						"0.0": {
							"post": [0, 0, 50],
							"lerp_mode": "catmullrom"
						},
						"2.0": {
							"post": [0, 0, 50],
							"lerp_mode": "catmullrom"
						}
					}
				},
				"bone": {
					"rotation": {
						"0.0": {
							"post": [0, 0, -22.5],
							"lerp_mode": "catmullrom"
						},
						"1.0": {
							"post": [1, 0, -22.5],
							"lerp_mode": "catmullrom"
						},
						"2.0": {
							"post": [0, 0, -22.5],
							"lerp_mode": "catmullrom"
						}
					}
				},
				"bone3": {
					"rotation": {
						"0.0": {
							"post": [0, 0, -27.5],
							"lerp_mode": "catmullrom"
						},
						"1.0": {
							"post": [1, 0, -27.5],
							"lerp_mode": "catmullrom"
						},
						"2.0": {
							"post": [0, 0, -27.5],
							"lerp_mode": "catmullrom"
						}
					}
				},
				"rightWing": {
					"rotation": {
						"0.0": {
							"post": [0, 0, -50],
							"lerp_mode": "catmullrom"
						},
						"2.0": {
							"post": [0, 0, -50],
							"lerp_mode": "catmullrom"
						}
					}
				},
				"bone5": {
					"rotation": {
						"0.0": {
							"post": [0, 0, 22.5],
							"lerp_mode": "catmullrom"
						},
						"1.0": {
							"post": [1, 0, 22.5],
							"lerp_mode": "catmullrom"
						},
						"2.0": {
							"post": [0, 0, 22.5],
							"lerp_mode": "catmullrom"
						}
					}
				},
				"bone6": {
					"rotation": {
						"0.0": {
							"post": [0, 0, 27.5],
							"lerp_mode": "catmullrom"
						},
						"1.0": {
							"post": [1, 0, 27.5],
							"lerp_mode": "catmullrom"
						},
						"2.0": {
							"post": [0, 0, 27.5],
							"lerp_mode": "catmullrom"
						}
					}
				},
				"leftFoot": {
					"rotation": [0, -10, 0]
				},
				"rightFoot": {
					"rotation": [0, 10, 0]
				},
				"beakTop": {
					"rotation": {
						"0.0": {
							"post": [0, 0, 0],
							"lerp_mode": "catmullrom"
						},
						"1.0": {
							"post": [-2.5, 0, 0],
							"lerp_mode": "catmullrom"
						},
						"1.5": {
							"post": [-3, 0, 0],
							"lerp_mode": "catmullrom"
						},
						"2.0": {
							"post": [0, 0, 0],
							"lerp_mode": "catmullrom"
						}
					}
				},
				"bone2": {
					"rotation": {
						"0.0": {
							"post": [0, 0, -22.5],
							"lerp_mode": "catmullrom"
						},
						"1.0": {
							"post": [1, 0, -22.5],
							"lerp_mode": "catmullrom"
						},
						"2.0": {
							"post": [0, 0, -22.5],
							"lerp_mode": "catmullrom"
						}
					}
				}
			}
		},
		"animation.pelipper.ground_walk": {
			"loop": true,
			"animation_length": 1.33333,
			"bones": {
				"upperbody": {
					"rotation": {
						"0.0": {
							"post": [-5, 0, -5],
							"lerp_mode": "catmullrom"
						},
						"0.1667": {
							"post": [-5, 2.5, 0.63],
							"lerp_mode": "catmullrom"
						},
						"0.3333": {
							"post": [-5, 0, 5],
							"lerp_mode": "catmullrom"
						},
						"0.5": {
							"post": [-5, -2.5, -0.35],
							"lerp_mode": "catmullrom"
						},
						"0.6667": {
							"post": [-5, 0, -5],
							"lerp_mode": "catmullrom"
						},
						"0.8333": {
							"post": [-5, 2.5, 0.63],
							"lerp_mode": "catmullrom"
						},
						"1.0": {
							"post": [-5, 0, 5],
							"lerp_mode": "catmullrom"
						},
						"1.1667": {
							"post": [-5, -2.5, -0.35],
							"lerp_mode": "catmullrom"
						},
						"1.3333": {
							"post": [-5, 0, -5],
							"lerp_mode": "catmullrom"
						}
					},
					"position": {
						"0.0": {
							"post": [0, 0.5, 0],
							"lerp_mode": "catmullrom"
						},
						"0.1667": {
							"post": [0, 0, 0],
							"lerp_mode": "catmullrom"
						},
						"0.3333": {
							"post": [0, 0.5, 0],
							"lerp_mode": "catmullrom"
						},
						"0.5": {
							"post": [0, 0, 0],
							"lerp_mode": "catmullrom"
						},
						"0.6667": {
							"post": [0, 0.5, 0],
							"lerp_mode": "catmullrom"
						},
						"0.8333": {
							"post": [0, 0, 0],
							"lerp_mode": "catmullrom"
						},
						"1.0": {
							"post": [0, 0.5, 0],
							"lerp_mode": "catmullrom"
						},
						"1.1667": {
							"post": [0, 0, 0],
							"lerp_mode": "catmullrom"
						},
						"1.3333": {
							"post": [0, 0.5, 0],
							"lerp_mode": "catmullrom"
						}
					}
				},
				"leftWing": {
					"rotation": [0, 0, 10]
				},
				"bone": {
					"rotation": [0, 0, -5]
				},
				"bone3": {
					"rotation": [0, 0, -5]
				},
				"rightWing": {
					"rotation": [0, 0, -10]
				},
				"bone5": {
					"rotation": [0, 0, 5]
				},
				"bone6": {
					"rotation": [0, 0, 5]
				},
				"leftFoot": {
					"rotation": {
						"0.0": {
							"post": [0, -10, 0],
							"lerp_mode": "catmullrom"
						},
						"0.3333": {
							"post": [0, -10, 0],
							"lerp_mode": "catmullrom"
						},
						"0.5": {
							"post": [2.5, -10, 1],
							"lerp_mode": "catmullrom"
						},
						"0.5833": {
							"post": [-10, -10, 0],
							"lerp_mode": "catmullrom"
						},
						"0.6667": {
							"post": [0, -10, 0],
							"lerp_mode": "catmullrom"
						},
						"1.0": {
							"post": [5, -10, 0],
							"lerp_mode": "catmullrom"
						},
						"1.1667": {
							"post": [2.5, -10, 1],
							"lerp_mode": "catmullrom"
						},
						"1.25": {
							"post": [-10, -10, 0],
							"lerp_mode": "catmullrom"
						},
						"1.3333": {
							"post": [0, -10, 0],
							"lerp_mode": "catmullrom"
						}
					},
					"position": {
						"0.0": {
							"post": [0, 0, -2],
							"lerp_mode": "catmullrom"
						},
						"0.3333": {
							"post": [0, 0, 2],
							"lerp_mode": "catmullrom"
						},
						"0.5": {
							"post": [0, 0.2, 0.25],
							"lerp_mode": "catmullrom"
						},
						"0.6667": {
							"post": [0, 0, -2],
							"lerp_mode": "catmullrom"
						},
						"1.0": {
							"post": [0, 0.2, 2],
							"lerp_mode": "catmullrom"
						},
						"1.1667": {
							"post": [0, 0.2, 0.25],
							"lerp_mode": "catmullrom"
						},
						"1.3333": {
							"post": [0, 0, -2],
							"lerp_mode": "catmullrom"
						}
					}
				},
				"rightFoot": {
					"rotation": {
						"0.0": {
							"post": [5, 10, 0],
							"lerp_mode": "catmullrom"
						},
						"0.1667": {
							"post": [2.5, 10, 1],
							"lerp_mode": "catmullrom"
						},
						"0.25": {
							"post": [-10, 10, 0],
							"lerp_mode": "catmullrom"
						},
						"0.3333": {
							"post": [0, 10, 0],
							"lerp_mode": "catmullrom"
						},
						"0.6667": {
							"post": [5, 10, 0],
							"lerp_mode": "catmullrom"
						},
						"0.8333": {
							"post": [2.5, 10, 1],
							"lerp_mode": "catmullrom"
						},
						"0.9167": {
							"post": [-10, 10, 0],
							"lerp_mode": "catmullrom"
						},
						"1.0": {
							"post": [0, 10, 0],
							"lerp_mode": "catmullrom"
						},
						"1.3333": {
							"post": [5, 10, 0],
							"lerp_mode": "catmullrom"
						}
					},
					"position": {
						"0.0": {
							"post": [0, 0.2, 2],
							"lerp_mode": "catmullrom"
						},
						"0.1667": {
							"post": [0, 0.2, 0.25],
							"lerp_mode": "catmullrom"
						},
						"0.3333": {
							"post": [0, 0, -2],
							"lerp_mode": "catmullrom"
						},
						"0.6667": {
							"post": [0, 0, 2],
							"lerp_mode": "catmullrom"
						},
						"0.8333": {
							"post": [0, 0.2, 0.25],
							"lerp_mode": "catmullrom"
						},
						"1.0": {
							"post": [0, 0, -2],
							"lerp_mode": "catmullrom"
						},
						"1.3333": {
							"post": [0, 0.2, 2],
							"lerp_mode": "catmullrom"
						}
					}
				},
				"beakTop": {
					"rotation": {
						"0.0": {
							"post": [0, 0, 0],
							"lerp_mode": "catmullrom"
						},
						"0.1667": {
							"post": [-5, 0, 0],
							"lerp_mode": "catmullrom"
						},
						"0.6667": {
							"post": [0, 0, 0],
							"lerp_mode": "catmullrom"
						},
						"0.8333": {
							"post": [-5, 0, 0],
							"lerp_mode": "catmullrom"
						},
						"1.3333": {
							"post": [0, 0, 0],
							"lerp_mode": "catmullrom"
						}
					}
				},
				"bone2": {
					"rotation": [0, 0, -5]
				}
			}
		},
		"animation.pelipper.faint": {
			"loop": "hold_on_last_frame",
			"animation_length": 2,
			"bones": {
				"leftWing": {
					"rotation": [0, 0, 50]
				},
				"bone": {
					"rotation": [0, 0, -22.5]
				},
				"bone3": {
					"rotation": [0, 0, -27.5]
				},
				"rightWing": {
					"rotation": [0, 0, -50]
				},
				"bone5": {
					"rotation": [0, 0, 22.5]
				},
				"bone6": {
					"rotation": [0, 0, 27.5]
				},
				"bone2": {
					"rotation": [0, 0, -22.5]
				}
			}
		},
		"animation.pelipper.air_idle": {
			"loop": true,
			"animation_length": 1,
			"bones": {
				"root": {
					"position": {
						"0.0": {
							"post": [0, 0, 0],
							"lerp_mode": "catmullrom"
						},
						"0.5": {
							"post": [0, 0.2, 0],
							"lerp_mode": "catmullrom"
						},
						"1.0": {
							"post": [0, 0, 0],
							"lerp_mode": "catmullrom"
						}
					}
				},
				"leftWing": {
					"rotation": {
						"0.0": {
							"post": [0, 0, -20],
							"lerp_mode": "catmullrom"
						},
						"0.5": {
							"post": [0, 0, 30],
							"lerp_mode": "catmullrom"
						},
						"1.0": {
							"post": [0, 0, -20],
							"lerp_mode": "catmullrom"
						}
					}
				},
				"bone": {
					"rotation": {
						"0.0": {
							"post": [0, 0, -20],
							"lerp_mode": "catmullrom"
						},
						"0.5": {
							"post": [0, 0, -5],
							"lerp_mode": "catmullrom"
						},
						"0.75": {
							"post": [0, 0, 20],
							"lerp_mode": "catmullrom"
						},
						"1.0": {
							"post": [0, 0, -20],
							"lerp_mode": "catmullrom"
						}
					}
				},
				"bone3": {
					"rotation": {
						"0.0": {
							"post": [0, 0, -30],
							"lerp_mode": "catmullrom"
						},
						"0.5": {
							"post": [0, 0, -30],
							"lerp_mode": "catmullrom"
						},
						"0.75": {
							"post": [0, 0, 30],
							"lerp_mode": "catmullrom"
						},
						"1.0": {
							"post": [0, 0, -30],
							"lerp_mode": "catmullrom"
						}
					}
				},
				"rightWing": {
					"rotation": {
						"0.0": {
							"post": [0, 0, 20],
							"lerp_mode": "catmullrom"
						},
						"0.5": {
							"post": [0, 0, -30],
							"lerp_mode": "catmullrom"
						},
						"1.0": {
							"post": [0, 0, 20],
							"lerp_mode": "catmullrom"
						}
					}
				},
				"bone5": {
					"rotation": {
						"0.0": {
							"post": [0, 0, 20],
							"lerp_mode": "catmullrom"
						},
						"0.5": {
							"post": [0, 0, 5],
							"lerp_mode": "catmullrom"
						},
						"0.75": {
							"post": [0, 0, -20],
							"lerp_mode": "catmullrom"
						},
						"1.0": {
							"post": [0, 0, 20],
							"lerp_mode": "catmullrom"
						}
					}
				},
				"bone6": {
					"rotation": {
						"0.0": {
							"post": [0, 0, 30],
							"lerp_mode": "catmullrom"
						},
						"0.5": {
							"post": [0, 0, 30],
							"lerp_mode": "catmullrom"
						},
						"0.75": {
							"post": [0, 0, -30],
							"lerp_mode": "catmullrom"
						},
						"1.0": {
							"post": [0, 0, 30],
							"lerp_mode": "catmullrom"
						}
					}
				},
				"beakTop": {
					"rotation": {
						"0.0": {
							"post": [0, 0, 0],
							"lerp_mode": "catmullrom"
						},
						"0.5": {
							"post": [0, 0, 0],
							"lerp_mode": "catmullrom"
						},
						"0.8333": {
							"post": [-2, 0, 0],
							"lerp_mode": "catmullrom"
						},
						"1.0": {
							"post": [0, 0, 0],
							"lerp_mode": "catmullrom"
						}
					}
				},
				"leftFoot": {
					"rotation": {
						"0.0": {
							"post": [45, -10, 0],
							"lerp_mode": "catmullrom"
						},
						"0.5": {
							"post": [40, -10, 0],
							"lerp_mode": "catmullrom"
						},
						"1.0": {
							"post": [45, -10, 0],
							"lerp_mode": "catmullrom"
						}
					},
					"position": [0, 0, 1]
				},
				"rightFoot": {
					"rotation": {
						"0.0": {
							"post": [45, 10, 0],
							"lerp_mode": "catmullrom"
						},
						"0.5": {
							"post": [40, 10, 0],
							"lerp_mode": "catmullrom"
						},
						"1.0": {
							"post": [45, 10, 0],
							"lerp_mode": "catmullrom"
						}
					},
					"position": [0, 0, 1]
				},
				"bone2": {
					"rotation": {
						"0.0": {
							"post": [0, 0, -20],
							"lerp_mode": "catmullrom"
						},
						"0.5": {
							"post": [0, 0, -5],
							"lerp_mode": "catmullrom"
						},
						"0.75": {
							"post": [0, 0, 20],
							"lerp_mode": "catmullrom"
						},
						"1.0": {
							"post": [0, 0, -20],
							"lerp_mode": "catmullrom"
						}
					}
				}
			}
		},
		"animation.pelipper.air_fly": {
			"loop": true,
			"bones": {
				"bone": {
					"rotation": [0, 0, -5]
				},
				"bone3": {
					"rotation": [0, 0, -7.5]
				},
				"bone5": {
					"rotation": [0, 0, 5]
				},
				"bone6": {
					"rotation": [0, 0, 7.5]
				},
				"leftFoot": {
					"rotation": [45, -10, 0],
					"position": [0, 0, 1]
				},
				"rightFoot": {
					"rotation": [45, 10, 0],
					"position": [0, 0, 1]
				},
				"bone2": {
					"rotation": [0, 0, -5]
				}
			}
		}
	}
}